ERROR - 2023-06-20 04:58:58 --> mysqli_sql_exception: Column 'email' cannot be null in /home/u834391968/domains/cgcolors.co/public_html/shopifypartialapp/system/Database/MySQLi/Connection.php:292
Stack trace:
#0 /home/u834391968/domains/cgcolors.co/public_html/shopifypartialapp/system/Database/MySQLi/Connection.php(292): mysqli->query('INSERT INTO `or...', 0)
#1 /home/u834391968/domains/cgcolors.co/public_html/shopifypartialapp/system/Database/BaseConnection.php(666): CodeIgniter\Database\MySQLi\Connection->execute('INSERT INTO `or...')
#2 /home/u834391968/domains/cgcolors.co/public_html/shopifypartialapp/system/Database/BaseConnection.php(593): CodeIgniter\Database\BaseConnection->simpleQuery('INSERT INTO `or...')
#3 /home/u834391968/domains/cgcolors.co/public_html/shopifypartialapp/system/Database/BaseBuilder.php(1916): CodeIgniter\Database\BaseConnection->query('INSERT INTO `or...', Array, false)
#4 /home/u834391968/domains/cgcolors.co/public_html/shopifypartialapp/app/Models/UserModel.php(201): CodeIgniter\Database\BaseBuilder->insert(Array)
#5 /home/u834391968/domains/cgcolors.co/public_html/shopifypartialapp/app/Controllers/Home.php(867): App\Models\UserModel->track_orders(Array, 'partialtestapp....')
#6 /home/u834391968/domains/cgcolors.co/public_html/shopifypartialapp/system/CodeIgniter.php(927): App\Controllers\Home->show_all_orders()
#7 /home/u834391968/domains/cgcolors.co/public_html/shopifypartialapp/system/CodeIgniter.php(482): CodeIgniter\CodeIgniter->runController(Object(App\Controllers\Home))
#8 /home/u834391968/domains/cgcolors.co/public_html/shopifypartialapp/system/CodeIgniter.php(351): CodeIgniter\CodeIgniter->handleRequest(NULL, Object(Config\Cache), false)
#9 /home/u834391968/domains/cgcolors.co/public_html/shopifypartialapp/public/index.php(67): CodeIgniter\CodeIgniter->run()
#10 {main}
ERROR - 2023-06-20 05:05:03 --> mysqli_sql_exception: Unknown column 'orders.Unfulfilled' in 'where clause' in /home/u834391968/domains/cgcolors.co/public_html/shopifypartialapp/system/Database/MySQLi/Connection.php:292
Stack trace:
#0 /home/u834391968/domains/cgcolors.co/public_html/shopifypartialapp/system/Database/MySQLi/Connection.php(292): mysqli->query('SELECT orders.*...', 0)
#1 /home/u834391968/domains/cgcolors.co/public_html/shopifypartialapp/system/Database/BaseConnection.php(666): CodeIgniter\Database\MySQLi\Connection->execute('SELECT orders.*...')
#2 /home/u834391968/domains/cgcolors.co/public_html/shopifypartialapp/system/Database/BaseConnection.php(593): CodeIgniter\Database\BaseConnection->simpleQuery('SELECT orders.*...')
#3 /home/u834391968/domains/cgcolors.co/public_html/shopifypartialapp/app/Models/UserModel.php(266): CodeIgniter\Database\BaseConnection->query('SELECT orders.*...', Array)
#4 /home/u834391968/domains/cgcolors.co/public_html/shopifypartialapp/app/Controllers/Home.php(946): App\Models\UserModel->get_products_orders('partialtestapp....', '1', '50')
#5 /home/u834391968/domains/cgcolors.co/public_html/shopifypartialapp/system/CodeIgniter.php(927): App\Controllers\Home->order_sync()
#6 /home/u834391968/domains/cgcolors.co/public_html/shopifypartialapp/system/CodeIgniter.php(482): CodeIgniter\CodeIgniter->runController(Object(App\Controllers\Home))
#7 /home/u834391968/domains/cgcolors.co/public_html/shopifypartialapp/system/CodeIgniter.php(351): CodeIgniter\CodeIgniter->handleRequest(NULL, Object(Config\Cache), false)
#8 /home/u834391968/domains/cgcolors.co/public_html/shopifypartialapp/public/index.php(67): CodeIgniter\CodeIgniter->run()
#9 {main}
CRITICAL - 2023-06-20 05:05:03 --> Call to a member function getResult() on bool
in APPPATH/Models/UserModel.php on line 269.
 1 APPPATH/Controllers/Home.php(946): App\Models\UserModel->get_products_orders('partialtestapp.myshopify.com', '1', '50')
 2 SYSTEMPATH/CodeIgniter.php(927): App\Controllers\Home->order_sync()
 3 SYSTEMPATH/CodeIgniter.php(482): CodeIgniter\CodeIgniter->runController(Object(App\Controllers\Home))
 4 SYSTEMPATH/CodeIgniter.php(351): CodeIgniter\CodeIgniter->handleRequest(null, Object(Config\Cache), false)
 5 FCPATH/index.php(67): CodeIgniter\CodeIgniter->run()
ERROR - 2023-06-20 05:12:53 --> mysqli_sql_exception: Unknown column 'orders.Unfulfilled' in 'where clause' in /home/u834391968/domains/cgcolors.co/public_html/shopifypartialapp/system/Database/MySQLi/Connection.php:292
Stack trace:
#0 /home/u834391968/domains/cgcolors.co/public_html/shopifypartialapp/system/Database/MySQLi/Connection.php(292): mysqli->query('SELECT orders.*...', 0)
#1 /home/u834391968/domains/cgcolors.co/public_html/shopifypartialapp/system/Database/BaseConnection.php(666): CodeIgniter\Database\MySQLi\Connection->execute('SELECT orders.*...')
#2 /home/u834391968/domains/cgcolors.co/public_html/shopifypartialapp/system/Database/BaseConnection.php(593): CodeIgniter\Database\BaseConnection->simpleQuery('SELECT orders.*...')
#3 /home/u834391968/domains/cgcolors.co/public_html/shopifypartialapp/app/Models/UserModel.php(266): CodeIgniter\Database\BaseConnection->query('SELECT orders.*...', Array)
#4 /home/u834391968/domains/cgcolors.co/public_html/shopifypartialapp/app/Controllers/Home.php(946): App\Models\UserModel->get_products_orders('partialtestapp....', '1', '50')
#5 /home/u834391968/domains/cgcolors.co/public_html/shopifypartialapp/system/CodeIgniter.php(927): App\Controllers\Home->order_sync()
#6 /home/u834391968/domains/cgcolors.co/public_html/shopifypartialapp/system/CodeIgniter.php(482): CodeIgniter\CodeIgniter->runController(Object(App\Controllers\Home))
#7 /home/u834391968/domains/cgcolors.co/public_html/shopifypartialapp/system/CodeIgniter.php(351): CodeIgniter\CodeIgniter->handleRequest(NULL, Object(Config\Cache), false)
#8 /home/u834391968/domains/cgcolors.co/public_html/shopifypartialapp/public/index.php(67): CodeIgniter\CodeIgniter->run()
#9 {main}
CRITICAL - 2023-06-20 05:12:53 --> Call to a member function getResult() on bool
in APPPATH/Models/UserModel.php on line 269.
 1 APPPATH/Controllers/Home.php(946): App\Models\UserModel->get_products_orders('partialtestapp.myshopify.com', '1', '50')
 2 SYSTEMPATH/CodeIgniter.php(927): App\Controllers\Home->order_sync()
 3 SYSTEMPATH/CodeIgniter.php(482): CodeIgniter\CodeIgniter->runController(Object(App\Controllers\Home))
 4 SYSTEMPATH/CodeIgniter.php(351): CodeIgniter\CodeIgniter->handleRequest(null, Object(Config\Cache), false)
 5 FCPATH/index.php(67): CodeIgniter\CodeIgniter->run()
ERROR - 2023-06-20 05:34:00 --> mysqli_sql_exception: Column 'email' cannot be null in /home/u834391968/domains/cgcolors.co/public_html/shopifypartialapp/system/Database/MySQLi/Connection.php:292
Stack trace:
#0 /home/u834391968/domains/cgcolors.co/public_html/shopifypartialapp/system/Database/MySQLi/Connection.php(292): mysqli->query('INSERT INTO `or...', 0)
#1 /home/u834391968/domains/cgcolors.co/public_html/shopifypartialapp/system/Database/BaseConnection.php(666): CodeIgniter\Database\MySQLi\Connection->execute('INSERT INTO `or...')
#2 /home/u834391968/domains/cgcolors.co/public_html/shopifypartialapp/system/Database/BaseConnection.php(593): CodeIgniter\Database\BaseConnection->simpleQuery('INSERT INTO `or...')
#3 /home/u834391968/domains/cgcolors.co/public_html/shopifypartialapp/system/Database/BaseBuilder.php(1916): CodeIgniter\Database\BaseConnection->query('INSERT INTO `or...', Array, false)
#4 /home/u834391968/domains/cgcolors.co/public_html/shopifypartialapp/app/Models/UserModel.php(201): CodeIgniter\Database\BaseBuilder->insert(Array)
#5 /home/u834391968/domains/cgcolors.co/public_html/shopifypartialapp/app/Controllers/Home.php(867): App\Models\UserModel->track_orders(Array, 'partialtestapp....')
#6 /home/u834391968/domains/cgcolors.co/public_html/shopifypartialapp/system/CodeIgniter.php(927): App\Controllers\Home->show_all_orders()
#7 /home/u834391968/domains/cgcolors.co/public_html/shopifypartialapp/system/CodeIgniter.php(482): CodeIgniter\CodeIgniter->runController(Object(App\Controllers\Home))
#8 /home/u834391968/domains/cgcolors.co/public_html/shopifypartialapp/system/CodeIgniter.php(351): CodeIgniter\CodeIgniter->handleRequest(NULL, Object(Config\Cache), false)
#9 /home/u834391968/domains/cgcolors.co/public_html/shopifypartialapp/public/index.php(67): CodeIgniter\CodeIgniter->run()
#10 {main}
ERROR - 2023-06-20 05:46:34 --> mysqli_sql_exception: Column 'email' cannot be null in /home/u834391968/domains/cgcolors.co/public_html/shopifypartialapp/system/Database/MySQLi/Connection.php:292
Stack trace:
#0 /home/u834391968/domains/cgcolors.co/public_html/shopifypartialapp/system/Database/MySQLi/Connection.php(292): mysqli->query('INSERT INTO `or...', 0)
#1 /home/u834391968/domains/cgcolors.co/public_html/shopifypartialapp/system/Database/BaseConnection.php(666): CodeIgniter\Database\MySQLi\Connection->execute('INSERT INTO `or...')
#2 /home/u834391968/domains/cgcolors.co/public_html/shopifypartialapp/system/Database/BaseConnection.php(593): CodeIgniter\Database\BaseConnection->simpleQuery('INSERT INTO `or...')
#3 /home/u834391968/domains/cgcolors.co/public_html/shopifypartialapp/system/Database/BaseBuilder.php(1916): CodeIgniter\Database\BaseConnection->query('INSERT INTO `or...', Array, false)
#4 /home/u834391968/domains/cgcolors.co/public_html/shopifypartialapp/app/Models/UserModel.php(201): CodeIgniter\Database\BaseBuilder->insert(Array)
#5 /home/u834391968/domains/cgcolors.co/public_html/shopifypartialapp/app/Controllers/Home.php(867): App\Models\UserModel->track_orders(Array, 'partialtestapp....')
#6 /home/u834391968/domains/cgcolors.co/public_html/shopifypartialapp/system/CodeIgniter.php(927): App\Controllers\Home->show_all_orders()
#7 /home/u834391968/domains/cgcolors.co/public_html/shopifypartialapp/system/CodeIgniter.php(482): CodeIgniter\CodeIgniter->runController(Object(App\Controllers\Home))
#8 /home/u834391968/domains/cgcolors.co/public_html/shopifypartialapp/system/CodeIgniter.php(351): CodeIgniter\CodeIgniter->handleRequest(NULL, Object(Config\Cache), false)
#9 /home/u834391968/domains/cgcolors.co/public_html/shopifypartialapp/public/index.php(67): CodeIgniter\CodeIgniter->run()
#10 {main}
ERROR - 2023-06-20 05:46:34 --> mysqli_sql_exception: Column 'email' cannot be null in /home/u834391968/domains/cgcolors.co/public_html/shopifypartialapp/system/Database/MySQLi/Connection.php:292
Stack trace:
#0 /home/u834391968/domains/cgcolors.co/public_html/shopifypartialapp/system/Database/MySQLi/Connection.php(292): mysqli->query('INSERT INTO `or...', 0)
#1 /home/u834391968/domains/cgcolors.co/public_html/shopifypartialapp/system/Database/BaseConnection.php(666): CodeIgniter\Database\MySQLi\Connection->execute('INSERT INTO `or...')
#2 /home/u834391968/domains/cgcolors.co/public_html/shopifypartialapp/system/Database/BaseConnection.php(593): CodeIgniter\Database\BaseConnection->simpleQuery('INSERT INTO `or...')
#3 /home/u834391968/domains/cgcolors.co/public_html/shopifypartialapp/system/Database/BaseBuilder.php(1916): CodeIgniter\Database\BaseConnection->query('INSERT INTO `or...', Array, false)
#4 /home/u834391968/domains/cgcolors.co/public_html/shopifypartialapp/app/Models/UserModel.php(201): CodeIgniter\Database\BaseBuilder->insert(Array)
#5 /home/u834391968/domains/cgcolors.co/public_html/shopifypartialapp/app/Controllers/Home.php(867): App\Models\UserModel->track_orders(Array, 'partialtestapp....')
#6 /home/u834391968/domains/cgcolors.co/public_html/shopifypartialapp/system/CodeIgniter.php(927): App\Controllers\Home->show_all_orders()
#7 /home/u834391968/domains/cgcolors.co/public_html/shopifypartialapp/system/CodeIgniter.php(482): CodeIgniter\CodeIgniter->runController(Object(App\Controllers\Home))
#8 /home/u834391968/domains/cgcolors.co/public_html/shopifypartialapp/system/CodeIgniter.php(351): CodeIgniter\CodeIgniter->handleRequest(NULL, Object(Config\Cache), false)
#9 /home/u834391968/domains/cgcolors.co/public_html/shopifypartialapp/public/index.php(67): CodeIgniter\CodeIgniter->run()
#10 {main}
ERROR - 2023-06-20 07:02:10 --> mysqli_sql_exception: Column 'email' cannot be null in /home/u834391968/domains/cgcolors.co/public_html/shopifypartialapp/system/Database/MySQLi/Connection.php:292
Stack trace:
#0 /home/u834391968/domains/cgcolors.co/public_html/shopifypartialapp/system/Database/MySQLi/Connection.php(292): mysqli->query('INSERT INTO `or...', 0)
#1 /home/u834391968/domains/cgcolors.co/public_html/shopifypartialapp/system/Database/BaseConnection.php(666): CodeIgniter\Database\MySQLi\Connection->execute('INSERT INTO `or...')
#2 /home/u834391968/domains/cgcolors.co/public_html/shopifypartialapp/system/Database/BaseConnection.php(593): CodeIgniter\Database\BaseConnection->simpleQuery('INSERT INTO `or...')
#3 /home/u834391968/domains/cgcolors.co/public_html/shopifypartialapp/system/Database/BaseBuilder.php(1916): CodeIgniter\Database\BaseConnection->query('INSERT INTO `or...', Array, false)
#4 /home/u834391968/domains/cgcolors.co/public_html/shopifypartialapp/app/Models/UserModel.php(201): CodeIgniter\Database\BaseBuilder->insert(Array)
#5 /home/u834391968/domains/cgcolors.co/public_html/shopifypartialapp/app/Controllers/Home.php(867): App\Models\UserModel->track_orders(Array, 'partialtestapp....')
#6 /home/u834391968/domains/cgcolors.co/public_html/shopifypartialapp/system/CodeIgniter.php(927): App\Controllers\Home->show_all_orders()
#7 /home/u834391968/domains/cgcolors.co/public_html/shopifypartialapp/system/CodeIgniter.php(482): CodeIgniter\CodeIgniter->runController(Object(App\Controllers\Home))
#8 /home/u834391968/domains/cgcolors.co/public_html/shopifypartialapp/system/CodeIgniter.php(351): CodeIgniter\CodeIgniter->handleRequest(NULL, Object(Config\Cache), false)
#9 /home/u834391968/domains/cgcolors.co/public_html/shopifypartialapp/public/index.php(67): CodeIgniter\CodeIgniter->run()
#10 {main}
ERROR - 2023-06-20 07:12:35 --> mysqli_sql_exception: Column 'email' cannot be null in /home/u834391968/domains/cgcolors.co/public_html/shopifypartialapp/system/Database/MySQLi/Connection.php:292
Stack trace:
#0 /home/u834391968/domains/cgcolors.co/public_html/shopifypartialapp/system/Database/MySQLi/Connection.php(292): mysqli->query('INSERT INTO `or...', 0)
#1 /home/u834391968/domains/cgcolors.co/public_html/shopifypartialapp/system/Database/BaseConnection.php(666): CodeIgniter\Database\MySQLi\Connection->execute('INSERT INTO `or...')
#2 /home/u834391968/domains/cgcolors.co/public_html/shopifypartialapp/system/Database/BaseConnection.php(593): CodeIgniter\Database\BaseConnection->simpleQuery('INSERT INTO `or...')
#3 /home/u834391968/domains/cgcolors.co/public_html/shopifypartialapp/system/Database/BaseBuilder.php(1916): CodeIgniter\Database\BaseConnection->query('INSERT INTO `or...', Array, false)
#4 /home/u834391968/domains/cgcolors.co/public_html/shopifypartialapp/app/Models/UserModel.php(201): CodeIgniter\Database\BaseBuilder->insert(Array)
#5 /home/u834391968/domains/cgcolors.co/public_html/shopifypartialapp/app/Controllers/Home.php(867): App\Models\UserModel->track_orders(Array, 'partialtestapp....')
#6 /home/u834391968/domains/cgcolors.co/public_html/shopifypartialapp/system/CodeIgniter.php(927): App\Controllers\Home->show_all_orders()
#7 /home/u834391968/domains/cgcolors.co/public_html/shopifypartialapp/system/CodeIgniter.php(482): CodeIgniter\CodeIgniter->runController(Object(App\Controllers\Home))
#8 /home/u834391968/domains/cgcolors.co/public_html/shopifypartialapp/system/CodeIgniter.php(351): CodeIgniter\CodeIgniter->handleRequest(NULL, Object(Config\Cache), false)
#9 /home/u834391968/domains/cgcolors.co/public_html/shopifypartialapp/public/index.php(67): CodeIgniter\CodeIgniter->run()
#10 {main}
ERROR - 2023-06-20 07:15:27 --> mysqli_sql_exception: Column 'email' cannot be null in /home/u834391968/domains/cgcolors.co/public_html/shopifypartialapp/system/Database/MySQLi/Connection.php:292
Stack trace:
#0 /home/u834391968/domains/cgcolors.co/public_html/shopifypartialapp/system/Database/MySQLi/Connection.php(292): mysqli->query('INSERT INTO `or...', 0)
#1 /home/u834391968/domains/cgcolors.co/public_html/shopifypartialapp/system/Database/BaseConnection.php(666): CodeIgniter\Database\MySQLi\Connection->execute('INSERT INTO `or...')
#2 /home/u834391968/domains/cgcolors.co/public_html/shopifypartialapp/system/Database/BaseConnection.php(593): CodeIgniter\Database\BaseConnection->simpleQuery('INSERT INTO `or...')
#3 /home/u834391968/domains/cgcolors.co/public_html/shopifypartialapp/system/Database/BaseBuilder.php(1916): CodeIgniter\Database\BaseConnection->query('INSERT INTO `or...', Array, false)
#4 /home/u834391968/domains/cgcolors.co/public_html/shopifypartialapp/app/Models/UserModel.php(201): CodeIgniter\Database\BaseBuilder->insert(Array)
#5 /home/u834391968/domains/cgcolors.co/public_html/shopifypartialapp/app/Controllers/Home.php(867): App\Models\UserModel->track_orders(Array, 'partialtestapp....')
#6 /home/u834391968/domains/cgcolors.co/public_html/shopifypartialapp/system/CodeIgniter.php(927): App\Controllers\Home->show_all_orders()
#7 /home/u834391968/domains/cgcolors.co/public_html/shopifypartialapp/system/CodeIgniter.php(482): CodeIgniter\CodeIgniter->runController(Object(App\Controllers\Home))
#8 /home/u834391968/domains/cgcolors.co/public_html/shopifypartialapp/system/CodeIgniter.php(351): CodeIgniter\CodeIgniter->handleRequest(NULL, Object(Config\Cache), false)
#9 /home/u834391968/domains/cgcolors.co/public_html/shopifypartialapp/public/index.php(67): CodeIgniter\CodeIgniter->run()
#10 {main}
ERROR - 2023-06-20 07:15:48 --> mysqli_sql_exception: Column 'email' cannot be null in /home/u834391968/domains/cgcolors.co/public_html/shopifypartialapp/system/Database/MySQLi/Connection.php:292
Stack trace:
#0 /home/u834391968/domains/cgcolors.co/public_html/shopifypartialapp/system/Database/MySQLi/Connection.php(292): mysqli->query('INSERT INTO `or...', 0)
#1 /home/u834391968/domains/cgcolors.co/public_html/shopifypartialapp/system/Database/BaseConnection.php(666): CodeIgniter\Database\MySQLi\Connection->execute('INSERT INTO `or...')
#2 /home/u834391968/domains/cgcolors.co/public_html/shopifypartialapp/system/Database/BaseConnection.php(593): CodeIgniter\Database\BaseConnection->simpleQuery('INSERT INTO `or...')
#3 /home/u834391968/domains/cgcolors.co/public_html/shopifypartialapp/system/Database/BaseBuilder.php(1916): CodeIgniter\Database\BaseConnection->query('INSERT INTO `or...', Array, false)
#4 /home/u834391968/domains/cgcolors.co/public_html/shopifypartialapp/app/Models/UserModel.php(201): CodeIgniter\Database\BaseBuilder->insert(Array)
#5 /home/u834391968/domains/cgcolors.co/public_html/shopifypartialapp/app/Controllers/Home.php(867): App\Models\UserModel->track_orders(Array, 'partialtestapp....')
#6 /home/u834391968/domains/cgcolors.co/public_html/shopifypartialapp/system/CodeIgniter.php(927): App\Controllers\Home->show_all_orders()
#7 /home/u834391968/domains/cgcolors.co/public_html/shopifypartialapp/system/CodeIgniter.php(482): CodeIgniter\CodeIgniter->runController(Object(App\Controllers\Home))
#8 /home/u834391968/domains/cgcolors.co/public_html/shopifypartialapp/system/CodeIgniter.php(351): CodeIgniter\CodeIgniter->handleRequest(NULL, Object(Config\Cache), false)
#9 /home/u834391968/domains/cgcolors.co/public_html/shopifypartialapp/public/index.php(67): CodeIgniter\CodeIgniter->run()
#10 {main}
ERROR - 2023-06-20 07:19:55 --> mysqli_sql_exception: Column 'email' cannot be null in /home/u834391968/domains/cgcolors.co/public_html/shopifypartialapp/system/Database/MySQLi/Connection.php:292
Stack trace:
#0 /home/u834391968/domains/cgcolors.co/public_html/shopifypartialapp/system/Database/MySQLi/Connection.php(292): mysqli->query('INSERT INTO `or...', 0)
#1 /home/u834391968/domains/cgcolors.co/public_html/shopifypartialapp/system/Database/BaseConnection.php(666): CodeIgniter\Database\MySQLi\Connection->execute('INSERT INTO `or...')
#2 /home/u834391968/domains/cgcolors.co/public_html/shopifypartialapp/system/Database/BaseConnection.php(593): CodeIgniter\Database\BaseConnection->simpleQuery('INSERT INTO `or...')
#3 /home/u834391968/domains/cgcolors.co/public_html/shopifypartialapp/system/Database/BaseBuilder.php(1916): CodeIgniter\Database\BaseConnection->query('INSERT INTO `or...', Array, false)
#4 /home/u834391968/domains/cgcolors.co/public_html/shopifypartialapp/app/Models/UserModel.php(201): CodeIgniter\Database\BaseBuilder->insert(Array)
#5 /home/u834391968/domains/cgcolors.co/public_html/shopifypartialapp/app/Controllers/Home.php(867): App\Models\UserModel->track_orders(Array, 'partialtestapp....')
#6 /home/u834391968/domains/cgcolors.co/public_html/shopifypartialapp/system/CodeIgniter.php(927): App\Controllers\Home->show_all_orders()
#7 /home/u834391968/domains/cgcolors.co/public_html/shopifypartialapp/system/CodeIgniter.php(482): CodeIgniter\CodeIgniter->runController(Object(App\Controllers\Home))
#8 /home/u834391968/domains/cgcolors.co/public_html/shopifypartialapp/system/CodeIgniter.php(351): CodeIgniter\CodeIgniter->handleRequest(NULL, Object(Config\Cache), false)
#9 /home/u834391968/domains/cgcolors.co/public_html/shopifypartialapp/public/index.php(67): CodeIgniter\CodeIgniter->run()
#10 {main}
ERROR - 2023-06-20 07:19:55 --> mysqli_sql_exception: Column 'email' cannot be null in /home/u834391968/domains/cgcolors.co/public_html/shopifypartialapp/system/Database/MySQLi/Connection.php:292
Stack trace:
#0 /home/u834391968/domains/cgcolors.co/public_html/shopifypartialapp/system/Database/MySQLi/Connection.php(292): mysqli->query('INSERT INTO `or...', 0)
#1 /home/u834391968/domains/cgcolors.co/public_html/shopifypartialapp/system/Database/BaseConnection.php(666): CodeIgniter\Database\MySQLi\Connection->execute('INSERT INTO `or...')
#2 /home/u834391968/domains/cgcolors.co/public_html/shopifypartialapp/system/Database/BaseConnection.php(593): CodeIgniter\Database\BaseConnection->simpleQuery('INSERT INTO `or...')
#3 /home/u834391968/domains/cgcolors.co/public_html/shopifypartialapp/system/Database/BaseBuilder.php(1916): CodeIgniter\Database\BaseConnection->query('INSERT INTO `or...', Array, false)
#4 /home/u834391968/domains/cgcolors.co/public_html/shopifypartialapp/app/Models/UserModel.php(201): CodeIgniter\Database\BaseBuilder->insert(Array)
#5 /home/u834391968/domains/cgcolors.co/public_html/shopifypartialapp/app/Controllers/Home.php(867): App\Models\UserModel->track_orders(Array, 'partialtestapp....')
#6 /home/u834391968/domains/cgcolors.co/public_html/shopifypartialapp/system/CodeIgniter.php(927): App\Controllers\Home->show_all_orders()
#7 /home/u834391968/domains/cgcolors.co/public_html/shopifypartialapp/system/CodeIgniter.php(482): CodeIgniter\CodeIgniter->runController(Object(App\Controllers\Home))
#8 /home/u834391968/domains/cgcolors.co/public_html/shopifypartialapp/system/CodeIgniter.php(351): CodeIgniter\CodeIgniter->handleRequest(NULL, Object(Config\Cache), false)
#9 /home/u834391968/domains/cgcolors.co/public_html/shopifypartialapp/public/index.php(67): CodeIgniter\CodeIgniter->run()
#10 {main}
CRITICAL - 2023-06-20 07:24:17 --> Object of class stdClass could not be converted to string
in APPPATH/Controllers/AppwhookController.php on line 164.
 1 SYSTEMPATH/CodeIgniter.php(927): App\Controllers\AppwhookController->auto_ordersync()
 2 SYSTEMPATH/CodeIgniter.php(482): CodeIgniter\CodeIgniter->runController(Object(App\Controllers\AppwhookController))
 3 SYSTEMPATH/CodeIgniter.php(351): CodeIgniter\CodeIgniter->handleRequest(null, Object(Config\Cache), false)
 4 FCPATH/index.php(67): CodeIgniter\CodeIgniter->run()
CRITICAL - 2023-06-20 07:25:20 --> Object of class stdClass could not be converted to string
in APPPATH/Controllers/AppwhookController.php on line 164.
 1 SYSTEMPATH/CodeIgniter.php(927): App\Controllers\AppwhookController->auto_ordersync()
 2 SYSTEMPATH/CodeIgniter.php(482): CodeIgniter\CodeIgniter->runController(Object(App\Controllers\AppwhookController))
 3 SYSTEMPATH/CodeIgniter.php(351): CodeIgniter\CodeIgniter->handleRequest(null, Object(Config\Cache), false)
 4 FCPATH/index.php(67): CodeIgniter\CodeIgniter->run()
ERROR - 2023-06-20 07:28:04 --> mysqli_sql_exception: Column 'email' cannot be null in /home/u834391968/domains/cgcolors.co/public_html/shopifypartialapp/system/Database/MySQLi/Connection.php:292
Stack trace:
#0 /home/u834391968/domains/cgcolors.co/public_html/shopifypartialapp/system/Database/MySQLi/Connection.php(292): mysqli->query('INSERT INTO `or...', 0)
#1 /home/u834391968/domains/cgcolors.co/public_html/shopifypartialapp/system/Database/BaseConnection.php(666): CodeIgniter\Database\MySQLi\Connection->execute('INSERT INTO `or...')
#2 /home/u834391968/domains/cgcolors.co/public_html/shopifypartialapp/system/Database/BaseConnection.php(593): CodeIgniter\Database\BaseConnection->simpleQuery('INSERT INTO `or...')
#3 /home/u834391968/domains/cgcolors.co/public_html/shopifypartialapp/system/Database/BaseBuilder.php(1916): CodeIgniter\Database\BaseConnection->query('INSERT INTO `or...', Array, false)
#4 /home/u834391968/domains/cgcolors.co/public_html/shopifypartialapp/app/Models/UserModel.php(201): CodeIgniter\Database\BaseBuilder->insert(Array)
#5 /home/u834391968/domains/cgcolors.co/public_html/shopifypartialapp/app/Controllers/Home.php(867): App\Models\UserModel->track_orders(Array, 'partialtestapp....')
#6 /home/u834391968/domains/cgcolors.co/public_html/shopifypartialapp/system/CodeIgniter.php(927): App\Controllers\Home->show_all_orders()
#7 /home/u834391968/domains/cgcolors.co/public_html/shopifypartialapp/system/CodeIgniter.php(482): CodeIgniter\CodeIgniter->runController(Object(App\Controllers\Home))
#8 /home/u834391968/domains/cgcolors.co/public_html/shopifypartialapp/system/CodeIgniter.php(351): CodeIgniter\CodeIgniter->handleRequest(NULL, Object(Config\Cache), false)
#9 /home/u834391968/domains/cgcolors.co/public_html/shopifypartialapp/public/index.php(67): CodeIgniter\CodeIgniter->run()
#10 {main}
ERROR - 2023-06-20 07:30:09 --> mysqli_sql_exception: Column 'email' cannot be null in /home/u834391968/domains/cgcolors.co/public_html/shopifypartialapp/system/Database/MySQLi/Connection.php:292
Stack trace:
#0 /home/u834391968/domains/cgcolors.co/public_html/shopifypartialapp/system/Database/MySQLi/Connection.php(292): mysqli->query('INSERT INTO `or...', 0)
#1 /home/u834391968/domains/cgcolors.co/public_html/shopifypartialapp/system/Database/BaseConnection.php(666): CodeIgniter\Database\MySQLi\Connection->execute('INSERT INTO `or...')
#2 /home/u834391968/domains/cgcolors.co/public_html/shopifypartialapp/system/Database/BaseConnection.php(593): CodeIgniter\Database\BaseConnection->simpleQuery('INSERT INTO `or...')
#3 /home/u834391968/domains/cgcolors.co/public_html/shopifypartialapp/system/Database/BaseBuilder.php(1916): CodeIgniter\Database\BaseConnection->query('INSERT INTO `or...', Array, false)
#4 /home/u834391968/domains/cgcolors.co/public_html/shopifypartialapp/app/Models/UserModel.php(201): CodeIgniter\Database\BaseBuilder->insert(Array)
#5 /home/u834391968/domains/cgcolors.co/public_html/shopifypartialapp/app/Controllers/Home.php(867): App\Models\UserModel->track_orders(Array, 'partialtestapp....')
#6 /home/u834391968/domains/cgcolors.co/public_html/shopifypartialapp/system/CodeIgniter.php(927): App\Controllers\Home->show_all_orders()
#7 /home/u834391968/domains/cgcolors.co/public_html/shopifypartialapp/system/CodeIgniter.php(482): CodeIgniter\CodeIgniter->runController(Object(App\Controllers\Home))
#8 /home/u834391968/domains/cgcolors.co/public_html/shopifypartialapp/system/CodeIgniter.php(351): CodeIgniter\CodeIgniter->handleRequest(NULL, Object(Config\Cache), false)
#9 /home/u834391968/domains/cgcolors.co/public_html/shopifypartialapp/public/index.php(67): CodeIgniter\CodeIgniter->run()
#10 {main}
ERROR - 2023-06-20 07:31:14 --> mysqli_sql_exception: Column 'email' cannot be null in /home/u834391968/domains/cgcolors.co/public_html/shopifypartialapp/system/Database/MySQLi/Connection.php:292
Stack trace:
#0 /home/u834391968/domains/cgcolors.co/public_html/shopifypartialapp/system/Database/MySQLi/Connection.php(292): mysqli->query('INSERT INTO `or...', 0)
#1 /home/u834391968/domains/cgcolors.co/public_html/shopifypartialapp/system/Database/BaseConnection.php(666): CodeIgniter\Database\MySQLi\Connection->execute('INSERT INTO `or...')
#2 /home/u834391968/domains/cgcolors.co/public_html/shopifypartialapp/system/Database/BaseConnection.php(593): CodeIgniter\Database\BaseConnection->simpleQuery('INSERT INTO `or...')
#3 /home/u834391968/domains/cgcolors.co/public_html/shopifypartialapp/system/Database/BaseBuilder.php(1916): CodeIgniter\Database\BaseConnection->query('INSERT INTO `or...', Array, false)
#4 /home/u834391968/domains/cgcolors.co/public_html/shopifypartialapp/app/Models/UserModel.php(201): CodeIgniter\Database\BaseBuilder->insert(Array)
#5 /home/u834391968/domains/cgcolors.co/public_html/shopifypartialapp/app/Controllers/Home.php(867): App\Models\UserModel->track_orders(Array, 'partialtestapp....')
#6 /home/u834391968/domains/cgcolors.co/public_html/shopifypartialapp/system/CodeIgniter.php(927): App\Controllers\Home->show_all_orders()
#7 /home/u834391968/domains/cgcolors.co/public_html/shopifypartialapp/system/CodeIgniter.php(482): CodeIgniter\CodeIgniter->runController(Object(App\Controllers\Home))
#8 /home/u834391968/domains/cgcolors.co/public_html/shopifypartialapp/system/CodeIgniter.php(351): CodeIgniter\CodeIgniter->handleRequest(NULL, Object(Config\Cache), false)
#9 /home/u834391968/domains/cgcolors.co/public_html/shopifypartialapp/public/index.php(67): CodeIgniter\CodeIgniter->run()
#10 {main}
ERROR - 2023-06-20 07:37:40 --> mysqli_sql_exception: Column 'email' cannot be null in /home/u834391968/domains/cgcolors.co/public_html/shopifypartialapp/system/Database/MySQLi/Connection.php:292
Stack trace:
#0 /home/u834391968/domains/cgcolors.co/public_html/shopifypartialapp/system/Database/MySQLi/Connection.php(292): mysqli->query('INSERT INTO `or...', 0)
#1 /home/u834391968/domains/cgcolors.co/public_html/shopifypartialapp/system/Database/BaseConnection.php(666): CodeIgniter\Database\MySQLi\Connection->execute('INSERT INTO `or...')
#2 /home/u834391968/domains/cgcolors.co/public_html/shopifypartialapp/system/Database/BaseConnection.php(593): CodeIgniter\Database\BaseConnection->simpleQuery('INSERT INTO `or...')
#3 /home/u834391968/domains/cgcolors.co/public_html/shopifypartialapp/system/Database/BaseBuilder.php(1916): CodeIgniter\Database\BaseConnection->query('INSERT INTO `or...', Array, false)
#4 /home/u834391968/domains/cgcolors.co/public_html/shopifypartialapp/app/Models/UserModel.php(201): CodeIgniter\Database\BaseBuilder->insert(Array)
#5 /home/u834391968/domains/cgcolors.co/public_html/shopifypartialapp/app/Controllers/Home.php(867): App\Models\UserModel->track_orders(Array, 'partialtestapp....')
#6 /home/u834391968/domains/cgcolors.co/public_html/shopifypartialapp/system/CodeIgniter.php(927): App\Controllers\Home->show_all_orders()
#7 /home/u834391968/domains/cgcolors.co/public_html/shopifypartialapp/system/CodeIgniter.php(482): CodeIgniter\CodeIgniter->runController(Object(App\Controllers\Home))
#8 /home/u834391968/domains/cgcolors.co/public_html/shopifypartialapp/system/CodeIgniter.php(351): CodeIgniter\CodeIgniter->handleRequest(NULL, Object(Config\Cache), false)
#9 /home/u834391968/domains/cgcolors.co/public_html/shopifypartialapp/public/index.php(67): CodeIgniter\CodeIgniter->run()
#10 {main}
ERROR - 2023-06-20 07:41:20 --> mysqli_sql_exception: Column 'email' cannot be null in /home/u834391968/domains/cgcolors.co/public_html/shopifypartialapp/system/Database/MySQLi/Connection.php:292
Stack trace:
#0 /home/u834391968/domains/cgcolors.co/public_html/shopifypartialapp/system/Database/MySQLi/Connection.php(292): mysqli->query('INSERT INTO `or...', 0)
#1 /home/u834391968/domains/cgcolors.co/public_html/shopifypartialapp/system/Database/BaseConnection.php(666): CodeIgniter\Database\MySQLi\Connection->execute('INSERT INTO `or...')
#2 /home/u834391968/domains/cgcolors.co/public_html/shopifypartialapp/system/Database/BaseConnection.php(593): CodeIgniter\Database\BaseConnection->simpleQuery('INSERT INTO `or...')
#3 /home/u834391968/domains/cgcolors.co/public_html/shopifypartialapp/system/Database/BaseBuilder.php(1916): CodeIgniter\Database\BaseConnection->query('INSERT INTO `or...', Array, false)
#4 /home/u834391968/domains/cgcolors.co/public_html/shopifypartialapp/app/Models/UserModel.php(201): CodeIgniter\Database\BaseBuilder->insert(Array)
#5 /home/u834391968/domains/cgcolors.co/public_html/shopifypartialapp/app/Controllers/Home.php(867): App\Models\UserModel->track_orders(Array, 'partialtestapp....')
#6 /home/u834391968/domains/cgcolors.co/public_html/shopifypartialapp/system/CodeIgniter.php(927): App\Controllers\Home->show_all_orders()
#7 /home/u834391968/domains/cgcolors.co/public_html/shopifypartialapp/system/CodeIgniter.php(482): CodeIgniter\CodeIgniter->runController(Object(App\Controllers\Home))
#8 /home/u834391968/domains/cgcolors.co/public_html/shopifypartialapp/system/CodeIgniter.php(351): CodeIgniter\CodeIgniter->handleRequest(NULL, Object(Config\Cache), false)
#9 /home/u834391968/domains/cgcolors.co/public_html/shopifypartialapp/public/index.php(67): CodeIgniter\CodeIgniter->run()
#10 {main}
ERROR - 2023-06-20 07:42:39 --> mysqli_sql_exception: Column 'email' cannot be null in /home/u834391968/domains/cgcolors.co/public_html/shopifypartialapp/system/Database/MySQLi/Connection.php:292
Stack trace:
#0 /home/u834391968/domains/cgcolors.co/public_html/shopifypartialapp/system/Database/MySQLi/Connection.php(292): mysqli->query('INSERT INTO `or...', 0)
#1 /home/u834391968/domains/cgcolors.co/public_html/shopifypartialapp/system/Database/BaseConnection.php(666): CodeIgniter\Database\MySQLi\Connection->execute('INSERT INTO `or...')
#2 /home/u834391968/domains/cgcolors.co/public_html/shopifypartialapp/system/Database/BaseConnection.php(593): CodeIgniter\Database\BaseConnection->simpleQuery('INSERT INTO `or...')
#3 /home/u834391968/domains/cgcolors.co/public_html/shopifypartialapp/system/Database/BaseBuilder.php(1916): CodeIgniter\Database\BaseConnection->query('INSERT INTO `or...', Array, false)
#4 /home/u834391968/domains/cgcolors.co/public_html/shopifypartialapp/app/Models/UserModel.php(201): CodeIgniter\Database\BaseBuilder->insert(Array)
#5 /home/u834391968/domains/cgcolors.co/public_html/shopifypartialapp/app/Controllers/Home.php(867): App\Models\UserModel->track_orders(Array, 'partialtestapp....')
#6 /home/u834391968/domains/cgcolors.co/public_html/shopifypartialapp/system/CodeIgniter.php(927): App\Controllers\Home->show_all_orders()
#7 /home/u834391968/domains/cgcolors.co/public_html/shopifypartialapp/system/CodeIgniter.php(482): CodeIgniter\CodeIgniter->runController(Object(App\Controllers\Home))
#8 /home/u834391968/domains/cgcolors.co/public_html/shopifypartialapp/system/CodeIgniter.php(351): CodeIgniter\CodeIgniter->handleRequest(NULL, Object(Config\Cache), false)
#9 /home/u834391968/domains/cgcolors.co/public_html/shopifypartialapp/public/index.php(67): CodeIgniter\CodeIgniter->run()
#10 {main}
ERROR - 2023-06-20 07:42:39 --> mysqli_sql_exception: Column 'email' cannot be null in /home/u834391968/domains/cgcolors.co/public_html/shopifypartialapp/system/Database/MySQLi/Connection.php:292
Stack trace:
#0 /home/u834391968/domains/cgcolors.co/public_html/shopifypartialapp/system/Database/MySQLi/Connection.php(292): mysqli->query('INSERT INTO `or...', 0)
#1 /home/u834391968/domains/cgcolors.co/public_html/shopifypartialapp/system/Database/BaseConnection.php(666): CodeIgniter\Database\MySQLi\Connection->execute('INSERT INTO `or...')
#2 /home/u834391968/domains/cgcolors.co/public_html/shopifypartialapp/system/Database/BaseConnection.php(593): CodeIgniter\Database\BaseConnection->simpleQuery('INSERT INTO `or...')
#3 /home/u834391968/domains/cgcolors.co/public_html/shopifypartialapp/system/Database/BaseBuilder.php(1916): CodeIgniter\Database\BaseConnection->query('INSERT INTO `or...', Array, false)
#4 /home/u834391968/domains/cgcolors.co/public_html/shopifypartialapp/app/Models/UserModel.php(201): CodeIgniter\Database\BaseBuilder->insert(Array)
#5 /home/u834391968/domains/cgcolors.co/public_html/shopifypartialapp/app/Controllers/Home.php(867): App\Models\UserModel->track_orders(Array, 'partialtestapp....')
#6 /home/u834391968/domains/cgcolors.co/public_html/shopifypartialapp/system/CodeIgniter.php(927): App\Controllers\Home->show_all_orders()
#7 /home/u834391968/domains/cgcolors.co/public_html/shopifypartialapp/system/CodeIgniter.php(482): CodeIgniter\CodeIgniter->runController(Object(App\Controllers\Home))
#8 /home/u834391968/domains/cgcolors.co/public_html/shopifypartialapp/system/CodeIgniter.php(351): CodeIgniter\CodeIgniter->handleRequest(NULL, Object(Config\Cache), false)
#9 /home/u834391968/domains/cgcolors.co/public_html/shopifypartialapp/public/index.php(67): CodeIgniter\CodeIgniter->run()
#10 {main}
ERROR - 2023-06-20 07:47:10 --> mysqli_sql_exception: Column 'email' cannot be null in /home/u834391968/domains/cgcolors.co/public_html/shopifypartialapp/system/Database/MySQLi/Connection.php:292
Stack trace:
#0 /home/u834391968/domains/cgcolors.co/public_html/shopifypartialapp/system/Database/MySQLi/Connection.php(292): mysqli->query('INSERT INTO `or...', 0)
#1 /home/u834391968/domains/cgcolors.co/public_html/shopifypartialapp/system/Database/BaseConnection.php(666): CodeIgniter\Database\MySQLi\Connection->execute('INSERT INTO `or...')
#2 /home/u834391968/domains/cgcolors.co/public_html/shopifypartialapp/system/Database/BaseConnection.php(593): CodeIgniter\Database\BaseConnection->simpleQuery('INSERT INTO `or...')
#3 /home/u834391968/domains/cgcolors.co/public_html/shopifypartialapp/system/Database/BaseBuilder.php(1916): CodeIgniter\Database\BaseConnection->query('INSERT INTO `or...', Array, false)
#4 /home/u834391968/domains/cgcolors.co/public_html/shopifypartialapp/app/Models/UserModel.php(201): CodeIgniter\Database\BaseBuilder->insert(Array)
#5 /home/u834391968/domains/cgcolors.co/public_html/shopifypartialapp/app/Controllers/Home.php(867): App\Models\UserModel->track_orders(Array, 'partialtestapp....')
#6 /home/u834391968/domains/cgcolors.co/public_html/shopifypartialapp/system/CodeIgniter.php(927): App\Controllers\Home->show_all_orders()
#7 /home/u834391968/domains/cgcolors.co/public_html/shopifypartialapp/system/CodeIgniter.php(482): CodeIgniter\CodeIgniter->runController(Object(App\Controllers\Home))
#8 /home/u834391968/domains/cgcolors.co/public_html/shopifypartialapp/system/CodeIgniter.php(351): CodeIgniter\CodeIgniter->handleRequest(NULL, Object(Config\Cache), false)
#9 /home/u834391968/domains/cgcolors.co/public_html/shopifypartialapp/public/index.php(67): CodeIgniter\CodeIgniter->run()
#10 {main}
CRITICAL - 2023-06-20 07:47:10 --> Invalid argument supplied for foreach()
in APPPATH/Views/all_orders.php on line 85.
 1 APPPATH/Views/all_orders.php(85): CodeIgniter\Debug\Exceptions->errorHandler(2, 'Invalid argument supplied for foreach()', 'APPPATH/Views/all_orders.php', 85, [...])
 2 SYSTEMPATH/View/View.php(213): include('APPPATH/Views/all_orders.php')
 3 SYSTEMPATH/View/View.php(216): CodeIgniter\View\View->CodeIgniter\View\{closure}()
 4 SYSTEMPATH/Common.php(1134): CodeIgniter\View\View->render('all_orders', [], true)
 5 APPPATH/Controllers/Home.php(927): view('all_orders', [...])
 6 SYSTEMPATH/CodeIgniter.php(927): App\Controllers\Home->show_all_orders()
 7 SYSTEMPATH/CodeIgniter.php(482): CodeIgniter\CodeIgniter->runController(Object(App\Controllers\Home))
 8 SYSTEMPATH/CodeIgniter.php(351): CodeIgniter\CodeIgniter->handleRequest(null, Object(Config\Cache), false)
 9 FCPATH/index.php(67): CodeIgniter\CodeIgniter->run()
ERROR - 2023-06-20 07:48:53 --> mysqli_sql_exception: Column 'email' cannot be null in /home/u834391968/domains/cgcolors.co/public_html/shopifypartialapp/system/Database/MySQLi/Connection.php:292
Stack trace:
#0 /home/u834391968/domains/cgcolors.co/public_html/shopifypartialapp/system/Database/MySQLi/Connection.php(292): mysqli->query('INSERT INTO `or...', 0)
#1 /home/u834391968/domains/cgcolors.co/public_html/shopifypartialapp/system/Database/BaseConnection.php(666): CodeIgniter\Database\MySQLi\Connection->execute('INSERT INTO `or...')
#2 /home/u834391968/domains/cgcolors.co/public_html/shopifypartialapp/system/Database/BaseConnection.php(593): CodeIgniter\Database\BaseConnection->simpleQuery('INSERT INTO `or...')
#3 /home/u834391968/domains/cgcolors.co/public_html/shopifypartialapp/system/Database/BaseBuilder.php(1916): CodeIgniter\Database\BaseConnection->query('INSERT INTO `or...', Array, false)
#4 /home/u834391968/domains/cgcolors.co/public_html/shopifypartialapp/app/Models/UserModel.php(201): CodeIgniter\Database\BaseBuilder->insert(Array)
#5 /home/u834391968/domains/cgcolors.co/public_html/shopifypartialapp/app/Controllers/Home.php(867): App\Models\UserModel->track_orders(Array, 'partialtestapp....')
#6 /home/u834391968/domains/cgcolors.co/public_html/shopifypartialapp/system/CodeIgniter.php(927): App\Controllers\Home->show_all_orders()
#7 /home/u834391968/domains/cgcolors.co/public_html/shopifypartialapp/system/CodeIgniter.php(482): CodeIgniter\CodeIgniter->runController(Object(App\Controllers\Home))
#8 /home/u834391968/domains/cgcolors.co/public_html/shopifypartialapp/system/CodeIgniter.php(351): CodeIgniter\CodeIgniter->handleRequest(NULL, Object(Config\Cache), false)
#9 /home/u834391968/domains/cgcolors.co/public_html/shopifypartialapp/public/index.php(67): CodeIgniter\CodeIgniter->run()
#10 {main}
CRITICAL - 2023-06-20 07:48:53 --> Invalid argument supplied for foreach()
in APPPATH/Views/all_orders.php on line 85.
 1 APPPATH/Views/all_orders.php(85): CodeIgniter\Debug\Exceptions->errorHandler(2, 'Invalid argument supplied for foreach()', 'APPPATH/Views/all_orders.php', 85, [...])
 2 SYSTEMPATH/View/View.php(213): include('APPPATH/Views/all_orders.php')
 3 SYSTEMPATH/View/View.php(216): CodeIgniter\View\View->CodeIgniter\View\{closure}()
 4 SYSTEMPATH/Common.php(1134): CodeIgniter\View\View->render('all_orders', [], true)
 5 APPPATH/Controllers/Home.php(927): view('all_orders', [...])
 6 SYSTEMPATH/CodeIgniter.php(927): App\Controllers\Home->show_all_orders()
 7 SYSTEMPATH/CodeIgniter.php(482): CodeIgniter\CodeIgniter->runController(Object(App\Controllers\Home))
 8 SYSTEMPATH/CodeIgniter.php(351): CodeIgniter\CodeIgniter->handleRequest(null, Object(Config\Cache), false)
 9 FCPATH/index.php(67): CodeIgniter\CodeIgniter->run()
ERROR - 2023-06-20 07:49:57 --> mysqli_sql_exception: Column 'email' cannot be null in /home/u834391968/domains/cgcolors.co/public_html/shopifypartialapp/system/Database/MySQLi/Connection.php:292
Stack trace:
#0 /home/u834391968/domains/cgcolors.co/public_html/shopifypartialapp/system/Database/MySQLi/Connection.php(292): mysqli->query('INSERT INTO `or...', 0)
#1 /home/u834391968/domains/cgcolors.co/public_html/shopifypartialapp/system/Database/BaseConnection.php(666): CodeIgniter\Database\MySQLi\Connection->execute('INSERT INTO `or...')
#2 /home/u834391968/domains/cgcolors.co/public_html/shopifypartialapp/system/Database/BaseConnection.php(593): CodeIgniter\Database\BaseConnection->simpleQuery('INSERT INTO `or...')
#3 /home/u834391968/domains/cgcolors.co/public_html/shopifypartialapp/system/Database/BaseBuilder.php(1916): CodeIgniter\Database\BaseConnection->query('INSERT INTO `or...', Array, false)
#4 /home/u834391968/domains/cgcolors.co/public_html/shopifypartialapp/app/Models/UserModel.php(201): CodeIgniter\Database\BaseBuilder->insert(Array)
#5 /home/u834391968/domains/cgcolors.co/public_html/shopifypartialapp/app/Controllers/Home.php(867): App\Models\UserModel->track_orders(Array, 'partialtestapp....')
#6 /home/u834391968/domains/cgcolors.co/public_html/shopifypartialapp/system/CodeIgniter.php(927): App\Controllers\Home->show_all_orders()
#7 /home/u834391968/domains/cgcolors.co/public_html/shopifypartialapp/system/CodeIgniter.php(482): CodeIgniter\CodeIgniter->runController(Object(App\Controllers\Home))
#8 /home/u834391968/domains/cgcolors.co/public_html/shopifypartialapp/system/CodeIgniter.php(351): CodeIgniter\CodeIgniter->handleRequest(NULL, Object(Config\Cache), false)
#9 /home/u834391968/domains/cgcolors.co/public_html/shopifypartialapp/public/index.php(67): CodeIgniter\CodeIgniter->run()
#10 {main}
CRITICAL - 2023-06-20 07:49:57 --> Invalid argument supplied for foreach()
in APPPATH/Views/all_orders.php on line 85.
 1 APPPATH/Views/all_orders.php(85): CodeIgniter\Debug\Exceptions->errorHandler(2, 'Invalid argument supplied for foreach()', 'APPPATH/Views/all_orders.php', 85, [...])
 2 SYSTEMPATH/View/View.php(213): include('APPPATH/Views/all_orders.php')
 3 SYSTEMPATH/View/View.php(216): CodeIgniter\View\View->CodeIgniter\View\{closure}()
 4 SYSTEMPATH/Common.php(1134): CodeIgniter\View\View->render('all_orders', [], true)
 5 APPPATH/Controllers/Home.php(927): view('all_orders', [...])
 6 SYSTEMPATH/CodeIgniter.php(927): App\Controllers\Home->show_all_orders()
 7 SYSTEMPATH/CodeIgniter.php(482): CodeIgniter\CodeIgniter->runController(Object(App\Controllers\Home))
 8 SYSTEMPATH/CodeIgniter.php(351): CodeIgniter\CodeIgniter->handleRequest(null, Object(Config\Cache), false)
 9 FCPATH/index.php(67): CodeIgniter\CodeIgniter->run()
ERROR - 2023-06-20 07:51:16 --> mysqli_sql_exception: Column 'email' cannot be null in /home/u834391968/domains/cgcolors.co/public_html/shopifypartialapp/system/Database/MySQLi/Connection.php:292
Stack trace:
#0 /home/u834391968/domains/cgcolors.co/public_html/shopifypartialapp/system/Database/MySQLi/Connection.php(292): mysqli->query('INSERT INTO `or...', 0)
#1 /home/u834391968/domains/cgcolors.co/public_html/shopifypartialapp/system/Database/BaseConnection.php(666): CodeIgniter\Database\MySQLi\Connection->execute('INSERT INTO `or...')
#2 /home/u834391968/domains/cgcolors.co/public_html/shopifypartialapp/system/Database/BaseConnection.php(593): CodeIgniter\Database\BaseConnection->simpleQuery('INSERT INTO `or...')
#3 /home/u834391968/domains/cgcolors.co/public_html/shopifypartialapp/system/Database/BaseBuilder.php(1916): CodeIgniter\Database\BaseConnection->query('INSERT INTO `or...', Array, false)
#4 /home/u834391968/domains/cgcolors.co/public_html/shopifypartialapp/app/Models/UserModel.php(201): CodeIgniter\Database\BaseBuilder->insert(Array)
#5 /home/u834391968/domains/cgcolors.co/public_html/shopifypartialapp/app/Controllers/Home.php(867): App\Models\UserModel->track_orders(Array, 'partialtestapp....')
#6 /home/u834391968/domains/cgcolors.co/public_html/shopifypartialapp/system/CodeIgniter.php(927): App\Controllers\Home->show_all_orders()
#7 /home/u834391968/domains/cgcolors.co/public_html/shopifypartialapp/system/CodeIgniter.php(482): CodeIgniter\CodeIgniter->runController(Object(App\Controllers\Home))
#8 /home/u834391968/domains/cgcolors.co/public_html/shopifypartialapp/system/CodeIgniter.php(351): CodeIgniter\CodeIgniter->handleRequest(NULL, Object(Config\Cache), false)
#9 /home/u834391968/domains/cgcolors.co/public_html/shopifypartialapp/public/index.php(67): CodeIgniter\CodeIgniter->run()
#10 {main}
CRITICAL - 2023-06-20 07:51:16 --> Invalid argument supplied for foreach()
in APPPATH/Views/all_orders.php on line 85.
 1 APPPATH/Views/all_orders.php(85): CodeIgniter\Debug\Exceptions->errorHandler(2, 'Invalid argument supplied for foreach()', 'APPPATH/Views/all_orders.php', 85, [...])
 2 SYSTEMPATH/View/View.php(213): include('APPPATH/Views/all_orders.php')
 3 SYSTEMPATH/View/View.php(216): CodeIgniter\View\View->CodeIgniter\View\{closure}()
 4 SYSTEMPATH/Common.php(1134): CodeIgniter\View\View->render('all_orders', [], true)
 5 APPPATH/Controllers/Home.php(927): view('all_orders', [...])
 6 SYSTEMPATH/CodeIgniter.php(927): App\Controllers\Home->show_all_orders()
 7 SYSTEMPATH/CodeIgniter.php(482): CodeIgniter\CodeIgniter->runController(Object(App\Controllers\Home))
 8 SYSTEMPATH/CodeIgniter.php(351): CodeIgniter\CodeIgniter->handleRequest(null, Object(Config\Cache), false)
 9 FCPATH/index.php(67): CodeIgniter\CodeIgniter->run()
ERROR - 2023-06-20 07:51:28 --> mysqli_sql_exception: Column 'email' cannot be null in /home/u834391968/domains/cgcolors.co/public_html/shopifypartialapp/system/Database/MySQLi/Connection.php:292
Stack trace:
#0 /home/u834391968/domains/cgcolors.co/public_html/shopifypartialapp/system/Database/MySQLi/Connection.php(292): mysqli->query('INSERT INTO `or...', 0)
#1 /home/u834391968/domains/cgcolors.co/public_html/shopifypartialapp/system/Database/BaseConnection.php(666): CodeIgniter\Database\MySQLi\Connection->execute('INSERT INTO `or...')
#2 /home/u834391968/domains/cgcolors.co/public_html/shopifypartialapp/system/Database/BaseConnection.php(593): CodeIgniter\Database\BaseConnection->simpleQuery('INSERT INTO `or...')
#3 /home/u834391968/domains/cgcolors.co/public_html/shopifypartialapp/system/Database/BaseBuilder.php(1916): CodeIgniter\Database\BaseConnection->query('INSERT INTO `or...', Array, false)
#4 /home/u834391968/domains/cgcolors.co/public_html/shopifypartialapp/app/Models/UserModel.php(201): CodeIgniter\Database\BaseBuilder->insert(Array)
#5 /home/u834391968/domains/cgcolors.co/public_html/shopifypartialapp/app/Controllers/Home.php(867): App\Models\UserModel->track_orders(Array, 'partialtestapp....')
#6 /home/u834391968/domains/cgcolors.co/public_html/shopifypartialapp/system/CodeIgniter.php(927): App\Controllers\Home->show_all_orders()
#7 /home/u834391968/domains/cgcolors.co/public_html/shopifypartialapp/system/CodeIgniter.php(482): CodeIgniter\CodeIgniter->runController(Object(App\Controllers\Home))
#8 /home/u834391968/domains/cgcolors.co/public_html/shopifypartialapp/system/CodeIgniter.php(351): CodeIgniter\CodeIgniter->handleRequest(NULL, Object(Config\Cache), false)
#9 /home/u834391968/domains/cgcolors.co/public_html/shopifypartialapp/public/index.php(67): CodeIgniter\CodeIgniter->run()
#10 {main}
CRITICAL - 2023-06-20 07:51:28 --> Invalid argument supplied for foreach()
in APPPATH/Views/all_orders.php on line 85.
 1 APPPATH/Views/all_orders.php(85): CodeIgniter\Debug\Exceptions->errorHandler(2, 'Invalid argument supplied for foreach()', 'APPPATH/Views/all_orders.php', 85, [...])
 2 SYSTEMPATH/View/View.php(213): include('APPPATH/Views/all_orders.php')
 3 SYSTEMPATH/View/View.php(216): CodeIgniter\View\View->CodeIgniter\View\{closure}()
 4 SYSTEMPATH/Common.php(1134): CodeIgniter\View\View->render('all_orders', [], true)
 5 APPPATH/Controllers/Home.php(927): view('all_orders', [...])
 6 SYSTEMPATH/CodeIgniter.php(927): App\Controllers\Home->show_all_orders()
 7 SYSTEMPATH/CodeIgniter.php(482): CodeIgniter\CodeIgniter->runController(Object(App\Controllers\Home))
 8 SYSTEMPATH/CodeIgniter.php(351): CodeIgniter\CodeIgniter->handleRequest(null, Object(Config\Cache), false)
 9 FCPATH/index.php(67): CodeIgniter\CodeIgniter->run()
ERROR - 2023-06-20 07:53:58 --> mysqli_sql_exception: Column 'email' cannot be null in /home/u834391968/domains/cgcolors.co/public_html/shopifypartialapp/system/Database/MySQLi/Connection.php:292
Stack trace:
#0 /home/u834391968/domains/cgcolors.co/public_html/shopifypartialapp/system/Database/MySQLi/Connection.php(292): mysqli->query('INSERT INTO `or...', 0)
#1 /home/u834391968/domains/cgcolors.co/public_html/shopifypartialapp/system/Database/BaseConnection.php(666): CodeIgniter\Database\MySQLi\Connection->execute('INSERT INTO `or...')
#2 /home/u834391968/domains/cgcolors.co/public_html/shopifypartialapp/system/Database/BaseConnection.php(593): CodeIgniter\Database\BaseConnection->simpleQuery('INSERT INTO `or...')
#3 /home/u834391968/domains/cgcolors.co/public_html/shopifypartialapp/system/Database/BaseBuilder.php(1916): CodeIgniter\Database\BaseConnection->query('INSERT INTO `or...', Array, false)
#4 /home/u834391968/domains/cgcolors.co/public_html/shopifypartialapp/app/Models/UserModel.php(201): CodeIgniter\Database\BaseBuilder->insert(Array)
#5 /home/u834391968/domains/cgcolors.co/public_html/shopifypartialapp/app/Controllers/Home.php(867): App\Models\UserModel->track_orders(Array, 'partialtestapp....')
#6 /home/u834391968/domains/cgcolors.co/public_html/shopifypartialapp/system/CodeIgniter.php(927): App\Controllers\Home->show_all_orders()
#7 /home/u834391968/domains/cgcolors.co/public_html/shopifypartialapp/system/CodeIgniter.php(482): CodeIgniter\CodeIgniter->runController(Object(App\Controllers\Home))
#8 /home/u834391968/domains/cgcolors.co/public_html/shopifypartialapp/system/CodeIgniter.php(351): CodeIgniter\CodeIgniter->handleRequest(NULL, Object(Config\Cache), false)
#9 /home/u834391968/domains/cgcolors.co/public_html/shopifypartialapp/public/index.php(67): CodeIgniter\CodeIgniter->run()
#10 {main}
CRITICAL - 2023-06-20 07:53:58 --> Invalid argument supplied for foreach()
in APPPATH/Views/all_orders.php on line 85.
 1 APPPATH/Views/all_orders.php(85): CodeIgniter\Debug\Exceptions->errorHandler(2, 'Invalid argument supplied for foreach()', 'APPPATH/Views/all_orders.php', 85, [...])
 2 SYSTEMPATH/View/View.php(213): include('APPPATH/Views/all_orders.php')
 3 SYSTEMPATH/View/View.php(216): CodeIgniter\View\View->CodeIgniter\View\{closure}()
 4 SYSTEMPATH/Common.php(1134): CodeIgniter\View\View->render('all_orders', [], true)
 5 APPPATH/Controllers/Home.php(927): view('all_orders', [...])
 6 SYSTEMPATH/CodeIgniter.php(927): App\Controllers\Home->show_all_orders()
 7 SYSTEMPATH/CodeIgniter.php(482): CodeIgniter\CodeIgniter->runController(Object(App\Controllers\Home))
 8 SYSTEMPATH/CodeIgniter.php(351): CodeIgniter\CodeIgniter->handleRequest(null, Object(Config\Cache), false)
 9 FCPATH/index.php(67): CodeIgniter\CodeIgniter->run()
ERROR - 2023-06-20 07:55:19 --> mysqli_sql_exception: Column 'email' cannot be null in /home/u834391968/domains/cgcolors.co/public_html/shopifypartialapp/system/Database/MySQLi/Connection.php:292
Stack trace:
#0 /home/u834391968/domains/cgcolors.co/public_html/shopifypartialapp/system/Database/MySQLi/Connection.php(292): mysqli->query('INSERT INTO `or...', 0)
#1 /home/u834391968/domains/cgcolors.co/public_html/shopifypartialapp/system/Database/BaseConnection.php(666): CodeIgniter\Database\MySQLi\Connection->execute('INSERT INTO `or...')
#2 /home/u834391968/domains/cgcolors.co/public_html/shopifypartialapp/system/Database/BaseConnection.php(593): CodeIgniter\Database\BaseConnection->simpleQuery('INSERT INTO `or...')
#3 /home/u834391968/domains/cgcolors.co/public_html/shopifypartialapp/system/Database/BaseBuilder.php(1916): CodeIgniter\Database\BaseConnection->query('INSERT INTO `or...', Array, false)
#4 /home/u834391968/domains/cgcolors.co/public_html/shopifypartialapp/app/Models/UserModel.php(201): CodeIgniter\Database\BaseBuilder->insert(Array)
#5 /home/u834391968/domains/cgcolors.co/public_html/shopifypartialapp/app/Controllers/Home.php(867): App\Models\UserModel->track_orders(Array, 'partialtestapp....')
#6 /home/u834391968/domains/cgcolors.co/public_html/shopifypartialapp/system/CodeIgniter.php(927): App\Controllers\Home->show_all_orders()
#7 /home/u834391968/domains/cgcolors.co/public_html/shopifypartialapp/system/CodeIgniter.php(482): CodeIgniter\CodeIgniter->runController(Object(App\Controllers\Home))
#8 /home/u834391968/domains/cgcolors.co/public_html/shopifypartialapp/system/CodeIgniter.php(351): CodeIgniter\CodeIgniter->handleRequest(NULL, Object(Config\Cache), false)
#9 /home/u834391968/domains/cgcolors.co/public_html/shopifypartialapp/public/index.php(67): CodeIgniter\CodeIgniter->run()
#10 {main}
ERROR - 2023-06-20 07:56:12 --> mysqli_sql_exception: Column 'email' cannot be null in /home/u834391968/domains/cgcolors.co/public_html/shopifypartialapp/system/Database/MySQLi/Connection.php:292
Stack trace:
#0 /home/u834391968/domains/cgcolors.co/public_html/shopifypartialapp/system/Database/MySQLi/Connection.php(292): mysqli->query('INSERT INTO `or...', 0)
#1 /home/u834391968/domains/cgcolors.co/public_html/shopifypartialapp/system/Database/BaseConnection.php(666): CodeIgniter\Database\MySQLi\Connection->execute('INSERT INTO `or...')
#2 /home/u834391968/domains/cgcolors.co/public_html/shopifypartialapp/system/Database/BaseConnection.php(593): CodeIgniter\Database\BaseConnection->simpleQuery('INSERT INTO `or...')
#3 /home/u834391968/domains/cgcolors.co/public_html/shopifypartialapp/system/Database/BaseBuilder.php(1916): CodeIgniter\Database\BaseConnection->query('INSERT INTO `or...', Array, false)
#4 /home/u834391968/domains/cgcolors.co/public_html/shopifypartialapp/app/Models/UserModel.php(201): CodeIgniter\Database\BaseBuilder->insert(Array)
#5 /home/u834391968/domains/cgcolors.co/public_html/shopifypartialapp/app/Controllers/Home.php(867): App\Models\UserModel->track_orders(Array, 'partialtestapp....')
#6 /home/u834391968/domains/cgcolors.co/public_html/shopifypartialapp/system/CodeIgniter.php(927): App\Controllers\Home->show_all_orders()
#7 /home/u834391968/domains/cgcolors.co/public_html/shopifypartialapp/system/CodeIgniter.php(482): CodeIgniter\CodeIgniter->runController(Object(App\Controllers\Home))
#8 /home/u834391968/domains/cgcolors.co/public_html/shopifypartialapp/system/CodeIgniter.php(351): CodeIgniter\CodeIgniter->handleRequest(NULL, Object(Config\Cache), false)
#9 /home/u834391968/domains/cgcolors.co/public_html/shopifypartialapp/public/index.php(67): CodeIgniter\CodeIgniter->run()
#10 {main}
ERROR - 2023-06-20 07:59:19 --> mysqli_sql_exception: Column 'email' cannot be null in /home/u834391968/domains/cgcolors.co/public_html/shopifypartialapp/system/Database/MySQLi/Connection.php:292
Stack trace:
#0 /home/u834391968/domains/cgcolors.co/public_html/shopifypartialapp/system/Database/MySQLi/Connection.php(292): mysqli->query('INSERT INTO `or...', 0)
#1 /home/u834391968/domains/cgcolors.co/public_html/shopifypartialapp/system/Database/BaseConnection.php(666): CodeIgniter\Database\MySQLi\Connection->execute('INSERT INTO `or...')
#2 /home/u834391968/domains/cgcolors.co/public_html/shopifypartialapp/system/Database/BaseConnection.php(593): CodeIgniter\Database\BaseConnection->simpleQuery('INSERT INTO `or...')
#3 /home/u834391968/domains/cgcolors.co/public_html/shopifypartialapp/system/Database/BaseBuilder.php(1916): CodeIgniter\Database\BaseConnection->query('INSERT INTO `or...', Array, false)
#4 /home/u834391968/domains/cgcolors.co/public_html/shopifypartialapp/app/Models/UserModel.php(201): CodeIgniter\Database\BaseBuilder->insert(Array)
#5 /home/u834391968/domains/cgcolors.co/public_html/shopifypartialapp/app/Controllers/Home.php(867): App\Models\UserModel->track_orders(Array, 'partialtestapp....')
#6 /home/u834391968/domains/cgcolors.co/public_html/shopifypartialapp/system/CodeIgniter.php(927): App\Controllers\Home->show_all_orders()
#7 /home/u834391968/domains/cgcolors.co/public_html/shopifypartialapp/system/CodeIgniter.php(482): CodeIgniter\CodeIgniter->runController(Object(App\Controllers\Home))
#8 /home/u834391968/domains/cgcolors.co/public_html/shopifypartialapp/system/CodeIgniter.php(351): CodeIgniter\CodeIgniter->handleRequest(NULL, Object(Config\Cache), false)
#9 /home/u834391968/domains/cgcolors.co/public_html/shopifypartialapp/public/index.php(67): CodeIgniter\CodeIgniter->run()
#10 {main}
ERROR - 2023-06-20 08:02:52 --> mysqli_sql_exception: Column 'email' cannot be null in /home/u834391968/domains/cgcolors.co/public_html/shopifypartialapp/system/Database/MySQLi/Connection.php:292
Stack trace:
#0 /home/u834391968/domains/cgcolors.co/public_html/shopifypartialapp/system/Database/MySQLi/Connection.php(292): mysqli->query('INSERT INTO `or...', 0)
#1 /home/u834391968/domains/cgcolors.co/public_html/shopifypartialapp/system/Database/BaseConnection.php(666): CodeIgniter\Database\MySQLi\Connection->execute('INSERT INTO `or...')
#2 /home/u834391968/domains/cgcolors.co/public_html/shopifypartialapp/system/Database/BaseConnection.php(593): CodeIgniter\Database\BaseConnection->simpleQuery('INSERT INTO `or...')
#3 /home/u834391968/domains/cgcolors.co/public_html/shopifypartialapp/system/Database/BaseBuilder.php(1916): CodeIgniter\Database\BaseConnection->query('INSERT INTO `or...', Array, false)
#4 /home/u834391968/domains/cgcolors.co/public_html/shopifypartialapp/app/Models/UserModel.php(201): CodeIgniter\Database\BaseBuilder->insert(Array)
#5 /home/u834391968/domains/cgcolors.co/public_html/shopifypartialapp/app/Controllers/Home.php(867): App\Models\UserModel->track_orders(Array, 'partialtestapp....')
#6 /home/u834391968/domains/cgcolors.co/public_html/shopifypartialapp/system/CodeIgniter.php(927): App\Controllers\Home->show_all_orders()
#7 /home/u834391968/domains/cgcolors.co/public_html/shopifypartialapp/system/CodeIgniter.php(482): CodeIgniter\CodeIgniter->runController(Object(App\Controllers\Home))
#8 /home/u834391968/domains/cgcolors.co/public_html/shopifypartialapp/system/CodeIgniter.php(351): CodeIgniter\CodeIgniter->handleRequest(NULL, Object(Config\Cache), false)
#9 /home/u834391968/domains/cgcolors.co/public_html/shopifypartialapp/public/index.php(67): CodeIgniter\CodeIgniter->run()
#10 {main}
ERROR - 2023-06-20 08:09:49 --> mysqli_sql_exception: Column 'email' cannot be null in /home/u834391968/domains/cgcolors.co/public_html/shopifypartialapp/system/Database/MySQLi/Connection.php:292
Stack trace:
#0 /home/u834391968/domains/cgcolors.co/public_html/shopifypartialapp/system/Database/MySQLi/Connection.php(292): mysqli->query('INSERT INTO `or...', 0)
#1 /home/u834391968/domains/cgcolors.co/public_html/shopifypartialapp/system/Database/BaseConnection.php(666): CodeIgniter\Database\MySQLi\Connection->execute('INSERT INTO `or...')
#2 /home/u834391968/domains/cgcolors.co/public_html/shopifypartialapp/system/Database/BaseConnection.php(593): CodeIgniter\Database\BaseConnection->simpleQuery('INSERT INTO `or...')
#3 /home/u834391968/domains/cgcolors.co/public_html/shopifypartialapp/system/Database/BaseBuilder.php(1916): CodeIgniter\Database\BaseConnection->query('INSERT INTO `or...', Array, false)
#4 /home/u834391968/domains/cgcolors.co/public_html/shopifypartialapp/app/Models/UserModel.php(199): CodeIgniter\Database\BaseBuilder->insert(Array)
#5 /home/u834391968/domains/cgcolors.co/public_html/shopifypartialapp/app/Controllers/Home.php(867): App\Models\UserModel->track_orders(Array, 'partialtestapp....')
#6 /home/u834391968/domains/cgcolors.co/public_html/shopifypartialapp/system/CodeIgniter.php(927): App\Controllers\Home->show_all_orders()
#7 /home/u834391968/domains/cgcolors.co/public_html/shopifypartialapp/system/CodeIgniter.php(482): CodeIgniter\CodeIgniter->runController(Object(App\Controllers\Home))
#8 /home/u834391968/domains/cgcolors.co/public_html/shopifypartialapp/system/CodeIgniter.php(351): CodeIgniter\CodeIgniter->handleRequest(NULL, Object(Config\Cache), false)
#9 /home/u834391968/domains/cgcolors.co/public_html/shopifypartialapp/public/index.php(67): CodeIgniter\CodeIgniter->run()
#10 {main}
ERROR - 2023-06-20 08:10:30 --> mysqli_sql_exception: Column 'email' cannot be null in /home/u834391968/domains/cgcolors.co/public_html/shopifypartialapp/system/Database/MySQLi/Connection.php:292
Stack trace:
#0 /home/u834391968/domains/cgcolors.co/public_html/shopifypartialapp/system/Database/MySQLi/Connection.php(292): mysqli->query('INSERT INTO `or...', 0)
#1 /home/u834391968/domains/cgcolors.co/public_html/shopifypartialapp/system/Database/BaseConnection.php(666): CodeIgniter\Database\MySQLi\Connection->execute('INSERT INTO `or...')
#2 /home/u834391968/domains/cgcolors.co/public_html/shopifypartialapp/system/Database/BaseConnection.php(593): CodeIgniter\Database\BaseConnection->simpleQuery('INSERT INTO `or...')
#3 /home/u834391968/domains/cgcolors.co/public_html/shopifypartialapp/system/Database/BaseBuilder.php(1916): CodeIgniter\Database\BaseConnection->query('INSERT INTO `or...', Array, false)
#4 /home/u834391968/domains/cgcolors.co/public_html/shopifypartialapp/app/Models/UserModel.php(199): CodeIgniter\Database\BaseBuilder->insert(Array)
#5 /home/u834391968/domains/cgcolors.co/public_html/shopifypartialapp/app/Controllers/Home.php(867): App\Models\UserModel->track_orders(Array, 'partialtestapp....')
#6 /home/u834391968/domains/cgcolors.co/public_html/shopifypartialapp/system/CodeIgniter.php(927): App\Controllers\Home->show_all_orders()
#7 /home/u834391968/domains/cgcolors.co/public_html/shopifypartialapp/system/CodeIgniter.php(482): CodeIgniter\CodeIgniter->runController(Object(App\Controllers\Home))
#8 /home/u834391968/domains/cgcolors.co/public_html/shopifypartialapp/system/CodeIgniter.php(351): CodeIgniter\CodeIgniter->handleRequest(NULL, Object(Config\Cache), false)
#9 /home/u834391968/domains/cgcolors.co/public_html/shopifypartialapp/public/index.php(67): CodeIgniter\CodeIgniter->run()
#10 {main}
ERROR - 2023-06-20 08:14:04 --> mysqli_sql_exception: Column 'email' cannot be null in /home/u834391968/domains/cgcolors.co/public_html/shopifypartialapp/system/Database/MySQLi/Connection.php:292
Stack trace:
#0 /home/u834391968/domains/cgcolors.co/public_html/shopifypartialapp/system/Database/MySQLi/Connection.php(292): mysqli->query('INSERT INTO `or...', 0)
#1 /home/u834391968/domains/cgcolors.co/public_html/shopifypartialapp/system/Database/BaseConnection.php(666): CodeIgniter\Database\MySQLi\Connection->execute('INSERT INTO `or...')
#2 /home/u834391968/domains/cgcolors.co/public_html/shopifypartialapp/system/Database/BaseConnection.php(593): CodeIgniter\Database\BaseConnection->simpleQuery('INSERT INTO `or...')
#3 /home/u834391968/domains/cgcolors.co/public_html/shopifypartialapp/system/Database/BaseBuilder.php(1916): CodeIgniter\Database\BaseConnection->query('INSERT INTO `or...', Array, false)
#4 /home/u834391968/domains/cgcolors.co/public_html/shopifypartialapp/app/Models/UserModel.php(199): CodeIgniter\Database\BaseBuilder->insert(Array)
#5 /home/u834391968/domains/cgcolors.co/public_html/shopifypartialapp/app/Controllers/Home.php(867): App\Models\UserModel->track_orders(Array, 'partialtestapp....')
#6 /home/u834391968/domains/cgcolors.co/public_html/shopifypartialapp/system/CodeIgniter.php(927): App\Controllers\Home->show_all_orders()
#7 /home/u834391968/domains/cgcolors.co/public_html/shopifypartialapp/system/CodeIgniter.php(482): CodeIgniter\CodeIgniter->runController(Object(App\Controllers\Home))
#8 /home/u834391968/domains/cgcolors.co/public_html/shopifypartialapp/system/CodeIgniter.php(351): CodeIgniter\CodeIgniter->handleRequest(NULL, Object(Config\Cache), false)
#9 /home/u834391968/domains/cgcolors.co/public_html/shopifypartialapp/public/index.php(67): CodeIgniter\CodeIgniter->run()
#10 {main}
ERROR - 2023-06-20 08:22:33 --> mysqli_sql_exception: Column 'email' cannot be null in /home/u834391968/domains/cgcolors.co/public_html/shopifypartialapp/system/Database/MySQLi/Connection.php:292
Stack trace:
#0 /home/u834391968/domains/cgcolors.co/public_html/shopifypartialapp/system/Database/MySQLi/Connection.php(292): mysqli->query('INSERT INTO `or...', 0)
#1 /home/u834391968/domains/cgcolors.co/public_html/shopifypartialapp/system/Database/BaseConnection.php(666): CodeIgniter\Database\MySQLi\Connection->execute('INSERT INTO `or...')
#2 /home/u834391968/domains/cgcolors.co/public_html/shopifypartialapp/system/Database/BaseConnection.php(593): CodeIgniter\Database\BaseConnection->simpleQuery('INSERT INTO `or...')
#3 /home/u834391968/domains/cgcolors.co/public_html/shopifypartialapp/system/Database/BaseBuilder.php(1916): CodeIgniter\Database\BaseConnection->query('INSERT INTO `or...', Array, false)
#4 /home/u834391968/domains/cgcolors.co/public_html/shopifypartialapp/app/Models/UserModel.php(199): CodeIgniter\Database\BaseBuilder->insert(Array)
#5 /home/u834391968/domains/cgcolors.co/public_html/shopifypartialapp/app/Controllers/Home.php(867): App\Models\UserModel->track_orders(Array, 'partialtestapp....')
#6 /home/u834391968/domains/cgcolors.co/public_html/shopifypartialapp/system/CodeIgniter.php(927): App\Controllers\Home->show_all_orders()
#7 /home/u834391968/domains/cgcolors.co/public_html/shopifypartialapp/system/CodeIgniter.php(482): CodeIgniter\CodeIgniter->runController(Object(App\Controllers\Home))
#8 /home/u834391968/domains/cgcolors.co/public_html/shopifypartialapp/system/CodeIgniter.php(351): CodeIgniter\CodeIgniter->handleRequest(NULL, Object(Config\Cache), false)
#9 /home/u834391968/domains/cgcolors.co/public_html/shopifypartialapp/public/index.php(67): CodeIgniter\CodeIgniter->run()
#10 {main}
ERROR - 2023-06-20 08:27:17 --> mysqli_sql_exception: Column 'email' cannot be null in /home/u834391968/domains/cgcolors.co/public_html/shopifypartialapp/system/Database/MySQLi/Connection.php:292
Stack trace:
#0 /home/u834391968/domains/cgcolors.co/public_html/shopifypartialapp/system/Database/MySQLi/Connection.php(292): mysqli->query('INSERT INTO `or...', 0)
#1 /home/u834391968/domains/cgcolors.co/public_html/shopifypartialapp/system/Database/BaseConnection.php(666): CodeIgniter\Database\MySQLi\Connection->execute('INSERT INTO `or...')
#2 /home/u834391968/domains/cgcolors.co/public_html/shopifypartialapp/system/Database/BaseConnection.php(593): CodeIgniter\Database\BaseConnection->simpleQuery('INSERT INTO `or...')
#3 /home/u834391968/domains/cgcolors.co/public_html/shopifypartialapp/system/Database/BaseBuilder.php(1916): CodeIgniter\Database\BaseConnection->query('INSERT INTO `or...', Array, false)
#4 /home/u834391968/domains/cgcolors.co/public_html/shopifypartialapp/app/Models/UserModel.php(199): CodeIgniter\Database\BaseBuilder->insert(Array)
#5 /home/u834391968/domains/cgcolors.co/public_html/shopifypartialapp/app/Controllers/Home.php(867): App\Models\UserModel->track_orders(Array, 'partialtestapp....')
#6 /home/u834391968/domains/cgcolors.co/public_html/shopifypartialapp/system/CodeIgniter.php(927): App\Controllers\Home->show_all_orders()
#7 /home/u834391968/domains/cgcolors.co/public_html/shopifypartialapp/system/CodeIgniter.php(482): CodeIgniter\CodeIgniter->runController(Object(App\Controllers\Home))
#8 /home/u834391968/domains/cgcolors.co/public_html/shopifypartialapp/system/CodeIgniter.php(351): CodeIgniter\CodeIgniter->handleRequest(NULL, Object(Config\Cache), false)
#9 /home/u834391968/domains/cgcolors.co/public_html/shopifypartialapp/public/index.php(67): CodeIgniter\CodeIgniter->run()
#10 {main}
ERROR - 2023-06-20 08:29:32 --> mysqli_sql_exception: Column 'email' cannot be null in /home/u834391968/domains/cgcolors.co/public_html/shopifypartialapp/system/Database/MySQLi/Connection.php:292
Stack trace:
#0 /home/u834391968/domains/cgcolors.co/public_html/shopifypartialapp/system/Database/MySQLi/Connection.php(292): mysqli->query('INSERT INTO `or...', 0)
#1 /home/u834391968/domains/cgcolors.co/public_html/shopifypartialapp/system/Database/BaseConnection.php(666): CodeIgniter\Database\MySQLi\Connection->execute('INSERT INTO `or...')
#2 /home/u834391968/domains/cgcolors.co/public_html/shopifypartialapp/system/Database/BaseConnection.php(593): CodeIgniter\Database\BaseConnection->simpleQuery('INSERT INTO `or...')
#3 /home/u834391968/domains/cgcolors.co/public_html/shopifypartialapp/system/Database/BaseBuilder.php(1916): CodeIgniter\Database\BaseConnection->query('INSERT INTO `or...', Array, false)
#4 /home/u834391968/domains/cgcolors.co/public_html/shopifypartialapp/app/Models/UserModel.php(199): CodeIgniter\Database\BaseBuilder->insert(Array)
#5 /home/u834391968/domains/cgcolors.co/public_html/shopifypartialapp/app/Controllers/Home.php(867): App\Models\UserModel->track_orders(Array, 'partialtestapp....')
#6 /home/u834391968/domains/cgcolors.co/public_html/shopifypartialapp/system/CodeIgniter.php(927): App\Controllers\Home->show_all_orders()
#7 /home/u834391968/domains/cgcolors.co/public_html/shopifypartialapp/system/CodeIgniter.php(482): CodeIgniter\CodeIgniter->runController(Object(App\Controllers\Home))
#8 /home/u834391968/domains/cgcolors.co/public_html/shopifypartialapp/system/CodeIgniter.php(351): CodeIgniter\CodeIgniter->handleRequest(NULL, Object(Config\Cache), false)
#9 /home/u834391968/domains/cgcolors.co/public_html/shopifypartialapp/public/index.php(67): CodeIgniter\CodeIgniter->run()
#10 {main}
ERROR - 2023-06-20 08:29:47 --> mysqli_sql_exception: Column 'email' cannot be null in /home/u834391968/domains/cgcolors.co/public_html/shopifypartialapp/system/Database/MySQLi/Connection.php:292
Stack trace:
#0 /home/u834391968/domains/cgcolors.co/public_html/shopifypartialapp/system/Database/MySQLi/Connection.php(292): mysqli->query('INSERT INTO `or...', 0)
#1 /home/u834391968/domains/cgcolors.co/public_html/shopifypartialapp/system/Database/BaseConnection.php(666): CodeIgniter\Database\MySQLi\Connection->execute('INSERT INTO `or...')
#2 /home/u834391968/domains/cgcolors.co/public_html/shopifypartialapp/system/Database/BaseConnection.php(593): CodeIgniter\Database\BaseConnection->simpleQuery('INSERT INTO `or...')
#3 /home/u834391968/domains/cgcolors.co/public_html/shopifypartialapp/system/Database/BaseBuilder.php(1916): CodeIgniter\Database\BaseConnection->query('INSERT INTO `or...', Array, false)
#4 /home/u834391968/domains/cgcolors.co/public_html/shopifypartialapp/app/Models/UserModel.php(199): CodeIgniter\Database\BaseBuilder->insert(Array)
#5 /home/u834391968/domains/cgcolors.co/public_html/shopifypartialapp/app/Controllers/Home.php(867): App\Models\UserModel->track_orders(Array, 'partialtestapp....')
#6 /home/u834391968/domains/cgcolors.co/public_html/shopifypartialapp/system/CodeIgniter.php(927): App\Controllers\Home->show_all_orders()
#7 /home/u834391968/domains/cgcolors.co/public_html/shopifypartialapp/system/CodeIgniter.php(482): CodeIgniter\CodeIgniter->runController(Object(App\Controllers\Home))
#8 /home/u834391968/domains/cgcolors.co/public_html/shopifypartialapp/system/CodeIgniter.php(351): CodeIgniter\CodeIgniter->handleRequest(NULL, Object(Config\Cache), false)
#9 /home/u834391968/domains/cgcolors.co/public_html/shopifypartialapp/public/index.php(67): CodeIgniter\CodeIgniter->run()
#10 {main}
ERROR - 2023-06-20 08:31:35 --> mysqli_sql_exception: Column 'email' cannot be null in /home/u834391968/domains/cgcolors.co/public_html/shopifypartialapp/system/Database/MySQLi/Connection.php:292
Stack trace:
#0 /home/u834391968/domains/cgcolors.co/public_html/shopifypartialapp/system/Database/MySQLi/Connection.php(292): mysqli->query('INSERT INTO `or...', 0)
#1 /home/u834391968/domains/cgcolors.co/public_html/shopifypartialapp/system/Database/BaseConnection.php(666): CodeIgniter\Database\MySQLi\Connection->execute('INSERT INTO `or...')
#2 /home/u834391968/domains/cgcolors.co/public_html/shopifypartialapp/system/Database/BaseConnection.php(593): CodeIgniter\Database\BaseConnection->simpleQuery('INSERT INTO `or...')
#3 /home/u834391968/domains/cgcolors.co/public_html/shopifypartialapp/system/Database/BaseBuilder.php(1916): CodeIgniter\Database\BaseConnection->query('INSERT INTO `or...', Array, false)
#4 /home/u834391968/domains/cgcolors.co/public_html/shopifypartialapp/app/Models/UserModel.php(199): CodeIgniter\Database\BaseBuilder->insert(Array)
#5 /home/u834391968/domains/cgcolors.co/public_html/shopifypartialapp/app/Controllers/Home.php(867): App\Models\UserModel->track_orders(Array, 'partialtestapp....')
#6 /home/u834391968/domains/cgcolors.co/public_html/shopifypartialapp/system/CodeIgniter.php(927): App\Controllers\Home->show_all_orders()
#7 /home/u834391968/domains/cgcolors.co/public_html/shopifypartialapp/system/CodeIgniter.php(482): CodeIgniter\CodeIgniter->runController(Object(App\Controllers\Home))
#8 /home/u834391968/domains/cgcolors.co/public_html/shopifypartialapp/system/CodeIgniter.php(351): CodeIgniter\CodeIgniter->handleRequest(NULL, Object(Config\Cache), false)
#9 /home/u834391968/domains/cgcolors.co/public_html/shopifypartialapp/public/index.php(67): CodeIgniter\CodeIgniter->run()
#10 {main}
ERROR - 2023-06-20 08:32:35 --> mysqli_sql_exception: Column 'email' cannot be null in /home/u834391968/domains/cgcolors.co/public_html/shopifypartialapp/system/Database/MySQLi/Connection.php:292
Stack trace:
#0 /home/u834391968/domains/cgcolors.co/public_html/shopifypartialapp/system/Database/MySQLi/Connection.php(292): mysqli->query('INSERT INTO `or...', 0)
#1 /home/u834391968/domains/cgcolors.co/public_html/shopifypartialapp/system/Database/BaseConnection.php(666): CodeIgniter\Database\MySQLi\Connection->execute('INSERT INTO `or...')
#2 /home/u834391968/domains/cgcolors.co/public_html/shopifypartialapp/system/Database/BaseConnection.php(593): CodeIgniter\Database\BaseConnection->simpleQuery('INSERT INTO `or...')
#3 /home/u834391968/domains/cgcolors.co/public_html/shopifypartialapp/system/Database/BaseBuilder.php(1916): CodeIgniter\Database\BaseConnection->query('INSERT INTO `or...', Array, false)
#4 /home/u834391968/domains/cgcolors.co/public_html/shopifypartialapp/app/Models/UserModel.php(199): CodeIgniter\Database\BaseBuilder->insert(Array)
#5 /home/u834391968/domains/cgcolors.co/public_html/shopifypartialapp/app/Controllers/Home.php(867): App\Models\UserModel->track_orders(Array, 'partialtestapp....')
#6 /home/u834391968/domains/cgcolors.co/public_html/shopifypartialapp/system/CodeIgniter.php(927): App\Controllers\Home->show_all_orders()
#7 /home/u834391968/domains/cgcolors.co/public_html/shopifypartialapp/system/CodeIgniter.php(482): CodeIgniter\CodeIgniter->runController(Object(App\Controllers\Home))
#8 /home/u834391968/domains/cgcolors.co/public_html/shopifypartialapp/system/CodeIgniter.php(351): CodeIgniter\CodeIgniter->handleRequest(NULL, Object(Config\Cache), false)
#9 /home/u834391968/domains/cgcolors.co/public_html/shopifypartialapp/public/index.php(67): CodeIgniter\CodeIgniter->run()
#10 {main}
ERROR - 2023-06-20 08:36:01 --> mysqli_sql_exception: Column 'email' cannot be null in /home/u834391968/domains/cgcolors.co/public_html/shopifypartialapp/system/Database/MySQLi/Connection.php:292
Stack trace:
#0 /home/u834391968/domains/cgcolors.co/public_html/shopifypartialapp/system/Database/MySQLi/Connection.php(292): mysqli->query('INSERT INTO `or...', 0)
#1 /home/u834391968/domains/cgcolors.co/public_html/shopifypartialapp/system/Database/BaseConnection.php(666): CodeIgniter\Database\MySQLi\Connection->execute('INSERT INTO `or...')
#2 /home/u834391968/domains/cgcolors.co/public_html/shopifypartialapp/system/Database/BaseConnection.php(593): CodeIgniter\Database\BaseConnection->simpleQuery('INSERT INTO `or...')
#3 /home/u834391968/domains/cgcolors.co/public_html/shopifypartialapp/system/Database/BaseBuilder.php(1916): CodeIgniter\Database\BaseConnection->query('INSERT INTO `or...', Array, false)
#4 /home/u834391968/domains/cgcolors.co/public_html/shopifypartialapp/app/Models/UserModel.php(199): CodeIgniter\Database\BaseBuilder->insert(Array)
#5 /home/u834391968/domains/cgcolors.co/public_html/shopifypartialapp/app/Controllers/Home.php(867): App\Models\UserModel->track_orders(Array, 'partialtestapp....')
#6 /home/u834391968/domains/cgcolors.co/public_html/shopifypartialapp/system/CodeIgniter.php(927): App\Controllers\Home->show_all_orders()
#7 /home/u834391968/domains/cgcolors.co/public_html/shopifypartialapp/system/CodeIgniter.php(482): CodeIgniter\CodeIgniter->runController(Object(App\Controllers\Home))
#8 /home/u834391968/domains/cgcolors.co/public_html/shopifypartialapp/system/CodeIgniter.php(351): CodeIgniter\CodeIgniter->handleRequest(NULL, Object(Config\Cache), false)
#9 /home/u834391968/domains/cgcolors.co/public_html/shopifypartialapp/public/index.php(67): CodeIgniter\CodeIgniter->run()
#10 {main}
ERROR - 2023-06-20 08:37:46 --> mysqli_sql_exception: Column 'email' cannot be null in /home/u834391968/domains/cgcolors.co/public_html/shopifypartialapp/system/Database/MySQLi/Connection.php:292
Stack trace:
#0 /home/u834391968/domains/cgcolors.co/public_html/shopifypartialapp/system/Database/MySQLi/Connection.php(292): mysqli->query('INSERT INTO `or...', 0)
#1 /home/u834391968/domains/cgcolors.co/public_html/shopifypartialapp/system/Database/BaseConnection.php(666): CodeIgniter\Database\MySQLi\Connection->execute('INSERT INTO `or...')
#2 /home/u834391968/domains/cgcolors.co/public_html/shopifypartialapp/system/Database/BaseConnection.php(593): CodeIgniter\Database\BaseConnection->simpleQuery('INSERT INTO `or...')
#3 /home/u834391968/domains/cgcolors.co/public_html/shopifypartialapp/system/Database/BaseBuilder.php(1916): CodeIgniter\Database\BaseConnection->query('INSERT INTO `or...', Array, false)
#4 /home/u834391968/domains/cgcolors.co/public_html/shopifypartialapp/app/Models/UserModel.php(199): CodeIgniter\Database\BaseBuilder->insert(Array)
#5 /home/u834391968/domains/cgcolors.co/public_html/shopifypartialapp/app/Controllers/Home.php(867): App\Models\UserModel->track_orders(Array, 'partialtestapp....')
#6 /home/u834391968/domains/cgcolors.co/public_html/shopifypartialapp/system/CodeIgniter.php(927): App\Controllers\Home->show_all_orders()
#7 /home/u834391968/domains/cgcolors.co/public_html/shopifypartialapp/system/CodeIgniter.php(482): CodeIgniter\CodeIgniter->runController(Object(App\Controllers\Home))
#8 /home/u834391968/domains/cgcolors.co/public_html/shopifypartialapp/system/CodeIgniter.php(351): CodeIgniter\CodeIgniter->handleRequest(NULL, Object(Config\Cache), false)
#9 /home/u834391968/domains/cgcolors.co/public_html/shopifypartialapp/public/index.php(67): CodeIgniter\CodeIgniter->run()
#10 {main}
ERROR - 2023-06-20 08:40:07 --> mysqli_sql_exception: Column 'email' cannot be null in /home/u834391968/domains/cgcolors.co/public_html/shopifypartialapp/system/Database/MySQLi/Connection.php:292
Stack trace:
#0 /home/u834391968/domains/cgcolors.co/public_html/shopifypartialapp/system/Database/MySQLi/Connection.php(292): mysqli->query('INSERT INTO `or...', 0)
#1 /home/u834391968/domains/cgcolors.co/public_html/shopifypartialapp/system/Database/BaseConnection.php(666): CodeIgniter\Database\MySQLi\Connection->execute('INSERT INTO `or...')
#2 /home/u834391968/domains/cgcolors.co/public_html/shopifypartialapp/system/Database/BaseConnection.php(593): CodeIgniter\Database\BaseConnection->simpleQuery('INSERT INTO `or...')
#3 /home/u834391968/domains/cgcolors.co/public_html/shopifypartialapp/system/Database/BaseBuilder.php(1916): CodeIgniter\Database\BaseConnection->query('INSERT INTO `or...', Array, false)
#4 /home/u834391968/domains/cgcolors.co/public_html/shopifypartialapp/app/Models/UserModel.php(199): CodeIgniter\Database\BaseBuilder->insert(Array)
#5 /home/u834391968/domains/cgcolors.co/public_html/shopifypartialapp/app/Controllers/Home.php(867): App\Models\UserModel->track_orders(Array, 'partialtestapp....')
#6 /home/u834391968/domains/cgcolors.co/public_html/shopifypartialapp/system/CodeIgniter.php(927): App\Controllers\Home->show_all_orders()
#7 /home/u834391968/domains/cgcolors.co/public_html/shopifypartialapp/system/CodeIgniter.php(482): CodeIgniter\CodeIgniter->runController(Object(App\Controllers\Home))
#8 /home/u834391968/domains/cgcolors.co/public_html/shopifypartialapp/system/CodeIgniter.php(351): CodeIgniter\CodeIgniter->handleRequest(NULL, Object(Config\Cache), false)
#9 /home/u834391968/domains/cgcolors.co/public_html/shopifypartialapp/public/index.php(67): CodeIgniter\CodeIgniter->run()
#10 {main}
ERROR - 2023-06-20 08:41:23 --> mysqli_sql_exception: Column 'email' cannot be null in /home/u834391968/domains/cgcolors.co/public_html/shopifypartialapp/system/Database/MySQLi/Connection.php:292
Stack trace:
#0 /home/u834391968/domains/cgcolors.co/public_html/shopifypartialapp/system/Database/MySQLi/Connection.php(292): mysqli->query('INSERT INTO `or...', 0)
#1 /home/u834391968/domains/cgcolors.co/public_html/shopifypartialapp/system/Database/BaseConnection.php(666): CodeIgniter\Database\MySQLi\Connection->execute('INSERT INTO `or...')
#2 /home/u834391968/domains/cgcolors.co/public_html/shopifypartialapp/system/Database/BaseConnection.php(593): CodeIgniter\Database\BaseConnection->simpleQuery('INSERT INTO `or...')
#3 /home/u834391968/domains/cgcolors.co/public_html/shopifypartialapp/system/Database/BaseBuilder.php(1916): CodeIgniter\Database\BaseConnection->query('INSERT INTO `or...', Array, false)
#4 /home/u834391968/domains/cgcolors.co/public_html/shopifypartialapp/app/Models/UserModel.php(199): CodeIgniter\Database\BaseBuilder->insert(Array)
#5 /home/u834391968/domains/cgcolors.co/public_html/shopifypartialapp/app/Controllers/Home.php(867): App\Models\UserModel->track_orders(Array, 'partialtestapp....')
#6 /home/u834391968/domains/cgcolors.co/public_html/shopifypartialapp/system/CodeIgniter.php(927): App\Controllers\Home->show_all_orders()
#7 /home/u834391968/domains/cgcolors.co/public_html/shopifypartialapp/system/CodeIgniter.php(482): CodeIgniter\CodeIgniter->runController(Object(App\Controllers\Home))
#8 /home/u834391968/domains/cgcolors.co/public_html/shopifypartialapp/system/CodeIgniter.php(351): CodeIgniter\CodeIgniter->handleRequest(NULL, Object(Config\Cache), false)
#9 /home/u834391968/domains/cgcolors.co/public_html/shopifypartialapp/public/index.php(67): CodeIgniter\CodeIgniter->run()
#10 {main}
ERROR - 2023-06-20 08:49:25 --> mysqli_sql_exception: Column 'email' cannot be null in /home/u834391968/domains/cgcolors.co/public_html/shopifypartialapp/system/Database/MySQLi/Connection.php:292
Stack trace:
#0 /home/u834391968/domains/cgcolors.co/public_html/shopifypartialapp/system/Database/MySQLi/Connection.php(292): mysqli->query('INSERT INTO `or...', 0)
#1 /home/u834391968/domains/cgcolors.co/public_html/shopifypartialapp/system/Database/BaseConnection.php(666): CodeIgniter\Database\MySQLi\Connection->execute('INSERT INTO `or...')
#2 /home/u834391968/domains/cgcolors.co/public_html/shopifypartialapp/system/Database/BaseConnection.php(593): CodeIgniter\Database\BaseConnection->simpleQuery('INSERT INTO `or...')
#3 /home/u834391968/domains/cgcolors.co/public_html/shopifypartialapp/system/Database/BaseBuilder.php(1916): CodeIgniter\Database\BaseConnection->query('INSERT INTO `or...', Array, false)
#4 /home/u834391968/domains/cgcolors.co/public_html/shopifypartialapp/app/Models/UserModel.php(199): CodeIgniter\Database\BaseBuilder->insert(Array)
#5 /home/u834391968/domains/cgcolors.co/public_html/shopifypartialapp/app/Controllers/Home.php(867): App\Models\UserModel->track_orders(Array, 'partialtestapp....')
#6 /home/u834391968/domains/cgcolors.co/public_html/shopifypartialapp/system/CodeIgniter.php(927): App\Controllers\Home->show_all_orders()
#7 /home/u834391968/domains/cgcolors.co/public_html/shopifypartialapp/system/CodeIgniter.php(482): CodeIgniter\CodeIgniter->runController(Object(App\Controllers\Home))
#8 /home/u834391968/domains/cgcolors.co/public_html/shopifypartialapp/system/CodeIgniter.php(351): CodeIgniter\CodeIgniter->handleRequest(NULL, Object(Config\Cache), false)
#9 /home/u834391968/domains/cgcolors.co/public_html/shopifypartialapp/public/index.php(67): CodeIgniter\CodeIgniter->run()
#10 {main}
ERROR - 2023-06-20 12:09:13 --> mysqli_sql_exception: Column 'email' cannot be null in /home/u834391968/domains/cgcolors.co/public_html/shopifypartialapp/system/Database/MySQLi/Connection.php:292
Stack trace:
#0 /home/u834391968/domains/cgcolors.co/public_html/shopifypartialapp/system/Database/MySQLi/Connection.php(292): mysqli->query('INSERT INTO `or...', 0)
#1 /home/u834391968/domains/cgcolors.co/public_html/shopifypartialapp/system/Database/BaseConnection.php(666): CodeIgniter\Database\MySQLi\Connection->execute('INSERT INTO `or...')
#2 /home/u834391968/domains/cgcolors.co/public_html/shopifypartialapp/system/Database/BaseConnection.php(593): CodeIgniter\Database\BaseConnection->simpleQuery('INSERT INTO `or...')
#3 /home/u834391968/domains/cgcolors.co/public_html/shopifypartialapp/system/Database/BaseBuilder.php(1916): CodeIgniter\Database\BaseConnection->query('INSERT INTO `or...', Array, false)
#4 /home/u834391968/domains/cgcolors.co/public_html/shopifypartialapp/app/Models/UserModel.php(199): CodeIgniter\Database\BaseBuilder->insert(Array)
#5 /home/u834391968/domains/cgcolors.co/public_html/shopifypartialapp/app/Controllers/Home.php(867): App\Models\UserModel->track_orders(Array, 'partialtestapp....')
#6 /home/u834391968/domains/cgcolors.co/public_html/shopifypartialapp/system/CodeIgniter.php(927): App\Controllers\Home->show_all_orders()
#7 /home/u834391968/domains/cgcolors.co/public_html/shopifypartialapp/system/CodeIgniter.php(482): CodeIgniter\CodeIgniter->runController(Object(App\Controllers\Home))
#8 /home/u834391968/domains/cgcolors.co/public_html/shopifypartialapp/system/CodeIgniter.php(351): CodeIgniter\CodeIgniter->handleRequest(NULL, Object(Config\Cache), false)
#9 /home/u834391968/domains/cgcolors.co/public_html/shopifypartialapp/public/index.php(67): CodeIgniter\CodeIgniter->run()
#10 {main}
ERROR - 2023-06-20 14:15:13 --> mysqli_sql_exception: Column 'email' cannot be null in /home/u834391968/domains/cgcolors.co/public_html/shopifypartialapp/system/Database/MySQLi/Connection.php:292
Stack trace:
#0 /home/u834391968/domains/cgcolors.co/public_html/shopifypartialapp/system/Database/MySQLi/Connection.php(292): mysqli->query('INSERT INTO `or...', 0)
#1 /home/u834391968/domains/cgcolors.co/public_html/shopifypartialapp/system/Database/BaseConnection.php(666): CodeIgniter\Database\MySQLi\Connection->execute('INSERT INTO `or...')
#2 /home/u834391968/domains/cgcolors.co/public_html/shopifypartialapp/system/Database/BaseConnection.php(593): CodeIgniter\Database\BaseConnection->simpleQuery('INSERT INTO `or...')
#3 /home/u834391968/domains/cgcolors.co/public_html/shopifypartialapp/system/Database/BaseBuilder.php(1916): CodeIgniter\Database\BaseConnection->query('INSERT INTO `or...', Array, false)
#4 /home/u834391968/domains/cgcolors.co/public_html/shopifypartialapp/app/Models/UserModel.php(199): CodeIgniter\Database\BaseBuilder->insert(Array)
#5 /home/u834391968/domains/cgcolors.co/public_html/shopifypartialapp/app/Controllers/Home.php(867): App\Models\UserModel->track_orders(Array, 'partialtestapp....')
#6 /home/u834391968/domains/cgcolors.co/public_html/shopifypartialapp/system/CodeIgniter.php(927): App\Controllers\Home->show_all_orders()
#7 /home/u834391968/domains/cgcolors.co/public_html/shopifypartialapp/system/CodeIgniter.php(482): CodeIgniter\CodeIgniter->runController(Object(App\Controllers\Home))
#8 /home/u834391968/domains/cgcolors.co/public_html/shopifypartialapp/system/CodeIgniter.php(351): CodeIgniter\CodeIgniter->handleRequest(NULL, Object(Config\Cache), false)
#9 /home/u834391968/domains/cgcolors.co/public_html/shopifypartialapp/public/index.php(67): CodeIgniter\CodeIgniter->run()
#10 {main}
ERROR - 2023-06-20 14:15:38 --> mysqli_sql_exception: Column 'email' cannot be null in /home/u834391968/domains/cgcolors.co/public_html/shopifypartialapp/system/Database/MySQLi/Connection.php:292
Stack trace:
#0 /home/u834391968/domains/cgcolors.co/public_html/shopifypartialapp/system/Database/MySQLi/Connection.php(292): mysqli->query('INSERT INTO `or...', 0)
#1 /home/u834391968/domains/cgcolors.co/public_html/shopifypartialapp/system/Database/BaseConnection.php(666): CodeIgniter\Database\MySQLi\Connection->execute('INSERT INTO `or...')
#2 /home/u834391968/domains/cgcolors.co/public_html/shopifypartialapp/system/Database/BaseConnection.php(593): CodeIgniter\Database\BaseConnection->simpleQuery('INSERT INTO `or...')
#3 /home/u834391968/domains/cgcolors.co/public_html/shopifypartialapp/system/Database/BaseBuilder.php(1916): CodeIgniter\Database\BaseConnection->query('INSERT INTO `or...', Array, false)
#4 /home/u834391968/domains/cgcolors.co/public_html/shopifypartialapp/app/Models/UserModel.php(199): CodeIgniter\Database\BaseBuilder->insert(Array)
#5 /home/u834391968/domains/cgcolors.co/public_html/shopifypartialapp/app/Controllers/Home.php(867): App\Models\UserModel->track_orders(Array, 'partialtestapp....')
#6 /home/u834391968/domains/cgcolors.co/public_html/shopifypartialapp/system/CodeIgniter.php(927): App\Controllers\Home->show_all_orders()
#7 /home/u834391968/domains/cgcolors.co/public_html/shopifypartialapp/system/CodeIgniter.php(482): CodeIgniter\CodeIgniter->runController(Object(App\Controllers\Home))
#8 /home/u834391968/domains/cgcolors.co/public_html/shopifypartialapp/system/CodeIgniter.php(351): CodeIgniter\CodeIgniter->handleRequest(NULL, Object(Config\Cache), false)
#9 /home/u834391968/domains/cgcolors.co/public_html/shopifypartialapp/public/index.php(67): CodeIgniter\CodeIgniter->run()
#10 {main}
ERROR - 2023-06-20 14:49:25 --> mysqli_sql_exception: Column 'email' cannot be null in /home/u834391968/domains/cgcolors.co/public_html/shopifypartialapp/system/Database/MySQLi/Connection.php:292
Stack trace:
#0 /home/u834391968/domains/cgcolors.co/public_html/shopifypartialapp/system/Database/MySQLi/Connection.php(292): mysqli->query('INSERT INTO `or...', 0)
#1 /home/u834391968/domains/cgcolors.co/public_html/shopifypartialapp/system/Database/BaseConnection.php(666): CodeIgniter\Database\MySQLi\Connection->execute('INSERT INTO `or...')
#2 /home/u834391968/domains/cgcolors.co/public_html/shopifypartialapp/system/Database/BaseConnection.php(593): CodeIgniter\Database\BaseConnection->simpleQuery('INSERT INTO `or...')
#3 /home/u834391968/domains/cgcolors.co/public_html/shopifypartialapp/system/Database/BaseBuilder.php(1916): CodeIgniter\Database\BaseConnection->query('INSERT INTO `or...', Array, false)
#4 /home/u834391968/domains/cgcolors.co/public_html/shopifypartialapp/app/Models/UserModel.php(199): CodeIgniter\Database\BaseBuilder->insert(Array)
#5 /home/u834391968/domains/cgcolors.co/public_html/shopifypartialapp/app/Controllers/Home.php(867): App\Models\UserModel->track_orders(Array, 'partialtestapp....')
#6 /home/u834391968/domains/cgcolors.co/public_html/shopifypartialapp/system/CodeIgniter.php(927): App\Controllers\Home->show_all_orders()
#7 /home/u834391968/domains/cgcolors.co/public_html/shopifypartialapp/system/CodeIgniter.php(482): CodeIgniter\CodeIgniter->runController(Object(App\Controllers\Home))
#8 /home/u834391968/domains/cgcolors.co/public_html/shopifypartialapp/system/CodeIgniter.php(351): CodeIgniter\CodeIgniter->handleRequest(NULL, Object(Config\Cache), false)
#9 /home/u834391968/domains/cgcolors.co/public_html/shopifypartialapp/public/index.php(67): CodeIgniter\CodeIgniter->run()
#10 {main}
ERROR - 2023-06-20 23:34:51 --> mysqli_sql_exception: Column 'email' cannot be null in /home/u834391968/domains/cgcolors.co/public_html/shopifypartialapp/system/Database/MySQLi/Connection.php:292
Stack trace:
#0 /home/u834391968/domains/cgcolors.co/public_html/shopifypartialapp/system/Database/MySQLi/Connection.php(292): mysqli->query('INSERT INTO `or...', 0)
#1 /home/u834391968/domains/cgcolors.co/public_html/shopifypartialapp/system/Database/BaseConnection.php(666): CodeIgniter\Database\MySQLi\Connection->execute('INSERT INTO `or...')
#2 /home/u834391968/domains/cgcolors.co/public_html/shopifypartialapp/system/Database/BaseConnection.php(593): CodeIgniter\Database\BaseConnection->simpleQuery('INSERT INTO `or...')
#3 /home/u834391968/domains/cgcolors.co/public_html/shopifypartialapp/system/Database/BaseBuilder.php(1916): CodeIgniter\Database\BaseConnection->query('INSERT INTO `or...', Array, false)
#4 /home/u834391968/domains/cgcolors.co/public_html/shopifypartialapp/app/Models/UserModel.php(199): CodeIgniter\Database\BaseBuilder->insert(Array)
#5 /home/u834391968/domains/cgcolors.co/public_html/shopifypartialapp/app/Controllers/Home.php(867): App\Models\UserModel->track_orders(Array, 'partialtestapp....')
#6 /home/u834391968/domains/cgcolors.co/public_html/shopifypartialapp/system/CodeIgniter.php(927): App\Controllers\Home->show_all_orders()
#7 /home/u834391968/domains/cgcolors.co/public_html/shopifypartialapp/system/CodeIgniter.php(482): CodeIgniter\CodeIgniter->runController(Object(App\Controllers\Home))
#8 /home/u834391968/domains/cgcolors.co/public_html/shopifypartialapp/system/CodeIgniter.php(351): CodeIgniter\CodeIgniter->handleRequest(NULL, Object(Config\Cache), false)
#9 /home/u834391968/domains/cgcolors.co/public_html/shopifypartialapp/public/index.php(67): CodeIgniter\CodeIgniter->run()
#10 {main}
ERROR - 2023-06-20 23:34:51 --> mysqli_sql_exception: Column 'email' cannot be null in /home/u834391968/domains/cgcolors.co/public_html/shopifypartialapp/system/Database/MySQLi/Connection.php:292
Stack trace:
#0 /home/u834391968/domains/cgcolors.co/public_html/shopifypartialapp/system/Database/MySQLi/Connection.php(292): mysqli->query('INSERT INTO `or...', 0)
#1 /home/u834391968/domains/cgcolors.co/public_html/shopifypartialapp/system/Database/BaseConnection.php(666): CodeIgniter\Database\MySQLi\Connection->execute('INSERT INTO `or...')
#2 /home/u834391968/domains/cgcolors.co/public_html/shopifypartialapp/system/Database/BaseConnection.php(593): CodeIgniter\Database\BaseConnection->simpleQuery('INSERT INTO `or...')
#3 /home/u834391968/domains/cgcolors.co/public_html/shopifypartialapp/system/Database/BaseBuilder.php(1916): CodeIgniter\Database\BaseConnection->query('INSERT INTO `or...', Array, false)
#4 /home/u834391968/domains/cgcolors.co/public_html/shopifypartialapp/app/Models/UserModel.php(199): CodeIgniter\Database\BaseBuilder->insert(Array)
#5 /home/u834391968/domains/cgcolors.co/public_html/shopifypartialapp/app/Controllers/Home.php(867): App\Models\UserModel->track_orders(Array, 'partialtestapp....')
#6 /home/u834391968/domains/cgcolors.co/public_html/shopifypartialapp/system/CodeIgniter.php(927): App\Controllers\Home->show_all_orders()
#7 /home/u834391968/domains/cgcolors.co/public_html/shopifypartialapp/system/CodeIgniter.php(482): CodeIgniter\CodeIgniter->runController(Object(App\Controllers\Home))
#8 /home/u834391968/domains/cgcolors.co/public_html/shopifypartialapp/system/CodeIgniter.php(351): CodeIgniter\CodeIgniter->handleRequest(NULL, Object(Config\Cache), false)
#9 /home/u834391968/domains/cgcolors.co/public_html/shopifypartialapp/public/index.php(67): CodeIgniter\CodeIgniter->run()
#10 {main}
ERROR - 2023-06-20 23:35:02 --> mysqli_sql_exception: Column 'email' cannot be null in /home/u834391968/domains/cgcolors.co/public_html/shopifypartialapp/system/Database/MySQLi/Connection.php:292
Stack trace:
#0 /home/u834391968/domains/cgcolors.co/public_html/shopifypartialapp/system/Database/MySQLi/Connection.php(292): mysqli->query('INSERT INTO `or...', 0)
#1 /home/u834391968/domains/cgcolors.co/public_html/shopifypartialapp/system/Database/BaseConnection.php(666): CodeIgniter\Database\MySQLi\Connection->execute('INSERT INTO `or...')
#2 /home/u834391968/domains/cgcolors.co/public_html/shopifypartialapp/system/Database/BaseConnection.php(593): CodeIgniter\Database\BaseConnection->simpleQuery('INSERT INTO `or...')
#3 /home/u834391968/domains/cgcolors.co/public_html/shopifypartialapp/system/Database/BaseBuilder.php(1916): CodeIgniter\Database\BaseConnection->query('INSERT INTO `or...', Array, false)
#4 /home/u834391968/domains/cgcolors.co/public_html/shopifypartialapp/app/Models/UserModel.php(199): CodeIgniter\Database\BaseBuilder->insert(Array)
#5 /home/u834391968/domains/cgcolors.co/public_html/shopifypartialapp/app/Controllers/Home.php(867): App\Models\UserModel->track_orders(Array, 'partialtestapp....')
#6 /home/u834391968/domains/cgcolors.co/public_html/shopifypartialapp/system/CodeIgniter.php(927): App\Controllers\Home->show_all_orders()
#7 /home/u834391968/domains/cgcolors.co/public_html/shopifypartialapp/system/CodeIgniter.php(482): CodeIgniter\CodeIgniter->runController(Object(App\Controllers\Home))
#8 /home/u834391968/domains/cgcolors.co/public_html/shopifypartialapp/system/CodeIgniter.php(351): CodeIgniter\CodeIgniter->handleRequest(NULL, Object(Config\Cache), false)
#9 /home/u834391968/domains/cgcolors.co/public_html/shopifypartialapp/public/index.php(67): CodeIgniter\CodeIgniter->run()
#10 {main}
ERROR - 2023-06-20 23:50:54 --> mysqli_sql_exception: Column 'email' cannot be null in /home/u834391968/domains/cgcolors.co/public_html/shopifypartialapp/system/Database/MySQLi/Connection.php:292
Stack trace:
#0 /home/u834391968/domains/cgcolors.co/public_html/shopifypartialapp/system/Database/MySQLi/Connection.php(292): mysqli->query('INSERT INTO `or...', 0)
#1 /home/u834391968/domains/cgcolors.co/public_html/shopifypartialapp/system/Database/BaseConnection.php(666): CodeIgniter\Database\MySQLi\Connection->execute('INSERT INTO `or...')
#2 /home/u834391968/domains/cgcolors.co/public_html/shopifypartialapp/system/Database/BaseConnection.php(593): CodeIgniter\Database\BaseConnection->simpleQuery('INSERT INTO `or...')
#3 /home/u834391968/domains/cgcolors.co/public_html/shopifypartialapp/system/Database/BaseBuilder.php(1916): CodeIgniter\Database\BaseConnection->query('INSERT INTO `or...', Array, false)
#4 /home/u834391968/domains/cgcolors.co/public_html/shopifypartialapp/app/Models/UserModel.php(199): CodeIgniter\Database\BaseBuilder->insert(Array)
#5 /home/u834391968/domains/cgcolors.co/public_html/shopifypartialapp/app/Controllers/Home.php(872): App\Models\UserModel->track_orders(Array, 'partialtestapp....')
#6 /home/u834391968/domains/cgcolors.co/public_html/shopifypartialapp/system/CodeIgniter.php(927): App\Controllers\Home->show_all_orders()
#7 /home/u834391968/domains/cgcolors.co/public_html/shopifypartialapp/system/CodeIgniter.php(482): CodeIgniter\CodeIgniter->runController(Object(App\Controllers\Home))
#8 /home/u834391968/domains/cgcolors.co/public_html/shopifypartialapp/system/CodeIgniter.php(351): CodeIgniter\CodeIgniter->handleRequest(NULL, Object(Config\Cache), false)
#9 /home/u834391968/domains/cgcolors.co/public_html/shopifypartialapp/public/index.php(67): CodeIgniter\CodeIgniter->run()
#10 {main}
ERROR - 2023-06-20 23:50:54 --> mysqli_sql_exception: Column 'email' cannot be null in /home/u834391968/domains/cgcolors.co/public_html/shopifypartialapp/system/Database/MySQLi/Connection.php:292
Stack trace:
#0 /home/u834391968/domains/cgcolors.co/public_html/shopifypartialapp/system/Database/MySQLi/Connection.php(292): mysqli->query('INSERT INTO `or...', 0)
#1 /home/u834391968/domains/cgcolors.co/public_html/shopifypartialapp/system/Database/BaseConnection.php(666): CodeIgniter\Database\MySQLi\Connection->execute('INSERT INTO `or...')
#2 /home/u834391968/domains/cgcolors.co/public_html/shopifypartialapp/system/Database/BaseConnection.php(593): CodeIgniter\Database\BaseConnection->simpleQuery('INSERT INTO `or...')
#3 /home/u834391968/domains/cgcolors.co/public_html/shopifypartialapp/system/Database/BaseBuilder.php(1916): CodeIgniter\Database\BaseConnection->query('INSERT INTO `or...', Array, false)
#4 /home/u834391968/domains/cgcolors.co/public_html/shopifypartialapp/app/Models/UserModel.php(199): CodeIgniter\Database\BaseBuilder->insert(Array)
#5 /home/u834391968/domains/cgcolors.co/public_html/shopifypartialapp/app/Controllers/Home.php(872): App\Models\UserModel->track_orders(Array, 'partialtestapp....')
#6 /home/u834391968/domains/cgcolors.co/public_html/shopifypartialapp/system/CodeIgniter.php(927): App\Controllers\Home->show_all_orders()
#7 /home/u834391968/domains/cgcolors.co/public_html/shopifypartialapp/system/CodeIgniter.php(482): CodeIgniter\CodeIgniter->runController(Object(App\Controllers\Home))
#8 /home/u834391968/domains/cgcolors.co/public_html/shopifypartialapp/system/CodeIgniter.php(351): CodeIgniter\CodeIgniter->handleRequest(NULL, Object(Config\Cache), false)
#9 /home/u834391968/domains/cgcolors.co/public_html/shopifypartialapp/public/index.php(67): CodeIgniter\CodeIgniter->run()
#10 {main}
ERROR - 2023-06-20 23:53:20 --> mysqli_sql_exception: Column 'email' cannot be null in /home/u834391968/domains/cgcolors.co/public_html/shopifypartialapp/system/Database/MySQLi/Connection.php:292
Stack trace:
#0 /home/u834391968/domains/cgcolors.co/public_html/shopifypartialapp/system/Database/MySQLi/Connection.php(292): mysqli->query('INSERT INTO `or...', 0)
#1 /home/u834391968/domains/cgcolors.co/public_html/shopifypartialapp/system/Database/BaseConnection.php(666): CodeIgniter\Database\MySQLi\Connection->execute('INSERT INTO `or...')
#2 /home/u834391968/domains/cgcolors.co/public_html/shopifypartialapp/system/Database/BaseConnection.php(593): CodeIgniter\Database\BaseConnection->simpleQuery('INSERT INTO `or...')
#3 /home/u834391968/domains/cgcolors.co/public_html/shopifypartialapp/system/Database/BaseBuilder.php(1916): CodeIgniter\Database\BaseConnection->query('INSERT INTO `or...', Array, false)
#4 /home/u834391968/domains/cgcolors.co/public_html/shopifypartialapp/app/Models/UserModel.php(199): CodeIgniter\Database\BaseBuilder->insert(Array)
#5 /home/u834391968/domains/cgcolors.co/public_html/shopifypartialapp/app/Controllers/Home.php(872): App\Models\UserModel->track_orders(Array, 'partialtestapp....')
#6 /home/u834391968/domains/cgcolors.co/public_html/shopifypartialapp/system/CodeIgniter.php(927): App\Controllers\Home->show_all_orders()
#7 /home/u834391968/domains/cgcolors.co/public_html/shopifypartialapp/system/CodeIgniter.php(482): CodeIgniter\CodeIgniter->runController(Object(App\Controllers\Home))
#8 /home/u834391968/domains/cgcolors.co/public_html/shopifypartialapp/system/CodeIgniter.php(351): CodeIgniter\CodeIgniter->handleRequest(NULL, Object(Config\Cache), false)
#9 /home/u834391968/domains/cgcolors.co/public_html/shopifypartialapp/public/index.php(67): CodeIgniter\CodeIgniter->run()
#10 {main}
ERROR - 2023-06-20 23:57:21 --> mysqli_sql_exception: Column 'email' cannot be null in /home/u834391968/domains/cgcolors.co/public_html/shopifypartialapp/system/Database/MySQLi/Connection.php:292
Stack trace:
#0 /home/u834391968/domains/cgcolors.co/public_html/shopifypartialapp/system/Database/MySQLi/Connection.php(292): mysqli->query('INSERT INTO `or...', 0)
#1 /home/u834391968/domains/cgcolors.co/public_html/shopifypartialapp/system/Database/BaseConnection.php(666): CodeIgniter\Database\MySQLi\Connection->execute('INSERT INTO `or...')
#2 /home/u834391968/domains/cgcolors.co/public_html/shopifypartialapp/system/Database/BaseConnection.php(593): CodeIgniter\Database\BaseConnection->simpleQuery('INSERT INTO `or...')
#3 /home/u834391968/domains/cgcolors.co/public_html/shopifypartialapp/system/Database/BaseBuilder.php(1916): CodeIgniter\Database\BaseConnection->query('INSERT INTO `or...', Array, false)
#4 /home/u834391968/domains/cgcolors.co/public_html/shopifypartialapp/app/Models/UserModel.php(199): CodeIgniter\Database\BaseBuilder->insert(Array)
#5 /home/u834391968/domains/cgcolors.co/public_html/shopifypartialapp/app/Controllers/Home.php(872): App\Models\UserModel->track_orders(Array, 'partialtestapp....')
#6 /home/u834391968/domains/cgcolors.co/public_html/shopifypartialapp/system/CodeIgniter.php(927): App\Controllers\Home->show_all_orders()
#7 /home/u834391968/domains/cgcolors.co/public_html/shopifypartialapp/system/CodeIgniter.php(482): CodeIgniter\CodeIgniter->runController(Object(App\Controllers\Home))
#8 /home/u834391968/domains/cgcolors.co/public_html/shopifypartialapp/system/CodeIgniter.php(351): CodeIgniter\CodeIgniter->handleRequest(NULL, Object(Config\Cache), false)
#9 /home/u834391968/domains/cgcolors.co/public_html/shopifypartialapp/public/index.php(67): CodeIgniter\CodeIgniter->run()
#10 {main}
ERROR - 2023-06-20 23:57:21 --> mysqli_sql_exception: Column 'email' cannot be null in /home/u834391968/domains/cgcolors.co/public_html/shopifypartialapp/system/Database/MySQLi/Connection.php:292
Stack trace:
#0 /home/u834391968/domains/cgcolors.co/public_html/shopifypartialapp/system/Database/MySQLi/Connection.php(292): mysqli->query('INSERT INTO `or...', 0)
#1 /home/u834391968/domains/cgcolors.co/public_html/shopifypartialapp/system/Database/BaseConnection.php(666): CodeIgniter\Database\MySQLi\Connection->execute('INSERT INTO `or...')
#2 /home/u834391968/domains/cgcolors.co/public_html/shopifypartialapp/system/Database/BaseConnection.php(593): CodeIgniter\Database\BaseConnection->simpleQuery('INSERT INTO `or...')
#3 /home/u834391968/domains/cgcolors.co/public_html/shopifypartialapp/system/Database/BaseBuilder.php(1916): CodeIgniter\Database\BaseConnection->query('INSERT INTO `or...', Array, false)
#4 /home/u834391968/domains/cgcolors.co/public_html/shopifypartialapp/app/Models/UserModel.php(199): CodeIgniter\Database\BaseBuilder->insert(Array)
#5 /home/u834391968/domains/cgcolors.co/public_html/shopifypartialapp/app/Controllers/Home.php(872): App\Models\UserModel->track_orders(Array, 'partialtestapp....')
#6 /home/u834391968/domains/cgcolors.co/public_html/shopifypartialapp/system/CodeIgniter.php(927): App\Controllers\Home->show_all_orders()
#7 /home/u834391968/domains/cgcolors.co/public_html/shopifypartialapp/system/CodeIgniter.php(482): CodeIgniter\CodeIgniter->runController(Object(App\Controllers\Home))
#8 /home/u834391968/domains/cgcolors.co/public_html/shopifypartialapp/system/CodeIgniter.php(351): CodeIgniter\CodeIgniter->handleRequest(NULL, Object(Config\Cache), false)
#9 /home/u834391968/domains/cgcolors.co/public_html/shopifypartialapp/public/index.php(67): CodeIgniter\CodeIgniter->run()
#10 {main}
