CRITICAL - 2023-06-14 07:41:45 --> Object of class stdClass could not be converted to string
in APPPATH/Controllers/Home.php on line 998.
 1 SYSTEMPATH/CodeIgniter.php(927): App\Controllers\Home->order_sync()
 2 SYSTEMPATH/CodeIgniter.php(482): CodeIgniter\CodeIgniter->runController(Object(App\Controllers\Home))
 3 SYSTEMPATH/CodeIgniter.php(351): CodeIgniter\CodeIgniter->handleRequest(null, Object(Config\Cache), false)
 4 FCPATH/index.php(67): CodeIgniter\CodeIgniter->run()
ERROR - 2023-06-14 07:45:19 --> mysqli_sql_exception: Column 'email' cannot be null in /home/u834391968/domains/cgcolors.co/public_html/shopifypartialapp/system/Database/MySQLi/Connection.php:292
Stack trace:
#0 /home/u834391968/domains/cgcolors.co/public_html/shopifypartialapp/system/Database/MySQLi/Connection.php(292): mysqli->query('INSERT INTO `or...', 0)
#1 /home/u834391968/domains/cgcolors.co/public_html/shopifypartialapp/system/Database/BaseConnection.php(666): CodeIgniter\Database\MySQLi\Connection->execute('INSERT INTO `or...')
#2 /home/u834391968/domains/cgcolors.co/public_html/shopifypartialapp/system/Database/BaseConnection.php(593): CodeIgniter\Database\BaseConnection->simpleQuery('INSERT INTO `or...')
#3 /home/u834391968/domains/cgcolors.co/public_html/shopifypartialapp/system/Database/BaseBuilder.php(1916): CodeIgniter\Database\BaseConnection->query('INSERT INTO `or...', Array, false)
#4 /home/u834391968/domains/cgcolors.co/public_html/shopifypartialapp/app/Models/UserModel.php(201): CodeIgniter\Database\BaseBuilder->insert(Array)
#5 /home/u834391968/domains/cgcolors.co/public_html/shopifypartialapp/app/Controllers/Home.php(847): App\Models\UserModel->track_orders(Array, 'partialtestapp....')
#6 /home/u834391968/domains/cgcolors.co/public_html/shopifypartialapp/system/CodeIgniter.php(927): App\Controllers\Home->show_all_orders()
#7 /home/u834391968/domains/cgcolors.co/public_html/shopifypartialapp/system/CodeIgniter.php(482): CodeIgniter\CodeIgniter->runController(Object(App\Controllers\Home))
#8 /home/u834391968/domains/cgcolors.co/public_html/shopifypartialapp/system/CodeIgniter.php(351): CodeIgniter\CodeIgniter->handleRequest(NULL, Object(Config\Cache), false)
#9 /home/u834391968/domains/cgcolors.co/public_html/shopifypartialapp/public/index.php(67): CodeIgniter\CodeIgniter->run()
#10 {main}
ERROR - 2023-06-14 07:46:21 --> mysqli_sql_exception: Column 'email' cannot be null in /home/u834391968/domains/cgcolors.co/public_html/shopifypartialapp/system/Database/MySQLi/Connection.php:292
Stack trace:
#0 /home/u834391968/domains/cgcolors.co/public_html/shopifypartialapp/system/Database/MySQLi/Connection.php(292): mysqli->query('INSERT INTO `or...', 0)
#1 /home/u834391968/domains/cgcolors.co/public_html/shopifypartialapp/system/Database/BaseConnection.php(666): CodeIgniter\Database\MySQLi\Connection->execute('INSERT INTO `or...')
#2 /home/u834391968/domains/cgcolors.co/public_html/shopifypartialapp/system/Database/BaseConnection.php(593): CodeIgniter\Database\BaseConnection->simpleQuery('INSERT INTO `or...')
#3 /home/u834391968/domains/cgcolors.co/public_html/shopifypartialapp/system/Database/BaseBuilder.php(1916): CodeIgniter\Database\BaseConnection->query('INSERT INTO `or...', Array, false)
#4 /home/u834391968/domains/cgcolors.co/public_html/shopifypartialapp/app/Models/UserModel.php(201): CodeIgniter\Database\BaseBuilder->insert(Array)
#5 /home/u834391968/domains/cgcolors.co/public_html/shopifypartialapp/app/Controllers/Home.php(847): App\Models\UserModel->track_orders(Array, 'partialtestapp....')
#6 /home/u834391968/domains/cgcolors.co/public_html/shopifypartialapp/system/CodeIgniter.php(927): App\Controllers\Home->show_all_orders()
#7 /home/u834391968/domains/cgcolors.co/public_html/shopifypartialapp/system/CodeIgniter.php(482): CodeIgniter\CodeIgniter->runController(Object(App\Controllers\Home))
#8 /home/u834391968/domains/cgcolors.co/public_html/shopifypartialapp/system/CodeIgniter.php(351): CodeIgniter\CodeIgniter->handleRequest(NULL, Object(Config\Cache), false)
#9 /home/u834391968/domains/cgcolors.co/public_html/shopifypartialapp/public/index.php(67): CodeIgniter\CodeIgniter->run()
#10 {main}
CRITICAL - 2023-06-14 07:53:04 --> Object of class stdClass could not be converted to string
in APPPATH/Models/UserModel.php on line 553.
 1 APPPATH/Controllers/Home.php(1014): App\Models\UserModel->update_shiprocket_err('5384924004650', 'partialtestapp.myshopify.com', Object(stdClass))
 2 SYSTEMPATH/CodeIgniter.php(927): App\Controllers\Home->order_sync()
 3 SYSTEMPATH/CodeIgniter.php(482): CodeIgniter\CodeIgniter->runController(Object(App\Controllers\Home))
 4 SYSTEMPATH/CodeIgniter.php(351): CodeIgniter\CodeIgniter->handleRequest(null, Object(Config\Cache), false)
 5 FCPATH/index.php(67): CodeIgniter\CodeIgniter->run()
ERROR - 2023-06-14 08:19:55 --> mysqli_sql_exception: Column 'email' cannot be null in /home/u834391968/domains/cgcolors.co/public_html/shopifypartialapp/system/Database/MySQLi/Connection.php:292
Stack trace:
#0 /home/u834391968/domains/cgcolors.co/public_html/shopifypartialapp/system/Database/MySQLi/Connection.php(292): mysqli->query('INSERT INTO `or...', 0)
#1 /home/u834391968/domains/cgcolors.co/public_html/shopifypartialapp/system/Database/BaseConnection.php(666): CodeIgniter\Database\MySQLi\Connection->execute('INSERT INTO `or...')
#2 /home/u834391968/domains/cgcolors.co/public_html/shopifypartialapp/system/Database/BaseConnection.php(593): CodeIgniter\Database\BaseConnection->simpleQuery('INSERT INTO `or...')
#3 /home/u834391968/domains/cgcolors.co/public_html/shopifypartialapp/system/Database/BaseBuilder.php(1916): CodeIgniter\Database\BaseConnection->query('INSERT INTO `or...', Array, false)
#4 /home/u834391968/domains/cgcolors.co/public_html/shopifypartialapp/app/Models/UserModel.php(201): CodeIgniter\Database\BaseBuilder->insert(Array)
#5 /home/u834391968/domains/cgcolors.co/public_html/shopifypartialapp/app/Controllers/Home.php(847): App\Models\UserModel->track_orders(Array, 'partialtestapp....')
#6 /home/u834391968/domains/cgcolors.co/public_html/shopifypartialapp/system/CodeIgniter.php(927): App\Controllers\Home->show_all_orders()
#7 /home/u834391968/domains/cgcolors.co/public_html/shopifypartialapp/system/CodeIgniter.php(482): CodeIgniter\CodeIgniter->runController(Object(App\Controllers\Home))
#8 /home/u834391968/domains/cgcolors.co/public_html/shopifypartialapp/system/CodeIgniter.php(351): CodeIgniter\CodeIgniter->handleRequest(NULL, Object(Config\Cache), false)
#9 /home/u834391968/domains/cgcolors.co/public_html/shopifypartialapp/public/index.php(67): CodeIgniter\CodeIgniter->run()
#10 {main}
ERROR - 2023-06-14 08:20:09 --> mysqli_sql_exception: Column 'email' cannot be null in /home/u834391968/domains/cgcolors.co/public_html/shopifypartialapp/system/Database/MySQLi/Connection.php:292
Stack trace:
#0 /home/u834391968/domains/cgcolors.co/public_html/shopifypartialapp/system/Database/MySQLi/Connection.php(292): mysqli->query('INSERT INTO `or...', 0)
#1 /home/u834391968/domains/cgcolors.co/public_html/shopifypartialapp/system/Database/BaseConnection.php(666): CodeIgniter\Database\MySQLi\Connection->execute('INSERT INTO `or...')
#2 /home/u834391968/domains/cgcolors.co/public_html/shopifypartialapp/system/Database/BaseConnection.php(593): CodeIgniter\Database\BaseConnection->simpleQuery('INSERT INTO `or...')
#3 /home/u834391968/domains/cgcolors.co/public_html/shopifypartialapp/system/Database/BaseBuilder.php(1916): CodeIgniter\Database\BaseConnection->query('INSERT INTO `or...', Array, false)
#4 /home/u834391968/domains/cgcolors.co/public_html/shopifypartialapp/app/Models/UserModel.php(201): CodeIgniter\Database\BaseBuilder->insert(Array)
#5 /home/u834391968/domains/cgcolors.co/public_html/shopifypartialapp/app/Controllers/Home.php(847): App\Models\UserModel->track_orders(Array, 'partialtestapp....')
#6 /home/u834391968/domains/cgcolors.co/public_html/shopifypartialapp/system/CodeIgniter.php(927): App\Controllers\Home->show_all_orders()
#7 /home/u834391968/domains/cgcolors.co/public_html/shopifypartialapp/system/CodeIgniter.php(482): CodeIgniter\CodeIgniter->runController(Object(App\Controllers\Home))
#8 /home/u834391968/domains/cgcolors.co/public_html/shopifypartialapp/system/CodeIgniter.php(351): CodeIgniter\CodeIgniter->handleRequest(NULL, Object(Config\Cache), false)
#9 /home/u834391968/domains/cgcolors.co/public_html/shopifypartialapp/public/index.php(67): CodeIgniter\CodeIgniter->run()
#10 {main}
ERROR - 2023-06-14 08:21:35 --> mysqli_sql_exception: Column 'email' cannot be null in /home/u834391968/domains/cgcolors.co/public_html/shopifypartialapp/system/Database/MySQLi/Connection.php:292
Stack trace:
#0 /home/u834391968/domains/cgcolors.co/public_html/shopifypartialapp/system/Database/MySQLi/Connection.php(292): mysqli->query('INSERT INTO `or...', 0)
#1 /home/u834391968/domains/cgcolors.co/public_html/shopifypartialapp/system/Database/BaseConnection.php(666): CodeIgniter\Database\MySQLi\Connection->execute('INSERT INTO `or...')
#2 /home/u834391968/domains/cgcolors.co/public_html/shopifypartialapp/system/Database/BaseConnection.php(593): CodeIgniter\Database\BaseConnection->simpleQuery('INSERT INTO `or...')
#3 /home/u834391968/domains/cgcolors.co/public_html/shopifypartialapp/system/Database/BaseBuilder.php(1916): CodeIgniter\Database\BaseConnection->query('INSERT INTO `or...', Array, false)
#4 /home/u834391968/domains/cgcolors.co/public_html/shopifypartialapp/app/Models/UserModel.php(201): CodeIgniter\Database\BaseBuilder->insert(Array)
#5 /home/u834391968/domains/cgcolors.co/public_html/shopifypartialapp/app/Controllers/Home.php(847): App\Models\UserModel->track_orders(Array, 'partialtestapp....')
#6 /home/u834391968/domains/cgcolors.co/public_html/shopifypartialapp/system/CodeIgniter.php(927): App\Controllers\Home->show_all_orders()
#7 /home/u834391968/domains/cgcolors.co/public_html/shopifypartialapp/system/CodeIgniter.php(482): CodeIgniter\CodeIgniter->runController(Object(App\Controllers\Home))
#8 /home/u834391968/domains/cgcolors.co/public_html/shopifypartialapp/system/CodeIgniter.php(351): CodeIgniter\CodeIgniter->handleRequest(NULL, Object(Config\Cache), false)
#9 /home/u834391968/domains/cgcolors.co/public_html/shopifypartialapp/public/index.php(67): CodeIgniter\CodeIgniter->run()
#10 {main}
CRITICAL - 2023-06-14 08:21:35 --> Object of class stdClass could not be converted to string
in APPPATH/Views/all_orders.php on line 81.
 1 SYSTEMPATH/View/View.php(213): include()
 2 SYSTEMPATH/View/View.php(216): CodeIgniter\View\View->CodeIgniter\View\{closure}()
 3 SYSTEMPATH/Common.php(1134): CodeIgniter\View\View->render('all_orders', [], true)
 4 APPPATH/Controllers/Home.php(907): view('all_orders', [...])
 5 SYSTEMPATH/CodeIgniter.php(927): App\Controllers\Home->show_all_orders()
 6 SYSTEMPATH/CodeIgniter.php(482): CodeIgniter\CodeIgniter->runController(Object(App\Controllers\Home))
 7 SYSTEMPATH/CodeIgniter.php(351): CodeIgniter\CodeIgniter->handleRequest(null, Object(Config\Cache), false)
 8 FCPATH/index.php(67): CodeIgniter\CodeIgniter->run()
ERROR - 2023-06-14 08:22:37 --> mysqli_sql_exception: Column 'email' cannot be null in /home/u834391968/domains/cgcolors.co/public_html/shopifypartialapp/system/Database/MySQLi/Connection.php:292
Stack trace:
#0 /home/u834391968/domains/cgcolors.co/public_html/shopifypartialapp/system/Database/MySQLi/Connection.php(292): mysqli->query('INSERT INTO `or...', 0)
#1 /home/u834391968/domains/cgcolors.co/public_html/shopifypartialapp/system/Database/BaseConnection.php(666): CodeIgniter\Database\MySQLi\Connection->execute('INSERT INTO `or...')
#2 /home/u834391968/domains/cgcolors.co/public_html/shopifypartialapp/system/Database/BaseConnection.php(593): CodeIgniter\Database\BaseConnection->simpleQuery('INSERT INTO `or...')
#3 /home/u834391968/domains/cgcolors.co/public_html/shopifypartialapp/system/Database/BaseBuilder.php(1916): CodeIgniter\Database\BaseConnection->query('INSERT INTO `or...', Array, false)
#4 /home/u834391968/domains/cgcolors.co/public_html/shopifypartialapp/app/Models/UserModel.php(201): CodeIgniter\Database\BaseBuilder->insert(Array)
#5 /home/u834391968/domains/cgcolors.co/public_html/shopifypartialapp/app/Controllers/Home.php(847): App\Models\UserModel->track_orders(Array, 'partialtestapp....')
#6 /home/u834391968/domains/cgcolors.co/public_html/shopifypartialapp/system/CodeIgniter.php(927): App\Controllers\Home->show_all_orders()
#7 /home/u834391968/domains/cgcolors.co/public_html/shopifypartialapp/system/CodeIgniter.php(482): CodeIgniter\CodeIgniter->runController(Object(App\Controllers\Home))
#8 /home/u834391968/domains/cgcolors.co/public_html/shopifypartialapp/system/CodeIgniter.php(351): CodeIgniter\CodeIgniter->handleRequest(NULL, Object(Config\Cache), false)
#9 /home/u834391968/domains/cgcolors.co/public_html/shopifypartialapp/public/index.php(67): CodeIgniter\CodeIgniter->run()
#10 {main}
ERROR - 2023-06-14 08:25:53 --> mysqli_sql_exception: Column 'email' cannot be null in /home/u834391968/domains/cgcolors.co/public_html/shopifypartialapp/system/Database/MySQLi/Connection.php:292
Stack trace:
#0 /home/u834391968/domains/cgcolors.co/public_html/shopifypartialapp/system/Database/MySQLi/Connection.php(292): mysqli->query('INSERT INTO `or...', 0)
#1 /home/u834391968/domains/cgcolors.co/public_html/shopifypartialapp/system/Database/BaseConnection.php(666): CodeIgniter\Database\MySQLi\Connection->execute('INSERT INTO `or...')
#2 /home/u834391968/domains/cgcolors.co/public_html/shopifypartialapp/system/Database/BaseConnection.php(593): CodeIgniter\Database\BaseConnection->simpleQuery('INSERT INTO `or...')
#3 /home/u834391968/domains/cgcolors.co/public_html/shopifypartialapp/system/Database/BaseBuilder.php(1916): CodeIgniter\Database\BaseConnection->query('INSERT INTO `or...', Array, false)
#4 /home/u834391968/domains/cgcolors.co/public_html/shopifypartialapp/app/Models/UserModel.php(201): CodeIgniter\Database\BaseBuilder->insert(Array)
#5 /home/u834391968/domains/cgcolors.co/public_html/shopifypartialapp/app/Controllers/Home.php(847): App\Models\UserModel->track_orders(Array, 'partialtestapp....')
#6 /home/u834391968/domains/cgcolors.co/public_html/shopifypartialapp/system/CodeIgniter.php(927): App\Controllers\Home->show_all_orders()
#7 /home/u834391968/domains/cgcolors.co/public_html/shopifypartialapp/system/CodeIgniter.php(482): CodeIgniter\CodeIgniter->runController(Object(App\Controllers\Home))
#8 /home/u834391968/domains/cgcolors.co/public_html/shopifypartialapp/system/CodeIgniter.php(351): CodeIgniter\CodeIgniter->handleRequest(NULL, Object(Config\Cache), false)
#9 /home/u834391968/domains/cgcolors.co/public_html/shopifypartialapp/public/index.php(67): CodeIgniter\CodeIgniter->run()
#10 {main}
ERROR - 2023-06-14 08:26:21 --> mysqli_sql_exception: Column 'email' cannot be null in /home/u834391968/domains/cgcolors.co/public_html/shopifypartialapp/system/Database/MySQLi/Connection.php:292
Stack trace:
#0 /home/u834391968/domains/cgcolors.co/public_html/shopifypartialapp/system/Database/MySQLi/Connection.php(292): mysqli->query('INSERT INTO `or...', 0)
#1 /home/u834391968/domains/cgcolors.co/public_html/shopifypartialapp/system/Database/BaseConnection.php(666): CodeIgniter\Database\MySQLi\Connection->execute('INSERT INTO `or...')
#2 /home/u834391968/domains/cgcolors.co/public_html/shopifypartialapp/system/Database/BaseConnection.php(593): CodeIgniter\Database\BaseConnection->simpleQuery('INSERT INTO `or...')
#3 /home/u834391968/domains/cgcolors.co/public_html/shopifypartialapp/system/Database/BaseBuilder.php(1916): CodeIgniter\Database\BaseConnection->query('INSERT INTO `or...', Array, false)
#4 /home/u834391968/domains/cgcolors.co/public_html/shopifypartialapp/app/Models/UserModel.php(201): CodeIgniter\Database\BaseBuilder->insert(Array)
#5 /home/u834391968/domains/cgcolors.co/public_html/shopifypartialapp/app/Controllers/Home.php(847): App\Models\UserModel->track_orders(Array, 'partialtestapp....')
#6 /home/u834391968/domains/cgcolors.co/public_html/shopifypartialapp/system/CodeIgniter.php(927): App\Controllers\Home->show_all_orders()
#7 /home/u834391968/domains/cgcolors.co/public_html/shopifypartialapp/system/CodeIgniter.php(482): CodeIgniter\CodeIgniter->runController(Object(App\Controllers\Home))
#8 /home/u834391968/domains/cgcolors.co/public_html/shopifypartialapp/system/CodeIgniter.php(351): CodeIgniter\CodeIgniter->handleRequest(NULL, Object(Config\Cache), false)
#9 /home/u834391968/domains/cgcolors.co/public_html/shopifypartialapp/public/index.php(67): CodeIgniter\CodeIgniter->run()
#10 {main}
ERROR - 2023-06-14 08:56:11 --> mysqli_sql_exception: Column 'email' cannot be null in /home/u834391968/domains/cgcolors.co/public_html/shopifypartialapp/system/Database/MySQLi/Connection.php:292
Stack trace:
#0 /home/u834391968/domains/cgcolors.co/public_html/shopifypartialapp/system/Database/MySQLi/Connection.php(292): mysqli->query('INSERT INTO `or...', 0)
#1 /home/u834391968/domains/cgcolors.co/public_html/shopifypartialapp/system/Database/BaseConnection.php(666): CodeIgniter\Database\MySQLi\Connection->execute('INSERT INTO `or...')
#2 /home/u834391968/domains/cgcolors.co/public_html/shopifypartialapp/system/Database/BaseConnection.php(593): CodeIgniter\Database\BaseConnection->simpleQuery('INSERT INTO `or...')
#3 /home/u834391968/domains/cgcolors.co/public_html/shopifypartialapp/system/Database/BaseBuilder.php(1916): CodeIgniter\Database\BaseConnection->query('INSERT INTO `or...', Array, false)
#4 /home/u834391968/domains/cgcolors.co/public_html/shopifypartialapp/app/Models/UserModel.php(201): CodeIgniter\Database\BaseBuilder->insert(Array)
#5 /home/u834391968/domains/cgcolors.co/public_html/shopifypartialapp/app/Controllers/Home.php(847): App\Models\UserModel->track_orders(Array, 'partialtestapp....')
#6 /home/u834391968/domains/cgcolors.co/public_html/shopifypartialapp/system/CodeIgniter.php(927): App\Controllers\Home->show_all_orders()
#7 /home/u834391968/domains/cgcolors.co/public_html/shopifypartialapp/system/CodeIgniter.php(482): CodeIgniter\CodeIgniter->runController(Object(App\Controllers\Home))
#8 /home/u834391968/domains/cgcolors.co/public_html/shopifypartialapp/system/CodeIgniter.php(351): CodeIgniter\CodeIgniter->handleRequest(NULL, Object(Config\Cache), false)
#9 /home/u834391968/domains/cgcolors.co/public_html/shopifypartialapp/public/index.php(67): CodeIgniter\CodeIgniter->run()
#10 {main}
ERROR - 2023-06-14 08:57:28 --> mysqli_sql_exception: Column 'email' cannot be null in /home/u834391968/domains/cgcolors.co/public_html/shopifypartialapp/system/Database/MySQLi/Connection.php:292
Stack trace:
#0 /home/u834391968/domains/cgcolors.co/public_html/shopifypartialapp/system/Database/MySQLi/Connection.php(292): mysqli->query('INSERT INTO `or...', 0)
#1 /home/u834391968/domains/cgcolors.co/public_html/shopifypartialapp/system/Database/BaseConnection.php(666): CodeIgniter\Database\MySQLi\Connection->execute('INSERT INTO `or...')
#2 /home/u834391968/domains/cgcolors.co/public_html/shopifypartialapp/system/Database/BaseConnection.php(593): CodeIgniter\Database\BaseConnection->simpleQuery('INSERT INTO `or...')
#3 /home/u834391968/domains/cgcolors.co/public_html/shopifypartialapp/system/Database/BaseBuilder.php(1916): CodeIgniter\Database\BaseConnection->query('INSERT INTO `or...', Array, false)
#4 /home/u834391968/domains/cgcolors.co/public_html/shopifypartialapp/app/Models/UserModel.php(201): CodeIgniter\Database\BaseBuilder->insert(Array)
#5 /home/u834391968/domains/cgcolors.co/public_html/shopifypartialapp/app/Controllers/Home.php(847): App\Models\UserModel->track_orders(Array, 'partialtestapp....')
#6 /home/u834391968/domains/cgcolors.co/public_html/shopifypartialapp/system/CodeIgniter.php(927): App\Controllers\Home->show_all_orders()
#7 /home/u834391968/domains/cgcolors.co/public_html/shopifypartialapp/system/CodeIgniter.php(482): CodeIgniter\CodeIgniter->runController(Object(App\Controllers\Home))
#8 /home/u834391968/domains/cgcolors.co/public_html/shopifypartialapp/system/CodeIgniter.php(351): CodeIgniter\CodeIgniter->handleRequest(NULL, Object(Config\Cache), false)
#9 /home/u834391968/domains/cgcolors.co/public_html/shopifypartialapp/public/index.php(67): CodeIgniter\CodeIgniter->run()
#10 {main}
ERROR - 2023-06-14 08:58:35 --> mysqli_sql_exception: Column 'email' cannot be null in /home/u834391968/domains/cgcolors.co/public_html/shopifypartialapp/system/Database/MySQLi/Connection.php:292
Stack trace:
#0 /home/u834391968/domains/cgcolors.co/public_html/shopifypartialapp/system/Database/MySQLi/Connection.php(292): mysqli->query('INSERT INTO `or...', 0)
#1 /home/u834391968/domains/cgcolors.co/public_html/shopifypartialapp/system/Database/BaseConnection.php(666): CodeIgniter\Database\MySQLi\Connection->execute('INSERT INTO `or...')
#2 /home/u834391968/domains/cgcolors.co/public_html/shopifypartialapp/system/Database/BaseConnection.php(593): CodeIgniter\Database\BaseConnection->simpleQuery('INSERT INTO `or...')
#3 /home/u834391968/domains/cgcolors.co/public_html/shopifypartialapp/system/Database/BaseBuilder.php(1916): CodeIgniter\Database\BaseConnection->query('INSERT INTO `or...', Array, false)
#4 /home/u834391968/domains/cgcolors.co/public_html/shopifypartialapp/app/Models/UserModel.php(201): CodeIgniter\Database\BaseBuilder->insert(Array)
#5 /home/u834391968/domains/cgcolors.co/public_html/shopifypartialapp/app/Controllers/Home.php(847): App\Models\UserModel->track_orders(Array, 'partialtestapp....')
#6 /home/u834391968/domains/cgcolors.co/public_html/shopifypartialapp/system/CodeIgniter.php(927): App\Controllers\Home->show_all_orders()
#7 /home/u834391968/domains/cgcolors.co/public_html/shopifypartialapp/system/CodeIgniter.php(482): CodeIgniter\CodeIgniter->runController(Object(App\Controllers\Home))
#8 /home/u834391968/domains/cgcolors.co/public_html/shopifypartialapp/system/CodeIgniter.php(351): CodeIgniter\CodeIgniter->handleRequest(NULL, Object(Config\Cache), false)
#9 /home/u834391968/domains/cgcolors.co/public_html/shopifypartialapp/public/index.php(67): CodeIgniter\CodeIgniter->run()
#10 {main}
ERROR - 2023-06-14 09:00:17 --> mysqli_sql_exception: Column 'email' cannot be null in /home/u834391968/domains/cgcolors.co/public_html/shopifypartialapp/system/Database/MySQLi/Connection.php:292
Stack trace:
#0 /home/u834391968/domains/cgcolors.co/public_html/shopifypartialapp/system/Database/MySQLi/Connection.php(292): mysqli->query('INSERT INTO `or...', 0)
#1 /home/u834391968/domains/cgcolors.co/public_html/shopifypartialapp/system/Database/BaseConnection.php(666): CodeIgniter\Database\MySQLi\Connection->execute('INSERT INTO `or...')
#2 /home/u834391968/domains/cgcolors.co/public_html/shopifypartialapp/system/Database/BaseConnection.php(593): CodeIgniter\Database\BaseConnection->simpleQuery('INSERT INTO `or...')
#3 /home/u834391968/domains/cgcolors.co/public_html/shopifypartialapp/system/Database/BaseBuilder.php(1916): CodeIgniter\Database\BaseConnection->query('INSERT INTO `or...', Array, false)
#4 /home/u834391968/domains/cgcolors.co/public_html/shopifypartialapp/app/Models/UserModel.php(201): CodeIgniter\Database\BaseBuilder->insert(Array)
#5 /home/u834391968/domains/cgcolors.co/public_html/shopifypartialapp/app/Controllers/Home.php(847): App\Models\UserModel->track_orders(Array, 'partialtestapp....')
#6 /home/u834391968/domains/cgcolors.co/public_html/shopifypartialapp/system/CodeIgniter.php(927): App\Controllers\Home->show_all_orders()
#7 /home/u834391968/domains/cgcolors.co/public_html/shopifypartialapp/system/CodeIgniter.php(482): CodeIgniter\CodeIgniter->runController(Object(App\Controllers\Home))
#8 /home/u834391968/domains/cgcolors.co/public_html/shopifypartialapp/system/CodeIgniter.php(351): CodeIgniter\CodeIgniter->handleRequest(NULL, Object(Config\Cache), false)
#9 /home/u834391968/domains/cgcolors.co/public_html/shopifypartialapp/public/index.php(67): CodeIgniter\CodeIgniter->run()
#10 {main}
ERROR - 2023-06-14 09:01:56 --> mysqli_sql_exception: Column 'email' cannot be null in /home/u834391968/domains/cgcolors.co/public_html/shopifypartialapp/system/Database/MySQLi/Connection.php:292
Stack trace:
#0 /home/u834391968/domains/cgcolors.co/public_html/shopifypartialapp/system/Database/MySQLi/Connection.php(292): mysqli->query('INSERT INTO `or...', 0)
#1 /home/u834391968/domains/cgcolors.co/public_html/shopifypartialapp/system/Database/BaseConnection.php(666): CodeIgniter\Database\MySQLi\Connection->execute('INSERT INTO `or...')
#2 /home/u834391968/domains/cgcolors.co/public_html/shopifypartialapp/system/Database/BaseConnection.php(593): CodeIgniter\Database\BaseConnection->simpleQuery('INSERT INTO `or...')
#3 /home/u834391968/domains/cgcolors.co/public_html/shopifypartialapp/system/Database/BaseBuilder.php(1916): CodeIgniter\Database\BaseConnection->query('INSERT INTO `or...', Array, false)
#4 /home/u834391968/domains/cgcolors.co/public_html/shopifypartialapp/app/Models/UserModel.php(201): CodeIgniter\Database\BaseBuilder->insert(Array)
#5 /home/u834391968/domains/cgcolors.co/public_html/shopifypartialapp/app/Controllers/Home.php(847): App\Models\UserModel->track_orders(Array, 'partialtestapp....')
#6 /home/u834391968/domains/cgcolors.co/public_html/shopifypartialapp/system/CodeIgniter.php(927): App\Controllers\Home->show_all_orders()
#7 /home/u834391968/domains/cgcolors.co/public_html/shopifypartialapp/system/CodeIgniter.php(482): CodeIgniter\CodeIgniter->runController(Object(App\Controllers\Home))
#8 /home/u834391968/domains/cgcolors.co/public_html/shopifypartialapp/system/CodeIgniter.php(351): CodeIgniter\CodeIgniter->handleRequest(NULL, Object(Config\Cache), false)
#9 /home/u834391968/domains/cgcolors.co/public_html/shopifypartialapp/public/index.php(67): CodeIgniter\CodeIgniter->run()
#10 {main}
ERROR - 2023-06-14 09:02:49 --> mysqli_sql_exception: Column 'email' cannot be null in /home/u834391968/domains/cgcolors.co/public_html/shopifypartialapp/system/Database/MySQLi/Connection.php:292
Stack trace:
#0 /home/u834391968/domains/cgcolors.co/public_html/shopifypartialapp/system/Database/MySQLi/Connection.php(292): mysqli->query('INSERT INTO `or...', 0)
#1 /home/u834391968/domains/cgcolors.co/public_html/shopifypartialapp/system/Database/BaseConnection.php(666): CodeIgniter\Database\MySQLi\Connection->execute('INSERT INTO `or...')
#2 /home/u834391968/domains/cgcolors.co/public_html/shopifypartialapp/system/Database/BaseConnection.php(593): CodeIgniter\Database\BaseConnection->simpleQuery('INSERT INTO `or...')
#3 /home/u834391968/domains/cgcolors.co/public_html/shopifypartialapp/system/Database/BaseBuilder.php(1916): CodeIgniter\Database\BaseConnection->query('INSERT INTO `or...', Array, false)
#4 /home/u834391968/domains/cgcolors.co/public_html/shopifypartialapp/app/Models/UserModel.php(201): CodeIgniter\Database\BaseBuilder->insert(Array)
#5 /home/u834391968/domains/cgcolors.co/public_html/shopifypartialapp/app/Controllers/Home.php(847): App\Models\UserModel->track_orders(Array, 'partialtestapp....')
#6 /home/u834391968/domains/cgcolors.co/public_html/shopifypartialapp/system/CodeIgniter.php(927): App\Controllers\Home->show_all_orders()
#7 /home/u834391968/domains/cgcolors.co/public_html/shopifypartialapp/system/CodeIgniter.php(482): CodeIgniter\CodeIgniter->runController(Object(App\Controllers\Home))
#8 /home/u834391968/domains/cgcolors.co/public_html/shopifypartialapp/system/CodeIgniter.php(351): CodeIgniter\CodeIgniter->handleRequest(NULL, Object(Config\Cache), false)
#9 /home/u834391968/domains/cgcolors.co/public_html/shopifypartialapp/public/index.php(67): CodeIgniter\CodeIgniter->run()
#10 {main}
ERROR - 2023-06-14 09:43:03 --> mysqli_sql_exception: Column 'email' cannot be null in /home/u834391968/domains/cgcolors.co/public_html/shopifypartialapp/system/Database/MySQLi/Connection.php:292
Stack trace:
#0 /home/u834391968/domains/cgcolors.co/public_html/shopifypartialapp/system/Database/MySQLi/Connection.php(292): mysqli->query('INSERT INTO `or...', 0)
#1 /home/u834391968/domains/cgcolors.co/public_html/shopifypartialapp/system/Database/BaseConnection.php(666): CodeIgniter\Database\MySQLi\Connection->execute('INSERT INTO `or...')
#2 /home/u834391968/domains/cgcolors.co/public_html/shopifypartialapp/system/Database/BaseConnection.php(593): CodeIgniter\Database\BaseConnection->simpleQuery('INSERT INTO `or...')
#3 /home/u834391968/domains/cgcolors.co/public_html/shopifypartialapp/system/Database/BaseBuilder.php(1916): CodeIgniter\Database\BaseConnection->query('INSERT INTO `or...', Array, false)
#4 /home/u834391968/domains/cgcolors.co/public_html/shopifypartialapp/app/Models/UserModel.php(201): CodeIgniter\Database\BaseBuilder->insert(Array)
#5 /home/u834391968/domains/cgcolors.co/public_html/shopifypartialapp/app/Controllers/Home.php(848): App\Models\UserModel->track_orders(Array, 'partialtestapp....')
#6 /home/u834391968/domains/cgcolors.co/public_html/shopifypartialapp/system/CodeIgniter.php(927): App\Controllers\Home->show_all_orders()
#7 /home/u834391968/domains/cgcolors.co/public_html/shopifypartialapp/system/CodeIgniter.php(482): CodeIgniter\CodeIgniter->runController(Object(App\Controllers\Home))
#8 /home/u834391968/domains/cgcolors.co/public_html/shopifypartialapp/system/CodeIgniter.php(351): CodeIgniter\CodeIgniter->handleRequest(NULL, Object(Config\Cache), false)
#9 /home/u834391968/domains/cgcolors.co/public_html/shopifypartialapp/public/index.php(67): CodeIgniter\CodeIgniter->run()
#10 {main}
ERROR - 2023-06-14 09:46:39 --> mysqli_sql_exception: Column 'email' cannot be null in /home/u834391968/domains/cgcolors.co/public_html/shopifypartialapp/system/Database/MySQLi/Connection.php:292
Stack trace:
#0 /home/u834391968/domains/cgcolors.co/public_html/shopifypartialapp/system/Database/MySQLi/Connection.php(292): mysqli->query('INSERT INTO `or...', 0)
#1 /home/u834391968/domains/cgcolors.co/public_html/shopifypartialapp/system/Database/BaseConnection.php(666): CodeIgniter\Database\MySQLi\Connection->execute('INSERT INTO `or...')
#2 /home/u834391968/domains/cgcolors.co/public_html/shopifypartialapp/system/Database/BaseConnection.php(593): CodeIgniter\Database\BaseConnection->simpleQuery('INSERT INTO `or...')
#3 /home/u834391968/domains/cgcolors.co/public_html/shopifypartialapp/system/Database/BaseBuilder.php(1916): CodeIgniter\Database\BaseConnection->query('INSERT INTO `or...', Array, false)
#4 /home/u834391968/domains/cgcolors.co/public_html/shopifypartialapp/app/Models/UserModel.php(201): CodeIgniter\Database\BaseBuilder->insert(Array)
#5 /home/u834391968/domains/cgcolors.co/public_html/shopifypartialapp/app/Controllers/Home.php(848): App\Models\UserModel->track_orders(Array, 'partialtestapp....')
#6 /home/u834391968/domains/cgcolors.co/public_html/shopifypartialapp/system/CodeIgniter.php(927): App\Controllers\Home->show_all_orders()
#7 /home/u834391968/domains/cgcolors.co/public_html/shopifypartialapp/system/CodeIgniter.php(482): CodeIgniter\CodeIgniter->runController(Object(App\Controllers\Home))
#8 /home/u834391968/domains/cgcolors.co/public_html/shopifypartialapp/system/CodeIgniter.php(351): CodeIgniter\CodeIgniter->handleRequest(NULL, Object(Config\Cache), false)
#9 /home/u834391968/domains/cgcolors.co/public_html/shopifypartialapp/public/index.php(67): CodeIgniter\CodeIgniter->run()
#10 {main}
ERROR - 2023-06-14 09:49:08 --> mysqli_sql_exception: Column 'email' cannot be null in /home/u834391968/domains/cgcolors.co/public_html/shopifypartialapp/system/Database/MySQLi/Connection.php:292
Stack trace:
#0 /home/u834391968/domains/cgcolors.co/public_html/shopifypartialapp/system/Database/MySQLi/Connection.php(292): mysqli->query('INSERT INTO `or...', 0)
#1 /home/u834391968/domains/cgcolors.co/public_html/shopifypartialapp/system/Database/BaseConnection.php(666): CodeIgniter\Database\MySQLi\Connection->execute('INSERT INTO `or...')
#2 /home/u834391968/domains/cgcolors.co/public_html/shopifypartialapp/system/Database/BaseConnection.php(593): CodeIgniter\Database\BaseConnection->simpleQuery('INSERT INTO `or...')
#3 /home/u834391968/domains/cgcolors.co/public_html/shopifypartialapp/system/Database/BaseBuilder.php(1916): CodeIgniter\Database\BaseConnection->query('INSERT INTO `or...', Array, false)
#4 /home/u834391968/domains/cgcolors.co/public_html/shopifypartialapp/app/Models/UserModel.php(201): CodeIgniter\Database\BaseBuilder->insert(Array)
#5 /home/u834391968/domains/cgcolors.co/public_html/shopifypartialapp/app/Controllers/Home.php(848): App\Models\UserModel->track_orders(Array, 'partialtestapp....')
#6 /home/u834391968/domains/cgcolors.co/public_html/shopifypartialapp/system/CodeIgniter.php(927): App\Controllers\Home->show_all_orders()
#7 /home/u834391968/domains/cgcolors.co/public_html/shopifypartialapp/system/CodeIgniter.php(482): CodeIgniter\CodeIgniter->runController(Object(App\Controllers\Home))
#8 /home/u834391968/domains/cgcolors.co/public_html/shopifypartialapp/system/CodeIgniter.php(351): CodeIgniter\CodeIgniter->handleRequest(NULL, Object(Config\Cache), false)
#9 /home/u834391968/domains/cgcolors.co/public_html/shopifypartialapp/public/index.php(67): CodeIgniter\CodeIgniter->run()
#10 {main}
ERROR - 2023-06-14 09:49:36 --> mysqli_sql_exception: Column 'email' cannot be null in /home/u834391968/domains/cgcolors.co/public_html/shopifypartialapp/system/Database/MySQLi/Connection.php:292
Stack trace:
#0 /home/u834391968/domains/cgcolors.co/public_html/shopifypartialapp/system/Database/MySQLi/Connection.php(292): mysqli->query('INSERT INTO `or...', 0)
#1 /home/u834391968/domains/cgcolors.co/public_html/shopifypartialapp/system/Database/BaseConnection.php(666): CodeIgniter\Database\MySQLi\Connection->execute('INSERT INTO `or...')
#2 /home/u834391968/domains/cgcolors.co/public_html/shopifypartialapp/system/Database/BaseConnection.php(593): CodeIgniter\Database\BaseConnection->simpleQuery('INSERT INTO `or...')
#3 /home/u834391968/domains/cgcolors.co/public_html/shopifypartialapp/system/Database/BaseBuilder.php(1916): CodeIgniter\Database\BaseConnection->query('INSERT INTO `or...', Array, false)
#4 /home/u834391968/domains/cgcolors.co/public_html/shopifypartialapp/app/Models/UserModel.php(201): CodeIgniter\Database\BaseBuilder->insert(Array)
#5 /home/u834391968/domains/cgcolors.co/public_html/shopifypartialapp/app/Controllers/Home.php(848): App\Models\UserModel->track_orders(Array, 'partialtestapp....')
#6 /home/u834391968/domains/cgcolors.co/public_html/shopifypartialapp/system/CodeIgniter.php(927): App\Controllers\Home->show_all_orders()
#7 /home/u834391968/domains/cgcolors.co/public_html/shopifypartialapp/system/CodeIgniter.php(482): CodeIgniter\CodeIgniter->runController(Object(App\Controllers\Home))
#8 /home/u834391968/domains/cgcolors.co/public_html/shopifypartialapp/system/CodeIgniter.php(351): CodeIgniter\CodeIgniter->handleRequest(NULL, Object(Config\Cache), false)
#9 /home/u834391968/domains/cgcolors.co/public_html/shopifypartialapp/public/index.php(67): CodeIgniter\CodeIgniter->run()
#10 {main}
ERROR - 2023-06-14 09:49:36 --> mysqli_sql_exception: Column 'email' cannot be null in /home/u834391968/domains/cgcolors.co/public_html/shopifypartialapp/system/Database/MySQLi/Connection.php:292
Stack trace:
#0 /home/u834391968/domains/cgcolors.co/public_html/shopifypartialapp/system/Database/MySQLi/Connection.php(292): mysqli->query('INSERT INTO `or...', 0)
#1 /home/u834391968/domains/cgcolors.co/public_html/shopifypartialapp/system/Database/BaseConnection.php(666): CodeIgniter\Database\MySQLi\Connection->execute('INSERT INTO `or...')
#2 /home/u834391968/domains/cgcolors.co/public_html/shopifypartialapp/system/Database/BaseConnection.php(593): CodeIgniter\Database\BaseConnection->simpleQuery('INSERT INTO `or...')
#3 /home/u834391968/domains/cgcolors.co/public_html/shopifypartialapp/system/Database/BaseBuilder.php(1916): CodeIgniter\Database\BaseConnection->query('INSERT INTO `or...', Array, false)
#4 /home/u834391968/domains/cgcolors.co/public_html/shopifypartialapp/app/Models/UserModel.php(201): CodeIgniter\Database\BaseBuilder->insert(Array)
#5 /home/u834391968/domains/cgcolors.co/public_html/shopifypartialapp/app/Controllers/Home.php(848): App\Models\UserModel->track_orders(Array, 'partialtestapp....')
#6 /home/u834391968/domains/cgcolors.co/public_html/shopifypartialapp/system/CodeIgniter.php(927): App\Controllers\Home->show_all_orders()
#7 /home/u834391968/domains/cgcolors.co/public_html/shopifypartialapp/system/CodeIgniter.php(482): CodeIgniter\CodeIgniter->runController(Object(App\Controllers\Home))
#8 /home/u834391968/domains/cgcolors.co/public_html/shopifypartialapp/system/CodeIgniter.php(351): CodeIgniter\CodeIgniter->handleRequest(NULL, Object(Config\Cache), false)
#9 /home/u834391968/domains/cgcolors.co/public_html/shopifypartialapp/public/index.php(67): CodeIgniter\CodeIgniter->run()
#10 {main}
ERROR - 2023-06-14 09:50:51 --> mysqli_sql_exception: Column 'email' cannot be null in /home/u834391968/domains/cgcolors.co/public_html/shopifypartialapp/system/Database/MySQLi/Connection.php:292
Stack trace:
#0 /home/u834391968/domains/cgcolors.co/public_html/shopifypartialapp/system/Database/MySQLi/Connection.php(292): mysqli->query('INSERT INTO `or...', 0)
#1 /home/u834391968/domains/cgcolors.co/public_html/shopifypartialapp/system/Database/BaseConnection.php(666): CodeIgniter\Database\MySQLi\Connection->execute('INSERT INTO `or...')
#2 /home/u834391968/domains/cgcolors.co/public_html/shopifypartialapp/system/Database/BaseConnection.php(593): CodeIgniter\Database\BaseConnection->simpleQuery('INSERT INTO `or...')
#3 /home/u834391968/domains/cgcolors.co/public_html/shopifypartialapp/system/Database/BaseBuilder.php(1916): CodeIgniter\Database\BaseConnection->query('INSERT INTO `or...', Array, false)
#4 /home/u834391968/domains/cgcolors.co/public_html/shopifypartialapp/app/Models/UserModel.php(201): CodeIgniter\Database\BaseBuilder->insert(Array)
#5 /home/u834391968/domains/cgcolors.co/public_html/shopifypartialapp/app/Controllers/Home.php(848): App\Models\UserModel->track_orders(Array, 'partialtestapp....')
#6 /home/u834391968/domains/cgcolors.co/public_html/shopifypartialapp/system/CodeIgniter.php(927): App\Controllers\Home->show_all_orders()
#7 /home/u834391968/domains/cgcolors.co/public_html/shopifypartialapp/system/CodeIgniter.php(482): CodeIgniter\CodeIgniter->runController(Object(App\Controllers\Home))
#8 /home/u834391968/domains/cgcolors.co/public_html/shopifypartialapp/system/CodeIgniter.php(351): CodeIgniter\CodeIgniter->handleRequest(NULL, Object(Config\Cache), false)
#9 /home/u834391968/domains/cgcolors.co/public_html/shopifypartialapp/public/index.php(67): CodeIgniter\CodeIgniter->run()
#10 {main}
ERROR - 2023-06-14 09:59:08 --> mysqli_sql_exception: Column 'email' cannot be null in /home/u834391968/domains/cgcolors.co/public_html/shopifypartialapp/system/Database/MySQLi/Connection.php:292
Stack trace:
#0 /home/u834391968/domains/cgcolors.co/public_html/shopifypartialapp/system/Database/MySQLi/Connection.php(292): mysqli->query('INSERT INTO `or...', 0)
#1 /home/u834391968/domains/cgcolors.co/public_html/shopifypartialapp/system/Database/BaseConnection.php(666): CodeIgniter\Database\MySQLi\Connection->execute('INSERT INTO `or...')
#2 /home/u834391968/domains/cgcolors.co/public_html/shopifypartialapp/system/Database/BaseConnection.php(593): CodeIgniter\Database\BaseConnection->simpleQuery('INSERT INTO `or...')
#3 /home/u834391968/domains/cgcolors.co/public_html/shopifypartialapp/system/Database/BaseBuilder.php(1916): CodeIgniter\Database\BaseConnection->query('INSERT INTO `or...', Array, false)
#4 /home/u834391968/domains/cgcolors.co/public_html/shopifypartialapp/app/Models/UserModel.php(201): CodeIgniter\Database\BaseBuilder->insert(Array)
#5 /home/u834391968/domains/cgcolors.co/public_html/shopifypartialapp/app/Controllers/Home.php(848): App\Models\UserModel->track_orders(Array, 'partialtestapp....')
#6 /home/u834391968/domains/cgcolors.co/public_html/shopifypartialapp/system/CodeIgniter.php(927): App\Controllers\Home->show_all_orders()
#7 /home/u834391968/domains/cgcolors.co/public_html/shopifypartialapp/system/CodeIgniter.php(482): CodeIgniter\CodeIgniter->runController(Object(App\Controllers\Home))
#8 /home/u834391968/domains/cgcolors.co/public_html/shopifypartialapp/system/CodeIgniter.php(351): CodeIgniter\CodeIgniter->handleRequest(NULL, Object(Config\Cache), false)
#9 /home/u834391968/domains/cgcolors.co/public_html/shopifypartialapp/public/index.php(67): CodeIgniter\CodeIgniter->run()
#10 {main}
ERROR - 2023-06-14 10:12:07 --> mysqli_sql_exception: Column 'email' cannot be null in /home/u834391968/domains/cgcolors.co/public_html/shopifypartialapp/system/Database/MySQLi/Connection.php:292
Stack trace:
#0 /home/u834391968/domains/cgcolors.co/public_html/shopifypartialapp/system/Database/MySQLi/Connection.php(292): mysqli->query('INSERT INTO `or...', 0)
#1 /home/u834391968/domains/cgcolors.co/public_html/shopifypartialapp/system/Database/BaseConnection.php(666): CodeIgniter\Database\MySQLi\Connection->execute('INSERT INTO `or...')
#2 /home/u834391968/domains/cgcolors.co/public_html/shopifypartialapp/system/Database/BaseConnection.php(593): CodeIgniter\Database\BaseConnection->simpleQuery('INSERT INTO `or...')
#3 /home/u834391968/domains/cgcolors.co/public_html/shopifypartialapp/system/Database/BaseBuilder.php(1916): CodeIgniter\Database\BaseConnection->query('INSERT INTO `or...', Array, false)
#4 /home/u834391968/domains/cgcolors.co/public_html/shopifypartialapp/app/Models/UserModel.php(201): CodeIgniter\Database\BaseBuilder->insert(Array)
#5 /home/u834391968/domains/cgcolors.co/public_html/shopifypartialapp/app/Controllers/Home.php(850): App\Models\UserModel->track_orders(Array, 'partialtestapp....')
#6 /home/u834391968/domains/cgcolors.co/public_html/shopifypartialapp/system/CodeIgniter.php(927): App\Controllers\Home->show_all_orders()
#7 /home/u834391968/domains/cgcolors.co/public_html/shopifypartialapp/system/CodeIgniter.php(482): CodeIgniter\CodeIgniter->runController(Object(App\Controllers\Home))
#8 /home/u834391968/domains/cgcolors.co/public_html/shopifypartialapp/system/CodeIgniter.php(351): CodeIgniter\CodeIgniter->handleRequest(NULL, Object(Config\Cache), false)
#9 /home/u834391968/domains/cgcolors.co/public_html/shopifypartialapp/public/index.php(67): CodeIgniter\CodeIgniter->run()
#10 {main}
ERROR - 2023-06-14 10:14:14 --> mysqli_sql_exception: Column 'email' cannot be null in /home/u834391968/domains/cgcolors.co/public_html/shopifypartialapp/system/Database/MySQLi/Connection.php:292
Stack trace:
#0 /home/u834391968/domains/cgcolors.co/public_html/shopifypartialapp/system/Database/MySQLi/Connection.php(292): mysqli->query('INSERT INTO `or...', 0)
#1 /home/u834391968/domains/cgcolors.co/public_html/shopifypartialapp/system/Database/BaseConnection.php(666): CodeIgniter\Database\MySQLi\Connection->execute('INSERT INTO `or...')
#2 /home/u834391968/domains/cgcolors.co/public_html/shopifypartialapp/system/Database/BaseConnection.php(593): CodeIgniter\Database\BaseConnection->simpleQuery('INSERT INTO `or...')
#3 /home/u834391968/domains/cgcolors.co/public_html/shopifypartialapp/system/Database/BaseBuilder.php(1916): CodeIgniter\Database\BaseConnection->query('INSERT INTO `or...', Array, false)
#4 /home/u834391968/domains/cgcolors.co/public_html/shopifypartialapp/app/Models/UserModel.php(201): CodeIgniter\Database\BaseBuilder->insert(Array)
#5 /home/u834391968/domains/cgcolors.co/public_html/shopifypartialapp/app/Controllers/Home.php(850): App\Models\UserModel->track_orders(Array, 'partialtestapp....')
#6 /home/u834391968/domains/cgcolors.co/public_html/shopifypartialapp/system/CodeIgniter.php(927): App\Controllers\Home->show_all_orders()
#7 /home/u834391968/domains/cgcolors.co/public_html/shopifypartialapp/system/CodeIgniter.php(482): CodeIgniter\CodeIgniter->runController(Object(App\Controllers\Home))
#8 /home/u834391968/domains/cgcolors.co/public_html/shopifypartialapp/system/CodeIgniter.php(351): CodeIgniter\CodeIgniter->handleRequest(NULL, Object(Config\Cache), false)
#9 /home/u834391968/domains/cgcolors.co/public_html/shopifypartialapp/public/index.php(67): CodeIgniter\CodeIgniter->run()
#10 {main}
ERROR - 2023-06-14 10:15:38 --> mysqli_sql_exception: Column 'email' cannot be null in /home/u834391968/domains/cgcolors.co/public_html/shopifypartialapp/system/Database/MySQLi/Connection.php:292
Stack trace:
#0 /home/u834391968/domains/cgcolors.co/public_html/shopifypartialapp/system/Database/MySQLi/Connection.php(292): mysqli->query('INSERT INTO `or...', 0)
#1 /home/u834391968/domains/cgcolors.co/public_html/shopifypartialapp/system/Database/BaseConnection.php(666): CodeIgniter\Database\MySQLi\Connection->execute('INSERT INTO `or...')
#2 /home/u834391968/domains/cgcolors.co/public_html/shopifypartialapp/system/Database/BaseConnection.php(593): CodeIgniter\Database\BaseConnection->simpleQuery('INSERT INTO `or...')
#3 /home/u834391968/domains/cgcolors.co/public_html/shopifypartialapp/system/Database/BaseBuilder.php(1916): CodeIgniter\Database\BaseConnection->query('INSERT INTO `or...', Array, false)
#4 /home/u834391968/domains/cgcolors.co/public_html/shopifypartialapp/app/Models/UserModel.php(201): CodeIgniter\Database\BaseBuilder->insert(Array)
#5 /home/u834391968/domains/cgcolors.co/public_html/shopifypartialapp/app/Controllers/Home.php(850): App\Models\UserModel->track_orders(Array, 'partialtestapp....')
#6 /home/u834391968/domains/cgcolors.co/public_html/shopifypartialapp/system/CodeIgniter.php(927): App\Controllers\Home->show_all_orders()
#7 /home/u834391968/domains/cgcolors.co/public_html/shopifypartialapp/system/CodeIgniter.php(482): CodeIgniter\CodeIgniter->runController(Object(App\Controllers\Home))
#8 /home/u834391968/domains/cgcolors.co/public_html/shopifypartialapp/system/CodeIgniter.php(351): CodeIgniter\CodeIgniter->handleRequest(NULL, Object(Config\Cache), false)
#9 /home/u834391968/domains/cgcolors.co/public_html/shopifypartialapp/public/index.php(67): CodeIgniter\CodeIgniter->run()
#10 {main}
ERROR - 2023-06-14 10:16:36 --> mysqli_sql_exception: Column 'email' cannot be null in /home/u834391968/domains/cgcolors.co/public_html/shopifypartialapp/system/Database/MySQLi/Connection.php:292
Stack trace:
#0 /home/u834391968/domains/cgcolors.co/public_html/shopifypartialapp/system/Database/MySQLi/Connection.php(292): mysqli->query('INSERT INTO `or...', 0)
#1 /home/u834391968/domains/cgcolors.co/public_html/shopifypartialapp/system/Database/BaseConnection.php(666): CodeIgniter\Database\MySQLi\Connection->execute('INSERT INTO `or...')
#2 /home/u834391968/domains/cgcolors.co/public_html/shopifypartialapp/system/Database/BaseConnection.php(593): CodeIgniter\Database\BaseConnection->simpleQuery('INSERT INTO `or...')
#3 /home/u834391968/domains/cgcolors.co/public_html/shopifypartialapp/system/Database/BaseBuilder.php(1916): CodeIgniter\Database\BaseConnection->query('INSERT INTO `or...', Array, false)
#4 /home/u834391968/domains/cgcolors.co/public_html/shopifypartialapp/app/Models/UserModel.php(201): CodeIgniter\Database\BaseBuilder->insert(Array)
#5 /home/u834391968/domains/cgcolors.co/public_html/shopifypartialapp/app/Controllers/Home.php(850): App\Models\UserModel->track_orders(Array, 'partialtestapp....')
#6 /home/u834391968/domains/cgcolors.co/public_html/shopifypartialapp/system/CodeIgniter.php(927): App\Controllers\Home->show_all_orders()
#7 /home/u834391968/domains/cgcolors.co/public_html/shopifypartialapp/system/CodeIgniter.php(482): CodeIgniter\CodeIgniter->runController(Object(App\Controllers\Home))
#8 /home/u834391968/domains/cgcolors.co/public_html/shopifypartialapp/system/CodeIgniter.php(351): CodeIgniter\CodeIgniter->handleRequest(NULL, Object(Config\Cache), false)
#9 /home/u834391968/domains/cgcolors.co/public_html/shopifypartialapp/public/index.php(67): CodeIgniter\CodeIgniter->run()
#10 {main}
ERROR - 2023-06-14 10:18:29 --> mysqli_sql_exception: Column 'email' cannot be null in /home/u834391968/domains/cgcolors.co/public_html/shopifypartialapp/system/Database/MySQLi/Connection.php:292
Stack trace:
#0 /home/u834391968/domains/cgcolors.co/public_html/shopifypartialapp/system/Database/MySQLi/Connection.php(292): mysqli->query('INSERT INTO `or...', 0)
#1 /home/u834391968/domains/cgcolors.co/public_html/shopifypartialapp/system/Database/BaseConnection.php(666): CodeIgniter\Database\MySQLi\Connection->execute('INSERT INTO `or...')
#2 /home/u834391968/domains/cgcolors.co/public_html/shopifypartialapp/system/Database/BaseConnection.php(593): CodeIgniter\Database\BaseConnection->simpleQuery('INSERT INTO `or...')
#3 /home/u834391968/domains/cgcolors.co/public_html/shopifypartialapp/system/Database/BaseBuilder.php(1916): CodeIgniter\Database\BaseConnection->query('INSERT INTO `or...', Array, false)
#4 /home/u834391968/domains/cgcolors.co/public_html/shopifypartialapp/app/Models/UserModel.php(201): CodeIgniter\Database\BaseBuilder->insert(Array)
#5 /home/u834391968/domains/cgcolors.co/public_html/shopifypartialapp/app/Controllers/Home.php(850): App\Models\UserModel->track_orders(Array, 'partialtestapp....')
#6 /home/u834391968/domains/cgcolors.co/public_html/shopifypartialapp/system/CodeIgniter.php(927): App\Controllers\Home->show_all_orders()
#7 /home/u834391968/domains/cgcolors.co/public_html/shopifypartialapp/system/CodeIgniter.php(482): CodeIgniter\CodeIgniter->runController(Object(App\Controllers\Home))
#8 /home/u834391968/domains/cgcolors.co/public_html/shopifypartialapp/system/CodeIgniter.php(351): CodeIgniter\CodeIgniter->handleRequest(NULL, Object(Config\Cache), false)
#9 /home/u834391968/domains/cgcolors.co/public_html/shopifypartialapp/public/index.php(67): CodeIgniter\CodeIgniter->run()
#10 {main}
ERROR - 2023-06-14 10:19:28 --> mysqli_sql_exception: Column 'email' cannot be null in /home/u834391968/domains/cgcolors.co/public_html/shopifypartialapp/system/Database/MySQLi/Connection.php:292
Stack trace:
#0 /home/u834391968/domains/cgcolors.co/public_html/shopifypartialapp/system/Database/MySQLi/Connection.php(292): mysqli->query('INSERT INTO `or...', 0)
#1 /home/u834391968/domains/cgcolors.co/public_html/shopifypartialapp/system/Database/BaseConnection.php(666): CodeIgniter\Database\MySQLi\Connection->execute('INSERT INTO `or...')
#2 /home/u834391968/domains/cgcolors.co/public_html/shopifypartialapp/system/Database/BaseConnection.php(593): CodeIgniter\Database\BaseConnection->simpleQuery('INSERT INTO `or...')
#3 /home/u834391968/domains/cgcolors.co/public_html/shopifypartialapp/system/Database/BaseBuilder.php(1916): CodeIgniter\Database\BaseConnection->query('INSERT INTO `or...', Array, false)
#4 /home/u834391968/domains/cgcolors.co/public_html/shopifypartialapp/app/Models/UserModel.php(201): CodeIgniter\Database\BaseBuilder->insert(Array)
#5 /home/u834391968/domains/cgcolors.co/public_html/shopifypartialapp/app/Controllers/Home.php(850): App\Models\UserModel->track_orders(Array, 'partialtestapp....')
#6 /home/u834391968/domains/cgcolors.co/public_html/shopifypartialapp/system/CodeIgniter.php(927): App\Controllers\Home->show_all_orders()
#7 /home/u834391968/domains/cgcolors.co/public_html/shopifypartialapp/system/CodeIgniter.php(482): CodeIgniter\CodeIgniter->runController(Object(App\Controllers\Home))
#8 /home/u834391968/domains/cgcolors.co/public_html/shopifypartialapp/system/CodeIgniter.php(351): CodeIgniter\CodeIgniter->handleRequest(NULL, Object(Config\Cache), false)
#9 /home/u834391968/domains/cgcolors.co/public_html/shopifypartialapp/public/index.php(67): CodeIgniter\CodeIgniter->run()
#10 {main}
ERROR - 2023-06-14 10:21:32 --> mysqli_sql_exception: Column 'email' cannot be null in /home/u834391968/domains/cgcolors.co/public_html/shopifypartialapp/system/Database/MySQLi/Connection.php:292
Stack trace:
#0 /home/u834391968/domains/cgcolors.co/public_html/shopifypartialapp/system/Database/MySQLi/Connection.php(292): mysqli->query('INSERT INTO `or...', 0)
#1 /home/u834391968/domains/cgcolors.co/public_html/shopifypartialapp/system/Database/BaseConnection.php(666): CodeIgniter\Database\MySQLi\Connection->execute('INSERT INTO `or...')
#2 /home/u834391968/domains/cgcolors.co/public_html/shopifypartialapp/system/Database/BaseConnection.php(593): CodeIgniter\Database\BaseConnection->simpleQuery('INSERT INTO `or...')
#3 /home/u834391968/domains/cgcolors.co/public_html/shopifypartialapp/system/Database/BaseBuilder.php(1916): CodeIgniter\Database\BaseConnection->query('INSERT INTO `or...', Array, false)
#4 /home/u834391968/domains/cgcolors.co/public_html/shopifypartialapp/app/Models/UserModel.php(201): CodeIgniter\Database\BaseBuilder->insert(Array)
#5 /home/u834391968/domains/cgcolors.co/public_html/shopifypartialapp/app/Controllers/Home.php(850): App\Models\UserModel->track_orders(Array, 'partialtestapp....')
#6 /home/u834391968/domains/cgcolors.co/public_html/shopifypartialapp/system/CodeIgniter.php(927): App\Controllers\Home->show_all_orders()
#7 /home/u834391968/domains/cgcolors.co/public_html/shopifypartialapp/system/CodeIgniter.php(482): CodeIgniter\CodeIgniter->runController(Object(App\Controllers\Home))
#8 /home/u834391968/domains/cgcolors.co/public_html/shopifypartialapp/system/CodeIgniter.php(351): CodeIgniter\CodeIgniter->handleRequest(NULL, Object(Config\Cache), false)
#9 /home/u834391968/domains/cgcolors.co/public_html/shopifypartialapp/public/index.php(67): CodeIgniter\CodeIgniter->run()
#10 {main}
ERROR - 2023-06-14 10:25:26 --> mysqli_sql_exception: Column 'email' cannot be null in /home/u834391968/domains/cgcolors.co/public_html/shopifypartialapp/system/Database/MySQLi/Connection.php:292
Stack trace:
#0 /home/u834391968/domains/cgcolors.co/public_html/shopifypartialapp/system/Database/MySQLi/Connection.php(292): mysqli->query('INSERT INTO `or...', 0)
#1 /home/u834391968/domains/cgcolors.co/public_html/shopifypartialapp/system/Database/BaseConnection.php(666): CodeIgniter\Database\MySQLi\Connection->execute('INSERT INTO `or...')
#2 /home/u834391968/domains/cgcolors.co/public_html/shopifypartialapp/system/Database/BaseConnection.php(593): CodeIgniter\Database\BaseConnection->simpleQuery('INSERT INTO `or...')
#3 /home/u834391968/domains/cgcolors.co/public_html/shopifypartialapp/system/Database/BaseBuilder.php(1916): CodeIgniter\Database\BaseConnection->query('INSERT INTO `or...', Array, false)
#4 /home/u834391968/domains/cgcolors.co/public_html/shopifypartialapp/app/Models/UserModel.php(201): CodeIgniter\Database\BaseBuilder->insert(Array)
#5 /home/u834391968/domains/cgcolors.co/public_html/shopifypartialapp/app/Controllers/Home.php(850): App\Models\UserModel->track_orders(Array, 'partialtestapp....')
#6 /home/u834391968/domains/cgcolors.co/public_html/shopifypartialapp/system/CodeIgniter.php(927): App\Controllers\Home->show_all_orders()
#7 /home/u834391968/domains/cgcolors.co/public_html/shopifypartialapp/system/CodeIgniter.php(482): CodeIgniter\CodeIgniter->runController(Object(App\Controllers\Home))
#8 /home/u834391968/domains/cgcolors.co/public_html/shopifypartialapp/system/CodeIgniter.php(351): CodeIgniter\CodeIgniter->handleRequest(NULL, Object(Config\Cache), false)
#9 /home/u834391968/domains/cgcolors.co/public_html/shopifypartialapp/public/index.php(67): CodeIgniter\CodeIgniter->run()
#10 {main}
ERROR - 2023-06-14 10:28:20 --> mysqli_sql_exception: Column 'email' cannot be null in /home/u834391968/domains/cgcolors.co/public_html/shopifypartialapp/system/Database/MySQLi/Connection.php:292
Stack trace:
#0 /home/u834391968/domains/cgcolors.co/public_html/shopifypartialapp/system/Database/MySQLi/Connection.php(292): mysqli->query('INSERT INTO `or...', 0)
#1 /home/u834391968/domains/cgcolors.co/public_html/shopifypartialapp/system/Database/BaseConnection.php(666): CodeIgniter\Database\MySQLi\Connection->execute('INSERT INTO `or...')
#2 /home/u834391968/domains/cgcolors.co/public_html/shopifypartialapp/system/Database/BaseConnection.php(593): CodeIgniter\Database\BaseConnection->simpleQuery('INSERT INTO `or...')
#3 /home/u834391968/domains/cgcolors.co/public_html/shopifypartialapp/system/Database/BaseBuilder.php(1916): CodeIgniter\Database\BaseConnection->query('INSERT INTO `or...', Array, false)
#4 /home/u834391968/domains/cgcolors.co/public_html/shopifypartialapp/app/Models/UserModel.php(201): CodeIgniter\Database\BaseBuilder->insert(Array)
#5 /home/u834391968/domains/cgcolors.co/public_html/shopifypartialapp/app/Controllers/Home.php(850): App\Models\UserModel->track_orders(Array, 'partialtestapp....')
#6 /home/u834391968/domains/cgcolors.co/public_html/shopifypartialapp/system/CodeIgniter.php(927): App\Controllers\Home->show_all_orders()
#7 /home/u834391968/domains/cgcolors.co/public_html/shopifypartialapp/system/CodeIgniter.php(482): CodeIgniter\CodeIgniter->runController(Object(App\Controllers\Home))
#8 /home/u834391968/domains/cgcolors.co/public_html/shopifypartialapp/system/CodeIgniter.php(351): CodeIgniter\CodeIgniter->handleRequest(NULL, Object(Config\Cache), false)
#9 /home/u834391968/domains/cgcolors.co/public_html/shopifypartialapp/public/index.php(67): CodeIgniter\CodeIgniter->run()
#10 {main}
ERROR - 2023-06-14 10:29:08 --> mysqli_sql_exception: You have an error in your SQL syntax; check the manual that corresponds to your MariaDB server version for the right syntax to use near 'Prepaid client manifest charge API failed due to insufficient balance'. Packa...' at line 1 in /home/u834391968/domains/cgcolors.co/public_html/shopifypartialapp/system/Database/MySQLi/Connection.php:292
Stack trace:
#0 /home/u834391968/domains/cgcolors.co/public_html/shopifypartialapp/system/Database/MySQLi/Connection.php(292): mysqli->query('UPDATE orders S...', 0)
#1 /home/u834391968/domains/cgcolors.co/public_html/shopifypartialapp/system/Database/BaseConnection.php(666): CodeIgniter\Database\MySQLi\Connection->execute('UPDATE orders S...')
#2 /home/u834391968/domains/cgcolors.co/public_html/shopifypartialapp/system/Database/BaseConnection.php(593): CodeIgniter\Database\BaseConnection->simpleQuery('UPDATE orders S...')
#3 /home/u834391968/domains/cgcolors.co/public_html/shopifypartialapp/app/Models/UserModel.php(546): CodeIgniter\Database\BaseConnection->query('UPDATE orders S...', Array)
#4 /home/u834391968/domains/cgcolors.co/public_html/shopifypartialapp/app/Controllers/Home.php(1221): App\Models\UserModel->update_delhivery_err('5381901975850', 'partialtestapp....', 'Crashing while ...')
#5 /home/u834391968/domains/cgcolors.co/public_html/shopifypartialapp/app/Controllers/Home.php(1053): App\Controllers\Home->order_sync_delhivery(Array)
#6 /home/u834391968/domains/cgcolors.co/public_html/shopifypartialapp/system/CodeIgniter.php(927): App\Controllers\Home->order_sync()
#7 /home/u834391968/domains/cgcolors.co/public_html/shopifypartialapp/system/CodeIgniter.php(482): CodeIgniter\CodeIgniter->runController(Object(App\Controllers\Home))
#8 /home/u834391968/domains/cgcolors.co/public_html/shopifypartialapp/system/CodeIgniter.php(351): CodeIgniter\CodeIgniter->handleRequest(NULL, Object(Config\Cache), false)
#9 /home/u834391968/domains/cgcolors.co/public_html/shopifypartialapp/public/index.php(67): CodeIgniter\CodeIgniter->run()
#10 {main}
ERROR - 2023-06-14 10:29:10 --> mysqli_sql_exception: You have an error in your SQL syntax; check the manual that corresponds to your MariaDB server version for the right syntax to use near 'Prepaid client manifest charge API failed due to insufficient balance'. Packa...' at line 1 in /home/u834391968/domains/cgcolors.co/public_html/shopifypartialapp/system/Database/MySQLi/Connection.php:292
Stack trace:
#0 /home/u834391968/domains/cgcolors.co/public_html/shopifypartialapp/system/Database/MySQLi/Connection.php(292): mysqli->query('UPDATE orders S...', 0)
#1 /home/u834391968/domains/cgcolors.co/public_html/shopifypartialapp/system/Database/BaseConnection.php(666): CodeIgniter\Database\MySQLi\Connection->execute('UPDATE orders S...')
#2 /home/u834391968/domains/cgcolors.co/public_html/shopifypartialapp/system/Database/BaseConnection.php(593): CodeIgniter\Database\BaseConnection->simpleQuery('UPDATE orders S...')
#3 /home/u834391968/domains/cgcolors.co/public_html/shopifypartialapp/app/Models/UserModel.php(546): CodeIgniter\Database\BaseConnection->query('UPDATE orders S...', Array)
#4 /home/u834391968/domains/cgcolors.co/public_html/shopifypartialapp/app/Controllers/Home.php(1221): App\Models\UserModel->update_delhivery_err('5381830050090', 'partialtestapp....', 'Crashing while ...')
#5 /home/u834391968/domains/cgcolors.co/public_html/shopifypartialapp/app/Controllers/Home.php(1053): App\Controllers\Home->order_sync_delhivery(Array)
#6 /home/u834391968/domains/cgcolors.co/public_html/shopifypartialapp/system/CodeIgniter.php(927): App\Controllers\Home->order_sync()
#7 /home/u834391968/domains/cgcolors.co/public_html/shopifypartialapp/system/CodeIgniter.php(482): CodeIgniter\CodeIgniter->runController(Object(App\Controllers\Home))
#8 /home/u834391968/domains/cgcolors.co/public_html/shopifypartialapp/system/CodeIgniter.php(351): CodeIgniter\CodeIgniter->handleRequest(NULL, Object(Config\Cache), false)
#9 /home/u834391968/domains/cgcolors.co/public_html/shopifypartialapp/public/index.php(67): CodeIgniter\CodeIgniter->run()
#10 {main}
ERROR - 2023-06-14 10:29:12 --> mysqli_sql_exception: You have an error in your SQL syntax; check the manual that corresponds to your MariaDB server version for the right syntax to use near 'Prepaid client manifest charge API failed due to insufficient balance'. Packa...' at line 1 in /home/u834391968/domains/cgcolors.co/public_html/shopifypartialapp/system/Database/MySQLi/Connection.php:292
Stack trace:
#0 /home/u834391968/domains/cgcolors.co/public_html/shopifypartialapp/system/Database/MySQLi/Connection.php(292): mysqli->query('UPDATE orders S...', 0)
#1 /home/u834391968/domains/cgcolors.co/public_html/shopifypartialapp/system/Database/BaseConnection.php(666): CodeIgniter\Database\MySQLi\Connection->execute('UPDATE orders S...')
#2 /home/u834391968/domains/cgcolors.co/public_html/shopifypartialapp/system/Database/BaseConnection.php(593): CodeIgniter\Database\BaseConnection->simpleQuery('UPDATE orders S...')
#3 /home/u834391968/domains/cgcolors.co/public_html/shopifypartialapp/app/Models/UserModel.php(546): CodeIgniter\Database\BaseConnection->query('UPDATE orders S...', Array)
#4 /home/u834391968/domains/cgcolors.co/public_html/shopifypartialapp/app/Controllers/Home.php(1221): App\Models\UserModel->update_delhivery_err('5381822054698', 'partialtestapp....', 'Crashing while ...')
#5 /home/u834391968/domains/cgcolors.co/public_html/shopifypartialapp/app/Controllers/Home.php(1053): App\Controllers\Home->order_sync_delhivery(Array)
#6 /home/u834391968/domains/cgcolors.co/public_html/shopifypartialapp/system/CodeIgniter.php(927): App\Controllers\Home->order_sync()
#7 /home/u834391968/domains/cgcolors.co/public_html/shopifypartialapp/system/CodeIgniter.php(482): CodeIgniter\CodeIgniter->runController(Object(App\Controllers\Home))
#8 /home/u834391968/domains/cgcolors.co/public_html/shopifypartialapp/system/CodeIgniter.php(351): CodeIgniter\CodeIgniter->handleRequest(NULL, Object(Config\Cache), false)
#9 /home/u834391968/domains/cgcolors.co/public_html/shopifypartialapp/public/index.php(67): CodeIgniter\CodeIgniter->run()
#10 {main}
ERROR - 2023-06-14 10:29:14 --> mysqli_sql_exception: You have an error in your SQL syntax; check the manual that corresponds to your MariaDB server version for the right syntax to use near 'Prepaid client manifest charge API failed due to insufficient balance'. Packa...' at line 1 in /home/u834391968/domains/cgcolors.co/public_html/shopifypartialapp/system/Database/MySQLi/Connection.php:292
Stack trace:
#0 /home/u834391968/domains/cgcolors.co/public_html/shopifypartialapp/system/Database/MySQLi/Connection.php(292): mysqli->query('UPDATE orders S...', 0)
#1 /home/u834391968/domains/cgcolors.co/public_html/shopifypartialapp/system/Database/BaseConnection.php(666): CodeIgniter\Database\MySQLi\Connection->execute('UPDATE orders S...')
#2 /home/u834391968/domains/cgcolors.co/public_html/shopifypartialapp/system/Database/BaseConnection.php(593): CodeIgniter\Database\BaseConnection->simpleQuery('UPDATE orders S...')
#3 /home/u834391968/domains/cgcolors.co/public_html/shopifypartialapp/app/Models/UserModel.php(546): CodeIgniter\Database\BaseConnection->query('UPDATE orders S...', Array)
#4 /home/u834391968/domains/cgcolors.co/public_html/shopifypartialapp/app/Controllers/Home.php(1221): App\Models\UserModel->update_delhivery_err('5381818876202', 'partialtestapp....', 'Crashing while ...')
#5 /home/u834391968/domains/cgcolors.co/public_html/shopifypartialapp/app/Controllers/Home.php(1053): App\Controllers\Home->order_sync_delhivery(Array)
#6 /home/u834391968/domains/cgcolors.co/public_html/shopifypartialapp/system/CodeIgniter.php(927): App\Controllers\Home->order_sync()
#7 /home/u834391968/domains/cgcolors.co/public_html/shopifypartialapp/system/CodeIgniter.php(482): CodeIgniter\CodeIgniter->runController(Object(App\Controllers\Home))
#8 /home/u834391968/domains/cgcolors.co/public_html/shopifypartialapp/system/CodeIgniter.php(351): CodeIgniter\CodeIgniter->handleRequest(NULL, Object(Config\Cache), false)
#9 /home/u834391968/domains/cgcolors.co/public_html/shopifypartialapp/public/index.php(67): CodeIgniter\CodeIgniter->run()
#10 {main}
ERROR - 2023-06-14 10:29:16 --> mysqli_sql_exception: You have an error in your SQL syntax; check the manual that corresponds to your MariaDB server version for the right syntax to use near 'Prepaid client manifest charge API failed due to insufficient balance'. Packa...' at line 1 in /home/u834391968/domains/cgcolors.co/public_html/shopifypartialapp/system/Database/MySQLi/Connection.php:292
Stack trace:
#0 /home/u834391968/domains/cgcolors.co/public_html/shopifypartialapp/system/Database/MySQLi/Connection.php(292): mysqli->query('UPDATE orders S...', 0)
#1 /home/u834391968/domains/cgcolors.co/public_html/shopifypartialapp/system/Database/BaseConnection.php(666): CodeIgniter\Database\MySQLi\Connection->execute('UPDATE orders S...')
#2 /home/u834391968/domains/cgcolors.co/public_html/shopifypartialapp/system/Database/BaseConnection.php(593): CodeIgniter\Database\BaseConnection->simpleQuery('UPDATE orders S...')
#3 /home/u834391968/domains/cgcolors.co/public_html/shopifypartialapp/app/Models/UserModel.php(546): CodeIgniter\Database\BaseConnection->query('UPDATE orders S...', Array)
#4 /home/u834391968/domains/cgcolors.co/public_html/shopifypartialapp/app/Controllers/Home.php(1221): App\Models\UserModel->update_delhivery_err('5381813174570', 'partialtestapp....', 'Crashing while ...')
#5 /home/u834391968/domains/cgcolors.co/public_html/shopifypartialapp/app/Controllers/Home.php(1053): App\Controllers\Home->order_sync_delhivery(Array)
#6 /home/u834391968/domains/cgcolors.co/public_html/shopifypartialapp/system/CodeIgniter.php(927): App\Controllers\Home->order_sync()
#7 /home/u834391968/domains/cgcolors.co/public_html/shopifypartialapp/system/CodeIgniter.php(482): CodeIgniter\CodeIgniter->runController(Object(App\Controllers\Home))
#8 /home/u834391968/domains/cgcolors.co/public_html/shopifypartialapp/system/CodeIgniter.php(351): CodeIgniter\CodeIgniter->handleRequest(NULL, Object(Config\Cache), false)
#9 /home/u834391968/domains/cgcolors.co/public_html/shopifypartialapp/public/index.php(67): CodeIgniter\CodeIgniter->run()
#10 {main}
ERROR - 2023-06-14 10:29:19 --> mysqli_sql_exception: You have an error in your SQL syntax; check the manual that corresponds to your MariaDB server version for the right syntax to use near 'Prepaid client manifest charge API failed due to insufficient balance'. Packa...' at line 1 in /home/u834391968/domains/cgcolors.co/public_html/shopifypartialapp/system/Database/MySQLi/Connection.php:292
Stack trace:
#0 /home/u834391968/domains/cgcolors.co/public_html/shopifypartialapp/system/Database/MySQLi/Connection.php(292): mysqli->query('UPDATE orders S...', 0)
#1 /home/u834391968/domains/cgcolors.co/public_html/shopifypartialapp/system/Database/BaseConnection.php(666): CodeIgniter\Database\MySQLi\Connection->execute('UPDATE orders S...')
#2 /home/u834391968/domains/cgcolors.co/public_html/shopifypartialapp/system/Database/BaseConnection.php(593): CodeIgniter\Database\BaseConnection->simpleQuery('UPDATE orders S...')
#3 /home/u834391968/domains/cgcolors.co/public_html/shopifypartialapp/app/Models/UserModel.php(546): CodeIgniter\Database\BaseConnection->query('UPDATE orders S...', Array)
#4 /home/u834391968/domains/cgcolors.co/public_html/shopifypartialapp/app/Controllers/Home.php(1221): App\Models\UserModel->update_delhivery_err('5381806588202', 'partialtestapp....', 'Crashing while ...')
#5 /home/u834391968/domains/cgcolors.co/public_html/shopifypartialapp/app/Controllers/Home.php(1053): App\Controllers\Home->order_sync_delhivery(Array)
#6 /home/u834391968/domains/cgcolors.co/public_html/shopifypartialapp/system/CodeIgniter.php(927): App\Controllers\Home->order_sync()
#7 /home/u834391968/domains/cgcolors.co/public_html/shopifypartialapp/system/CodeIgniter.php(482): CodeIgniter\CodeIgniter->runController(Object(App\Controllers\Home))
#8 /home/u834391968/domains/cgcolors.co/public_html/shopifypartialapp/system/CodeIgniter.php(351): CodeIgniter\CodeIgniter->handleRequest(NULL, Object(Config\Cache), false)
#9 /home/u834391968/domains/cgcolors.co/public_html/shopifypartialapp/public/index.php(67): CodeIgniter\CodeIgniter->run()
#10 {main}
ERROR - 2023-06-14 10:29:21 --> mysqli_sql_exception: You have an error in your SQL syntax; check the manual that corresponds to your MariaDB server version for the right syntax to use near 'Prepaid client manifest charge API failed due to insufficient balance'. Packa...' at line 1 in /home/u834391968/domains/cgcolors.co/public_html/shopifypartialapp/system/Database/MySQLi/Connection.php:292
Stack trace:
#0 /home/u834391968/domains/cgcolors.co/public_html/shopifypartialapp/system/Database/MySQLi/Connection.php(292): mysqli->query('UPDATE orders S...', 0)
#1 /home/u834391968/domains/cgcolors.co/public_html/shopifypartialapp/system/Database/BaseConnection.php(666): CodeIgniter\Database\MySQLi\Connection->execute('UPDATE orders S...')
#2 /home/u834391968/domains/cgcolors.co/public_html/shopifypartialapp/system/Database/BaseConnection.php(593): CodeIgniter\Database\BaseConnection->simpleQuery('UPDATE orders S...')
#3 /home/u834391968/domains/cgcolors.co/public_html/shopifypartialapp/app/Models/UserModel.php(546): CodeIgniter\Database\BaseConnection->query('UPDATE orders S...', Array)
#4 /home/u834391968/domains/cgcolors.co/public_html/shopifypartialapp/app/Controllers/Home.php(1221): App\Models\UserModel->update_delhivery_err('5381785387306', 'partialtestapp....', 'Crashing while ...')
#5 /home/u834391968/domains/cgcolors.co/public_html/shopifypartialapp/app/Controllers/Home.php(1053): App\Controllers\Home->order_sync_delhivery(Array)
#6 /home/u834391968/domains/cgcolors.co/public_html/shopifypartialapp/system/CodeIgniter.php(927): App\Controllers\Home->order_sync()
#7 /home/u834391968/domains/cgcolors.co/public_html/shopifypartialapp/system/CodeIgniter.php(482): CodeIgniter\CodeIgniter->runController(Object(App\Controllers\Home))
#8 /home/u834391968/domains/cgcolors.co/public_html/shopifypartialapp/system/CodeIgniter.php(351): CodeIgniter\CodeIgniter->handleRequest(NULL, Object(Config\Cache), false)
#9 /home/u834391968/domains/cgcolors.co/public_html/shopifypartialapp/public/index.php(67): CodeIgniter\CodeIgniter->run()
#10 {main}
ERROR - 2023-06-14 10:29:23 --> mysqli_sql_exception: You have an error in your SQL syntax; check the manual that corresponds to your MariaDB server version for the right syntax to use near 'Prepaid client manifest charge API failed due to insufficient balance'. Packa...' at line 1 in /home/u834391968/domains/cgcolors.co/public_html/shopifypartialapp/system/Database/MySQLi/Connection.php:292
Stack trace:
#0 /home/u834391968/domains/cgcolors.co/public_html/shopifypartialapp/system/Database/MySQLi/Connection.php(292): mysqli->query('UPDATE orders S...', 0)
#1 /home/u834391968/domains/cgcolors.co/public_html/shopifypartialapp/system/Database/BaseConnection.php(666): CodeIgniter\Database\MySQLi\Connection->execute('UPDATE orders S...')
#2 /home/u834391968/domains/cgcolors.co/public_html/shopifypartialapp/system/Database/BaseConnection.php(593): CodeIgniter\Database\BaseConnection->simpleQuery('UPDATE orders S...')
#3 /home/u834391968/domains/cgcolors.co/public_html/shopifypartialapp/app/Models/UserModel.php(546): CodeIgniter\Database\BaseConnection->query('UPDATE orders S...', Array)
#4 /home/u834391968/domains/cgcolors.co/public_html/shopifypartialapp/app/Controllers/Home.php(1221): App\Models\UserModel->update_delhivery_err('5381609292074', 'partialtestapp....', 'Crashing while ...')
#5 /home/u834391968/domains/cgcolors.co/public_html/shopifypartialapp/app/Controllers/Home.php(1053): App\Controllers\Home->order_sync_delhivery(Array)
#6 /home/u834391968/domains/cgcolors.co/public_html/shopifypartialapp/system/CodeIgniter.php(927): App\Controllers\Home->order_sync()
#7 /home/u834391968/domains/cgcolors.co/public_html/shopifypartialapp/system/CodeIgniter.php(482): CodeIgniter\CodeIgniter->runController(Object(App\Controllers\Home))
#8 /home/u834391968/domains/cgcolors.co/public_html/shopifypartialapp/system/CodeIgniter.php(351): CodeIgniter\CodeIgniter->handleRequest(NULL, Object(Config\Cache), false)
#9 /home/u834391968/domains/cgcolors.co/public_html/shopifypartialapp/public/index.php(67): CodeIgniter\CodeIgniter->run()
#10 {main}
ERROR - 2023-06-14 10:31:59 --> mysqli_sql_exception: Column 'email' cannot be null in /home/u834391968/domains/cgcolors.co/public_html/shopifypartialapp/system/Database/MySQLi/Connection.php:292
Stack trace:
#0 /home/u834391968/domains/cgcolors.co/public_html/shopifypartialapp/system/Database/MySQLi/Connection.php(292): mysqli->query('INSERT INTO `or...', 0)
#1 /home/u834391968/domains/cgcolors.co/public_html/shopifypartialapp/system/Database/BaseConnection.php(666): CodeIgniter\Database\MySQLi\Connection->execute('INSERT INTO `or...')
#2 /home/u834391968/domains/cgcolors.co/public_html/shopifypartialapp/system/Database/BaseConnection.php(593): CodeIgniter\Database\BaseConnection->simpleQuery('INSERT INTO `or...')
#3 /home/u834391968/domains/cgcolors.co/public_html/shopifypartialapp/system/Database/BaseBuilder.php(1916): CodeIgniter\Database\BaseConnection->query('INSERT INTO `or...', Array, false)
#4 /home/u834391968/domains/cgcolors.co/public_html/shopifypartialapp/app/Models/UserModel.php(201): CodeIgniter\Database\BaseBuilder->insert(Array)
#5 /home/u834391968/domains/cgcolors.co/public_html/shopifypartialapp/app/Controllers/Home.php(850): App\Models\UserModel->track_orders(Array, 'partialtestapp....')
#6 /home/u834391968/domains/cgcolors.co/public_html/shopifypartialapp/system/CodeIgniter.php(927): App\Controllers\Home->show_all_orders()
#7 /home/u834391968/domains/cgcolors.co/public_html/shopifypartialapp/system/CodeIgniter.php(482): CodeIgniter\CodeIgniter->runController(Object(App\Controllers\Home))
#8 /home/u834391968/domains/cgcolors.co/public_html/shopifypartialapp/system/CodeIgniter.php(351): CodeIgniter\CodeIgniter->handleRequest(NULL, Object(Config\Cache), false)
#9 /home/u834391968/domains/cgcolors.co/public_html/shopifypartialapp/public/index.php(67): CodeIgniter\CodeIgniter->run()
#10 {main}
ERROR - 2023-06-14 10:37:50 --> mysqli_sql_exception: You have an error in your SQL syntax; check the manual that corresponds to your MariaDB server version for the right syntax to use near 'Prepaid client manifest charge API failed due to insufficient balance'. Packa...' at line 1 in /home/u834391968/domains/cgcolors.co/public_html/shopifypartialapp/system/Database/MySQLi/Connection.php:292
Stack trace:
#0 /home/u834391968/domains/cgcolors.co/public_html/shopifypartialapp/system/Database/MySQLi/Connection.php(292): mysqli->query('UPDATE orders S...', 0)
#1 /home/u834391968/domains/cgcolors.co/public_html/shopifypartialapp/system/Database/BaseConnection.php(666): CodeIgniter\Database\MySQLi\Connection->execute('UPDATE orders S...')
#2 /home/u834391968/domains/cgcolors.co/public_html/shopifypartialapp/system/Database/BaseConnection.php(593): CodeIgniter\Database\BaseConnection->simpleQuery('UPDATE orders S...')
#3 /home/u834391968/domains/cgcolors.co/public_html/shopifypartialapp/app/Models/UserModel.php(546): CodeIgniter\Database\BaseConnection->query('UPDATE orders S...', Array)
#4 /home/u834391968/domains/cgcolors.co/public_html/shopifypartialapp/app/Controllers/Home.php(1221): App\Models\UserModel->update_delhivery_err('5381901975850', 'partialtestapp....', 'Crashing while ...')
#5 /home/u834391968/domains/cgcolors.co/public_html/shopifypartialapp/app/Controllers/Home.php(1053): App\Controllers\Home->order_sync_delhivery(Array)
#6 /home/u834391968/domains/cgcolors.co/public_html/shopifypartialapp/system/CodeIgniter.php(927): App\Controllers\Home->order_sync()
#7 /home/u834391968/domains/cgcolors.co/public_html/shopifypartialapp/system/CodeIgniter.php(482): CodeIgniter\CodeIgniter->runController(Object(App\Controllers\Home))
#8 /home/u834391968/domains/cgcolors.co/public_html/shopifypartialapp/system/CodeIgniter.php(351): CodeIgniter\CodeIgniter->handleRequest(NULL, Object(Config\Cache), false)
#9 /home/u834391968/domains/cgcolors.co/public_html/shopifypartialapp/public/index.php(67): CodeIgniter\CodeIgniter->run()
#10 {main}
ERROR - 2023-06-14 10:37:52 --> mysqli_sql_exception: You have an error in your SQL syntax; check the manual that corresponds to your MariaDB server version for the right syntax to use near 'Prepaid client manifest charge API failed due to insufficient balance'. Packa...' at line 1 in /home/u834391968/domains/cgcolors.co/public_html/shopifypartialapp/system/Database/MySQLi/Connection.php:292
Stack trace:
#0 /home/u834391968/domains/cgcolors.co/public_html/shopifypartialapp/system/Database/MySQLi/Connection.php(292): mysqli->query('UPDATE orders S...', 0)
#1 /home/u834391968/domains/cgcolors.co/public_html/shopifypartialapp/system/Database/BaseConnection.php(666): CodeIgniter\Database\MySQLi\Connection->execute('UPDATE orders S...')
#2 /home/u834391968/domains/cgcolors.co/public_html/shopifypartialapp/system/Database/BaseConnection.php(593): CodeIgniter\Database\BaseConnection->simpleQuery('UPDATE orders S...')
#3 /home/u834391968/domains/cgcolors.co/public_html/shopifypartialapp/app/Models/UserModel.php(546): CodeIgniter\Database\BaseConnection->query('UPDATE orders S...', Array)
#4 /home/u834391968/domains/cgcolors.co/public_html/shopifypartialapp/app/Controllers/Home.php(1221): App\Models\UserModel->update_delhivery_err('5381830050090', 'partialtestapp....', 'Crashing while ...')
#5 /home/u834391968/domains/cgcolors.co/public_html/shopifypartialapp/app/Controllers/Home.php(1053): App\Controllers\Home->order_sync_delhivery(Array)
#6 /home/u834391968/domains/cgcolors.co/public_html/shopifypartialapp/system/CodeIgniter.php(927): App\Controllers\Home->order_sync()
#7 /home/u834391968/domains/cgcolors.co/public_html/shopifypartialapp/system/CodeIgniter.php(482): CodeIgniter\CodeIgniter->runController(Object(App\Controllers\Home))
#8 /home/u834391968/domains/cgcolors.co/public_html/shopifypartialapp/system/CodeIgniter.php(351): CodeIgniter\CodeIgniter->handleRequest(NULL, Object(Config\Cache), false)
#9 /home/u834391968/domains/cgcolors.co/public_html/shopifypartialapp/public/index.php(67): CodeIgniter\CodeIgniter->run()
#10 {main}
ERROR - 2023-06-14 10:37:54 --> mysqli_sql_exception: You have an error in your SQL syntax; check the manual that corresponds to your MariaDB server version for the right syntax to use near 'Prepaid client manifest charge API failed due to insufficient balance'. Packa...' at line 1 in /home/u834391968/domains/cgcolors.co/public_html/shopifypartialapp/system/Database/MySQLi/Connection.php:292
Stack trace:
#0 /home/u834391968/domains/cgcolors.co/public_html/shopifypartialapp/system/Database/MySQLi/Connection.php(292): mysqli->query('UPDATE orders S...', 0)
#1 /home/u834391968/domains/cgcolors.co/public_html/shopifypartialapp/system/Database/BaseConnection.php(666): CodeIgniter\Database\MySQLi\Connection->execute('UPDATE orders S...')
#2 /home/u834391968/domains/cgcolors.co/public_html/shopifypartialapp/system/Database/BaseConnection.php(593): CodeIgniter\Database\BaseConnection->simpleQuery('UPDATE orders S...')
#3 /home/u834391968/domains/cgcolors.co/public_html/shopifypartialapp/app/Models/UserModel.php(546): CodeIgniter\Database\BaseConnection->query('UPDATE orders S...', Array)
#4 /home/u834391968/domains/cgcolors.co/public_html/shopifypartialapp/app/Controllers/Home.php(1221): App\Models\UserModel->update_delhivery_err('5381822054698', 'partialtestapp....', 'Crashing while ...')
#5 /home/u834391968/domains/cgcolors.co/public_html/shopifypartialapp/app/Controllers/Home.php(1053): App\Controllers\Home->order_sync_delhivery(Array)
#6 /home/u834391968/domains/cgcolors.co/public_html/shopifypartialapp/system/CodeIgniter.php(927): App\Controllers\Home->order_sync()
#7 /home/u834391968/domains/cgcolors.co/public_html/shopifypartialapp/system/CodeIgniter.php(482): CodeIgniter\CodeIgniter->runController(Object(App\Controllers\Home))
#8 /home/u834391968/domains/cgcolors.co/public_html/shopifypartialapp/system/CodeIgniter.php(351): CodeIgniter\CodeIgniter->handleRequest(NULL, Object(Config\Cache), false)
#9 /home/u834391968/domains/cgcolors.co/public_html/shopifypartialapp/public/index.php(67): CodeIgniter\CodeIgniter->run()
#10 {main}
ERROR - 2023-06-14 10:37:56 --> mysqli_sql_exception: You have an error in your SQL syntax; check the manual that corresponds to your MariaDB server version for the right syntax to use near 'Prepaid client manifest charge API failed due to insufficient balance'. Packa...' at line 1 in /home/u834391968/domains/cgcolors.co/public_html/shopifypartialapp/system/Database/MySQLi/Connection.php:292
Stack trace:
#0 /home/u834391968/domains/cgcolors.co/public_html/shopifypartialapp/system/Database/MySQLi/Connection.php(292): mysqli->query('UPDATE orders S...', 0)
#1 /home/u834391968/domains/cgcolors.co/public_html/shopifypartialapp/system/Database/BaseConnection.php(666): CodeIgniter\Database\MySQLi\Connection->execute('UPDATE orders S...')
#2 /home/u834391968/domains/cgcolors.co/public_html/shopifypartialapp/system/Database/BaseConnection.php(593): CodeIgniter\Database\BaseConnection->simpleQuery('UPDATE orders S...')
#3 /home/u834391968/domains/cgcolors.co/public_html/shopifypartialapp/app/Models/UserModel.php(546): CodeIgniter\Database\BaseConnection->query('UPDATE orders S...', Array)
#4 /home/u834391968/domains/cgcolors.co/public_html/shopifypartialapp/app/Controllers/Home.php(1221): App\Models\UserModel->update_delhivery_err('5381818876202', 'partialtestapp....', 'Crashing while ...')
#5 /home/u834391968/domains/cgcolors.co/public_html/shopifypartialapp/app/Controllers/Home.php(1053): App\Controllers\Home->order_sync_delhivery(Array)
#6 /home/u834391968/domains/cgcolors.co/public_html/shopifypartialapp/system/CodeIgniter.php(927): App\Controllers\Home->order_sync()
#7 /home/u834391968/domains/cgcolors.co/public_html/shopifypartialapp/system/CodeIgniter.php(482): CodeIgniter\CodeIgniter->runController(Object(App\Controllers\Home))
#8 /home/u834391968/domains/cgcolors.co/public_html/shopifypartialapp/system/CodeIgniter.php(351): CodeIgniter\CodeIgniter->handleRequest(NULL, Object(Config\Cache), false)
#9 /home/u834391968/domains/cgcolors.co/public_html/shopifypartialapp/public/index.php(67): CodeIgniter\CodeIgniter->run()
#10 {main}
ERROR - 2023-06-14 10:37:58 --> mysqli_sql_exception: You have an error in your SQL syntax; check the manual that corresponds to your MariaDB server version for the right syntax to use near 'Prepaid client manifest charge API failed due to insufficient balance'. Packa...' at line 1 in /home/u834391968/domains/cgcolors.co/public_html/shopifypartialapp/system/Database/MySQLi/Connection.php:292
Stack trace:
#0 /home/u834391968/domains/cgcolors.co/public_html/shopifypartialapp/system/Database/MySQLi/Connection.php(292): mysqli->query('UPDATE orders S...', 0)
#1 /home/u834391968/domains/cgcolors.co/public_html/shopifypartialapp/system/Database/BaseConnection.php(666): CodeIgniter\Database\MySQLi\Connection->execute('UPDATE orders S...')
#2 /home/u834391968/domains/cgcolors.co/public_html/shopifypartialapp/system/Database/BaseConnection.php(593): CodeIgniter\Database\BaseConnection->simpleQuery('UPDATE orders S...')
#3 /home/u834391968/domains/cgcolors.co/public_html/shopifypartialapp/app/Models/UserModel.php(546): CodeIgniter\Database\BaseConnection->query('UPDATE orders S...', Array)
#4 /home/u834391968/domains/cgcolors.co/public_html/shopifypartialapp/app/Controllers/Home.php(1221): App\Models\UserModel->update_delhivery_err('5381813174570', 'partialtestapp....', 'Crashing while ...')
#5 /home/u834391968/domains/cgcolors.co/public_html/shopifypartialapp/app/Controllers/Home.php(1053): App\Controllers\Home->order_sync_delhivery(Array)
#6 /home/u834391968/domains/cgcolors.co/public_html/shopifypartialapp/system/CodeIgniter.php(927): App\Controllers\Home->order_sync()
#7 /home/u834391968/domains/cgcolors.co/public_html/shopifypartialapp/system/CodeIgniter.php(482): CodeIgniter\CodeIgniter->runController(Object(App\Controllers\Home))
#8 /home/u834391968/domains/cgcolors.co/public_html/shopifypartialapp/system/CodeIgniter.php(351): CodeIgniter\CodeIgniter->handleRequest(NULL, Object(Config\Cache), false)
#9 /home/u834391968/domains/cgcolors.co/public_html/shopifypartialapp/public/index.php(67): CodeIgniter\CodeIgniter->run()
#10 {main}
ERROR - 2023-06-14 10:38:00 --> mysqli_sql_exception: You have an error in your SQL syntax; check the manual that corresponds to your MariaDB server version for the right syntax to use near 'Prepaid client manifest charge API failed due to insufficient balance'. Packa...' at line 1 in /home/u834391968/domains/cgcolors.co/public_html/shopifypartialapp/system/Database/MySQLi/Connection.php:292
Stack trace:
#0 /home/u834391968/domains/cgcolors.co/public_html/shopifypartialapp/system/Database/MySQLi/Connection.php(292): mysqli->query('UPDATE orders S...', 0)
#1 /home/u834391968/domains/cgcolors.co/public_html/shopifypartialapp/system/Database/BaseConnection.php(666): CodeIgniter\Database\MySQLi\Connection->execute('UPDATE orders S...')
#2 /home/u834391968/domains/cgcolors.co/public_html/shopifypartialapp/system/Database/BaseConnection.php(593): CodeIgniter\Database\BaseConnection->simpleQuery('UPDATE orders S...')
#3 /home/u834391968/domains/cgcolors.co/public_html/shopifypartialapp/app/Models/UserModel.php(546): CodeIgniter\Database\BaseConnection->query('UPDATE orders S...', Array)
#4 /home/u834391968/domains/cgcolors.co/public_html/shopifypartialapp/app/Controllers/Home.php(1221): App\Models\UserModel->update_delhivery_err('5381806588202', 'partialtestapp....', 'Crashing while ...')
#5 /home/u834391968/domains/cgcolors.co/public_html/shopifypartialapp/app/Controllers/Home.php(1053): App\Controllers\Home->order_sync_delhivery(Array)
#6 /home/u834391968/domains/cgcolors.co/public_html/shopifypartialapp/system/CodeIgniter.php(927): App\Controllers\Home->order_sync()
#7 /home/u834391968/domains/cgcolors.co/public_html/shopifypartialapp/system/CodeIgniter.php(482): CodeIgniter\CodeIgniter->runController(Object(App\Controllers\Home))
#8 /home/u834391968/domains/cgcolors.co/public_html/shopifypartialapp/system/CodeIgniter.php(351): CodeIgniter\CodeIgniter->handleRequest(NULL, Object(Config\Cache), false)
#9 /home/u834391968/domains/cgcolors.co/public_html/shopifypartialapp/public/index.php(67): CodeIgniter\CodeIgniter->run()
#10 {main}
ERROR - 2023-06-14 10:38:02 --> mysqli_sql_exception: You have an error in your SQL syntax; check the manual that corresponds to your MariaDB server version for the right syntax to use near 'Prepaid client manifest charge API failed due to insufficient balance'. Packa...' at line 1 in /home/u834391968/domains/cgcolors.co/public_html/shopifypartialapp/system/Database/MySQLi/Connection.php:292
Stack trace:
#0 /home/u834391968/domains/cgcolors.co/public_html/shopifypartialapp/system/Database/MySQLi/Connection.php(292): mysqli->query('UPDATE orders S...', 0)
#1 /home/u834391968/domains/cgcolors.co/public_html/shopifypartialapp/system/Database/BaseConnection.php(666): CodeIgniter\Database\MySQLi\Connection->execute('UPDATE orders S...')
#2 /home/u834391968/domains/cgcolors.co/public_html/shopifypartialapp/system/Database/BaseConnection.php(593): CodeIgniter\Database\BaseConnection->simpleQuery('UPDATE orders S...')
#3 /home/u834391968/domains/cgcolors.co/public_html/shopifypartialapp/app/Models/UserModel.php(546): CodeIgniter\Database\BaseConnection->query('UPDATE orders S...', Array)
#4 /home/u834391968/domains/cgcolors.co/public_html/shopifypartialapp/app/Controllers/Home.php(1221): App\Models\UserModel->update_delhivery_err('5381785387306', 'partialtestapp....', 'Crashing while ...')
#5 /home/u834391968/domains/cgcolors.co/public_html/shopifypartialapp/app/Controllers/Home.php(1053): App\Controllers\Home->order_sync_delhivery(Array)
#6 /home/u834391968/domains/cgcolors.co/public_html/shopifypartialapp/system/CodeIgniter.php(927): App\Controllers\Home->order_sync()
#7 /home/u834391968/domains/cgcolors.co/public_html/shopifypartialapp/system/CodeIgniter.php(482): CodeIgniter\CodeIgniter->runController(Object(App\Controllers\Home))
#8 /home/u834391968/domains/cgcolors.co/public_html/shopifypartialapp/system/CodeIgniter.php(351): CodeIgniter\CodeIgniter->handleRequest(NULL, Object(Config\Cache), false)
#9 /home/u834391968/domains/cgcolors.co/public_html/shopifypartialapp/public/index.php(67): CodeIgniter\CodeIgniter->run()
#10 {main}
ERROR - 2023-06-14 10:38:04 --> mysqli_sql_exception: You have an error in your SQL syntax; check the manual that corresponds to your MariaDB server version for the right syntax to use near 'Prepaid client manifest charge API failed due to insufficient balance'. Packa...' at line 1 in /home/u834391968/domains/cgcolors.co/public_html/shopifypartialapp/system/Database/MySQLi/Connection.php:292
Stack trace:
#0 /home/u834391968/domains/cgcolors.co/public_html/shopifypartialapp/system/Database/MySQLi/Connection.php(292): mysqli->query('UPDATE orders S...', 0)
#1 /home/u834391968/domains/cgcolors.co/public_html/shopifypartialapp/system/Database/BaseConnection.php(666): CodeIgniter\Database\MySQLi\Connection->execute('UPDATE orders S...')
#2 /home/u834391968/domains/cgcolors.co/public_html/shopifypartialapp/system/Database/BaseConnection.php(593): CodeIgniter\Database\BaseConnection->simpleQuery('UPDATE orders S...')
#3 /home/u834391968/domains/cgcolors.co/public_html/shopifypartialapp/app/Models/UserModel.php(546): CodeIgniter\Database\BaseConnection->query('UPDATE orders S...', Array)
#4 /home/u834391968/domains/cgcolors.co/public_html/shopifypartialapp/app/Controllers/Home.php(1221): App\Models\UserModel->update_delhivery_err('5381609292074', 'partialtestapp....', 'Crashing while ...')
#5 /home/u834391968/domains/cgcolors.co/public_html/shopifypartialapp/app/Controllers/Home.php(1053): App\Controllers\Home->order_sync_delhivery(Array)
#6 /home/u834391968/domains/cgcolors.co/public_html/shopifypartialapp/system/CodeIgniter.php(927): App\Controllers\Home->order_sync()
#7 /home/u834391968/domains/cgcolors.co/public_html/shopifypartialapp/system/CodeIgniter.php(482): CodeIgniter\CodeIgniter->runController(Object(App\Controllers\Home))
#8 /home/u834391968/domains/cgcolors.co/public_html/shopifypartialapp/system/CodeIgniter.php(351): CodeIgniter\CodeIgniter->handleRequest(NULL, Object(Config\Cache), false)
#9 /home/u834391968/domains/cgcolors.co/public_html/shopifypartialapp/public/index.php(67): CodeIgniter\CodeIgniter->run()
#10 {main}
ERROR - 2023-06-14 11:18:52 --> mysqli_sql_exception: Column 'email' cannot be null in /home/u834391968/domains/cgcolors.co/public_html/shopifypartialapp/system/Database/MySQLi/Connection.php:292
Stack trace:
#0 /home/u834391968/domains/cgcolors.co/public_html/shopifypartialapp/system/Database/MySQLi/Connection.php(292): mysqli->query('INSERT INTO `or...', 0)
#1 /home/u834391968/domains/cgcolors.co/public_html/shopifypartialapp/system/Database/BaseConnection.php(666): CodeIgniter\Database\MySQLi\Connection->execute('INSERT INTO `or...')
#2 /home/u834391968/domains/cgcolors.co/public_html/shopifypartialapp/system/Database/BaseConnection.php(593): CodeIgniter\Database\BaseConnection->simpleQuery('INSERT INTO `or...')
#3 /home/u834391968/domains/cgcolors.co/public_html/shopifypartialapp/system/Database/BaseBuilder.php(1916): CodeIgniter\Database\BaseConnection->query('INSERT INTO `or...', Array, false)
#4 /home/u834391968/domains/cgcolors.co/public_html/shopifypartialapp/app/Models/UserModel.php(201): CodeIgniter\Database\BaseBuilder->insert(Array)
#5 /home/u834391968/domains/cgcolors.co/public_html/shopifypartialapp/app/Controllers/Home.php(850): App\Models\UserModel->track_orders(Array, 'partialtestapp....')
#6 /home/u834391968/domains/cgcolors.co/public_html/shopifypartialapp/system/CodeIgniter.php(927): App\Controllers\Home->show_all_orders()
#7 /home/u834391968/domains/cgcolors.co/public_html/shopifypartialapp/system/CodeIgniter.php(482): CodeIgniter\CodeIgniter->runController(Object(App\Controllers\Home))
#8 /home/u834391968/domains/cgcolors.co/public_html/shopifypartialapp/system/CodeIgniter.php(351): CodeIgniter\CodeIgniter->handleRequest(NULL, Object(Config\Cache), false)
#9 /home/u834391968/domains/cgcolors.co/public_html/shopifypartialapp/public/index.php(67): CodeIgniter\CodeIgniter->run()
#10 {main}
ERROR - 2023-06-14 11:29:51 --> mysqli_sql_exception: Column 'email' cannot be null in /home/u834391968/domains/cgcolors.co/public_html/shopifypartialapp/system/Database/MySQLi/Connection.php:292
Stack trace:
#0 /home/u834391968/domains/cgcolors.co/public_html/shopifypartialapp/system/Database/MySQLi/Connection.php(292): mysqli->query('INSERT INTO `or...', 0)
#1 /home/u834391968/domains/cgcolors.co/public_html/shopifypartialapp/system/Database/BaseConnection.php(666): CodeIgniter\Database\MySQLi\Connection->execute('INSERT INTO `or...')
#2 /home/u834391968/domains/cgcolors.co/public_html/shopifypartialapp/system/Database/BaseConnection.php(593): CodeIgniter\Database\BaseConnection->simpleQuery('INSERT INTO `or...')
#3 /home/u834391968/domains/cgcolors.co/public_html/shopifypartialapp/system/Database/BaseBuilder.php(1916): CodeIgniter\Database\BaseConnection->query('INSERT INTO `or...', Array, false)
#4 /home/u834391968/domains/cgcolors.co/public_html/shopifypartialapp/app/Models/UserModel.php(201): CodeIgniter\Database\BaseBuilder->insert(Array)
#5 /home/u834391968/domains/cgcolors.co/public_html/shopifypartialapp/app/Controllers/Home.php(850): App\Models\UserModel->track_orders(Array, 'partialtestapp....')
#6 /home/u834391968/domains/cgcolors.co/public_html/shopifypartialapp/system/CodeIgniter.php(927): App\Controllers\Home->show_all_orders()
#7 /home/u834391968/domains/cgcolors.co/public_html/shopifypartialapp/system/CodeIgniter.php(482): CodeIgniter\CodeIgniter->runController(Object(App\Controllers\Home))
#8 /home/u834391968/domains/cgcolors.co/public_html/shopifypartialapp/system/CodeIgniter.php(351): CodeIgniter\CodeIgniter->handleRequest(NULL, Object(Config\Cache), false)
#9 /home/u834391968/domains/cgcolors.co/public_html/shopifypartialapp/public/index.php(67): CodeIgniter\CodeIgniter->run()
#10 {main}
ERROR - 2023-06-14 11:32:24 --> mysqli_sql_exception: Column 'email' cannot be null in /home/u834391968/domains/cgcolors.co/public_html/shopifypartialapp/system/Database/MySQLi/Connection.php:292
Stack trace:
#0 /home/u834391968/domains/cgcolors.co/public_html/shopifypartialapp/system/Database/MySQLi/Connection.php(292): mysqli->query('INSERT INTO `or...', 0)
#1 /home/u834391968/domains/cgcolors.co/public_html/shopifypartialapp/system/Database/BaseConnection.php(666): CodeIgniter\Database\MySQLi\Connection->execute('INSERT INTO `or...')
#2 /home/u834391968/domains/cgcolors.co/public_html/shopifypartialapp/system/Database/BaseConnection.php(593): CodeIgniter\Database\BaseConnection->simpleQuery('INSERT INTO `or...')
#3 /home/u834391968/domains/cgcolors.co/public_html/shopifypartialapp/system/Database/BaseBuilder.php(1916): CodeIgniter\Database\BaseConnection->query('INSERT INTO `or...', Array, false)
#4 /home/u834391968/domains/cgcolors.co/public_html/shopifypartialapp/app/Models/UserModel.php(201): CodeIgniter\Database\BaseBuilder->insert(Array)
#5 /home/u834391968/domains/cgcolors.co/public_html/shopifypartialapp/app/Controllers/Home.php(850): App\Models\UserModel->track_orders(Array, 'partialtestapp....')
#6 /home/u834391968/domains/cgcolors.co/public_html/shopifypartialapp/system/CodeIgniter.php(927): App\Controllers\Home->show_all_orders()
#7 /home/u834391968/domains/cgcolors.co/public_html/shopifypartialapp/system/CodeIgniter.php(482): CodeIgniter\CodeIgniter->runController(Object(App\Controllers\Home))
#8 /home/u834391968/domains/cgcolors.co/public_html/shopifypartialapp/system/CodeIgniter.php(351): CodeIgniter\CodeIgniter->handleRequest(NULL, Object(Config\Cache), false)
#9 /home/u834391968/domains/cgcolors.co/public_html/shopifypartialapp/public/index.php(67): CodeIgniter\CodeIgniter->run()
#10 {main}
ERROR - 2023-06-14 11:40:59 --> mysqli_sql_exception: Column 'email' cannot be null in /home/u834391968/domains/cgcolors.co/public_html/shopifypartialapp/system/Database/MySQLi/Connection.php:292
Stack trace:
#0 /home/u834391968/domains/cgcolors.co/public_html/shopifypartialapp/system/Database/MySQLi/Connection.php(292): mysqli->query('INSERT INTO `or...', 0)
#1 /home/u834391968/domains/cgcolors.co/public_html/shopifypartialapp/system/Database/BaseConnection.php(666): CodeIgniter\Database\MySQLi\Connection->execute('INSERT INTO `or...')
#2 /home/u834391968/domains/cgcolors.co/public_html/shopifypartialapp/system/Database/BaseConnection.php(593): CodeIgniter\Database\BaseConnection->simpleQuery('INSERT INTO `or...')
#3 /home/u834391968/domains/cgcolors.co/public_html/shopifypartialapp/system/Database/BaseBuilder.php(1916): CodeIgniter\Database\BaseConnection->query('INSERT INTO `or...', Array, false)
#4 /home/u834391968/domains/cgcolors.co/public_html/shopifypartialapp/app/Models/UserModel.php(201): CodeIgniter\Database\BaseBuilder->insert(Array)
#5 /home/u834391968/domains/cgcolors.co/public_html/shopifypartialapp/app/Controllers/Home.php(850): App\Models\UserModel->track_orders(Array, 'partialtestapp....')
#6 /home/u834391968/domains/cgcolors.co/public_html/shopifypartialapp/system/CodeIgniter.php(927): App\Controllers\Home->show_all_orders()
#7 /home/u834391968/domains/cgcolors.co/public_html/shopifypartialapp/system/CodeIgniter.php(482): CodeIgniter\CodeIgniter->runController(Object(App\Controllers\Home))
#8 /home/u834391968/domains/cgcolors.co/public_html/shopifypartialapp/system/CodeIgniter.php(351): CodeIgniter\CodeIgniter->handleRequest(NULL, Object(Config\Cache), false)
#9 /home/u834391968/domains/cgcolors.co/public_html/shopifypartialapp/public/index.php(67): CodeIgniter\CodeIgniter->run()
#10 {main}
ERROR - 2023-06-14 13:22:59 --> mysqli_sql_exception: Column 'email' cannot be null in /home/u834391968/domains/cgcolors.co/public_html/shopifypartialapp/system/Database/MySQLi/Connection.php:292
Stack trace:
#0 /home/u834391968/domains/cgcolors.co/public_html/shopifypartialapp/system/Database/MySQLi/Connection.php(292): mysqli->query('INSERT INTO `or...', 0)
#1 /home/u834391968/domains/cgcolors.co/public_html/shopifypartialapp/system/Database/BaseConnection.php(666): CodeIgniter\Database\MySQLi\Connection->execute('INSERT INTO `or...')
#2 /home/u834391968/domains/cgcolors.co/public_html/shopifypartialapp/system/Database/BaseConnection.php(593): CodeIgniter\Database\BaseConnection->simpleQuery('INSERT INTO `or...')
#3 /home/u834391968/domains/cgcolors.co/public_html/shopifypartialapp/system/Database/BaseBuilder.php(1916): CodeIgniter\Database\BaseConnection->query('INSERT INTO `or...', Array, false)
#4 /home/u834391968/domains/cgcolors.co/public_html/shopifypartialapp/app/Models/UserModel.php(201): CodeIgniter\Database\BaseBuilder->insert(Array)
#5 /home/u834391968/domains/cgcolors.co/public_html/shopifypartialapp/app/Controllers/Home.php(850): App\Models\UserModel->track_orders(Array, 'partialtestapp....')
#6 /home/u834391968/domains/cgcolors.co/public_html/shopifypartialapp/system/CodeIgniter.php(927): App\Controllers\Home->show_all_orders()
#7 /home/u834391968/domains/cgcolors.co/public_html/shopifypartialapp/system/CodeIgniter.php(482): CodeIgniter\CodeIgniter->runController(Object(App\Controllers\Home))
#8 /home/u834391968/domains/cgcolors.co/public_html/shopifypartialapp/system/CodeIgniter.php(351): CodeIgniter\CodeIgniter->handleRequest(NULL, Object(Config\Cache), false)
#9 /home/u834391968/domains/cgcolors.co/public_html/shopifypartialapp/public/index.php(67): CodeIgniter\CodeIgniter->run()
#10 {main}
