ERROR - 2023-01-04 03:58:06 --> mysqli_sql_exception: Column 'email' cannot be null in /home/877186.cloudwaysapps.com/yvuxeuwabq/public_html/system/Database/MySQLi/Connection.php:292
Stack trace:
#0 /home/877186.cloudwaysapps.com/yvuxeuwabq/public_html/system/Database/MySQLi/Connection.php(292): mysqli->query()
#1 /home/877186.cloudwaysapps.com/yvuxeuwabq/public_html/system/Database/BaseConnection.php(666): CodeIgniter\Database\MySQLi\Connection->execute()
#2 /home/877186.cloudwaysapps.com/yvuxeuwabq/public_html/system/Database/BaseConnection.php(593): CodeIgniter\Database\BaseConnection->simpleQuery()
#3 /home/877186.cloudwaysapps.com/yvuxeuwabq/public_html/system/Database/BaseBuilder.php(1916): CodeIgniter\Database\BaseConnection->query()
#4 /home/877186.cloudwaysapps.com/yvuxeuwabq/public_html/app/Models/UserModel.php(154): CodeIgniter\Database\BaseBuilder->insert()
#5 /home/877186.cloudwaysapps.com/yvuxeuwabq/public_html/app/Controllers/Home.php(230): App\Models\UserModel->track_orders()
#6 /home/877186.cloudwaysapps.com/yvuxeuwabq/public_html/system/CodeIgniter.php(927): App\Controllers\Home->show_all_orders()
#7 /home/877186.cloudwaysapps.com/yvuxeuwabq/public_html/system/CodeIgniter.php(482): CodeIgniter\CodeIgniter->runController()
#8 /home/877186.cloudwaysapps.com/yvuxeuwabq/public_html/system/CodeIgniter.php(351): CodeIgniter\CodeIgniter->handleRequest()
#9 /home/877186.cloudwaysapps.com/yvuxeuwabq/public_html/public/index.php(67): CodeIgniter\CodeIgniter->run()
#10 {main}
ERROR - 2023-01-04 03:58:06 --> mysqli_sql_exception: Column 'email' cannot be null in /home/877186.cloudwaysapps.com/yvuxeuwabq/public_html/system/Database/MySQLi/Connection.php:292
Stack trace:
#0 /home/877186.cloudwaysapps.com/yvuxeuwabq/public_html/system/Database/MySQLi/Connection.php(292): mysqli->query()
#1 /home/877186.cloudwaysapps.com/yvuxeuwabq/public_html/system/Database/BaseConnection.php(666): CodeIgniter\Database\MySQLi\Connection->execute()
#2 /home/877186.cloudwaysapps.com/yvuxeuwabq/public_html/system/Database/BaseConnection.php(593): CodeIgniter\Database\BaseConnection->simpleQuery()
#3 /home/877186.cloudwaysapps.com/yvuxeuwabq/public_html/system/Database/BaseBuilder.php(1916): CodeIgniter\Database\BaseConnection->query()
#4 /home/877186.cloudwaysapps.com/yvuxeuwabq/public_html/app/Models/UserModel.php(154): CodeIgniter\Database\BaseBuilder->insert()
#5 /home/877186.cloudwaysapps.com/yvuxeuwabq/public_html/app/Controllers/Home.php(230): App\Models\UserModel->track_orders()
#6 /home/877186.cloudwaysapps.com/yvuxeuwabq/public_html/system/CodeIgniter.php(927): App\Controllers\Home->show_all_orders()
#7 /home/877186.cloudwaysapps.com/yvuxeuwabq/public_html/system/CodeIgniter.php(482): CodeIgniter\CodeIgniter->runController()
#8 /home/877186.cloudwaysapps.com/yvuxeuwabq/public_html/system/CodeIgniter.php(351): CodeIgniter\CodeIgniter->handleRequest()
#9 /home/877186.cloudwaysapps.com/yvuxeuwabq/public_html/public/index.php(67): CodeIgniter\CodeIgniter->run()
#10 {main}
ERROR - 2023-01-04 07:03:05 --> mysqli_sql_exception: Column 'product_id' cannot be null in /home/877186.cloudwaysapps.com/yvuxeuwabq/public_html/system/Database/MySQLi/Connection.php:292
Stack trace:
#0 /home/877186.cloudwaysapps.com/yvuxeuwabq/public_html/system/Database/MySQLi/Connection.php(292): mysqli->query()
#1 /home/877186.cloudwaysapps.com/yvuxeuwabq/public_html/system/Database/BaseConnection.php(666): CodeIgniter\Database\MySQLi\Connection->execute()
#2 /home/877186.cloudwaysapps.com/yvuxeuwabq/public_html/system/Database/BaseConnection.php(593): CodeIgniter\Database\BaseConnection->simpleQuery()
#3 /home/877186.cloudwaysapps.com/yvuxeuwabq/public_html/system/Database/BaseBuilder.php(1916): CodeIgniter\Database\BaseConnection->query()
#4 /home/877186.cloudwaysapps.com/yvuxeuwabq/public_html/app/Models/UserModel.php(172): CodeIgniter\Database\BaseBuilder->insert()
#5 /home/877186.cloudwaysapps.com/yvuxeuwabq/public_html/app/Controllers/Home.php(249): App\Models\UserModel->track_orders_products()
#6 /home/877186.cloudwaysapps.com/yvuxeuwabq/public_html/system/CodeIgniter.php(927): App\Controllers\Home->show_all_orders()
#7 /home/877186.cloudwaysapps.com/yvuxeuwabq/public_html/system/CodeIgniter.php(482): CodeIgniter\CodeIgniter->runController()
#8 /home/877186.cloudwaysapps.com/yvuxeuwabq/public_html/system/CodeIgniter.php(351): CodeIgniter\CodeIgniter->handleRequest()
#9 /home/877186.cloudwaysapps.com/yvuxeuwabq/public_html/public/index.php(67): CodeIgniter\CodeIgniter->run()
#10 {main}
ERROR - 2023-01-04 07:03:05 --> mysqli_sql_exception: Column 'email' cannot be null in /home/877186.cloudwaysapps.com/yvuxeuwabq/public_html/system/Database/MySQLi/Connection.php:292
Stack trace:
#0 /home/877186.cloudwaysapps.com/yvuxeuwabq/public_html/system/Database/MySQLi/Connection.php(292): mysqli->query()
#1 /home/877186.cloudwaysapps.com/yvuxeuwabq/public_html/system/Database/BaseConnection.php(666): CodeIgniter\Database\MySQLi\Connection->execute()
#2 /home/877186.cloudwaysapps.com/yvuxeuwabq/public_html/system/Database/BaseConnection.php(593): CodeIgniter\Database\BaseConnection->simpleQuery()
#3 /home/877186.cloudwaysapps.com/yvuxeuwabq/public_html/system/Database/BaseBuilder.php(1916): CodeIgniter\Database\BaseConnection->query()
#4 /home/877186.cloudwaysapps.com/yvuxeuwabq/public_html/app/Models/UserModel.php(154): CodeIgniter\Database\BaseBuilder->insert()
#5 /home/877186.cloudwaysapps.com/yvuxeuwabq/public_html/app/Controllers/Home.php(230): App\Models\UserModel->track_orders()
#6 /home/877186.cloudwaysapps.com/yvuxeuwabq/public_html/system/CodeIgniter.php(927): App\Controllers\Home->show_all_orders()
#7 /home/877186.cloudwaysapps.com/yvuxeuwabq/public_html/system/CodeIgniter.php(482): CodeIgniter\CodeIgniter->runController()
#8 /home/877186.cloudwaysapps.com/yvuxeuwabq/public_html/system/CodeIgniter.php(351): CodeIgniter\CodeIgniter->handleRequest()
#9 /home/877186.cloudwaysapps.com/yvuxeuwabq/public_html/public/index.php(67): CodeIgniter\CodeIgniter->run()
#10 {main}
ERROR - 2023-01-04 07:34:30 --> mysqli_sql_exception: Column 'email' cannot be null in /home/877186.cloudwaysapps.com/yvuxeuwabq/public_html/system/Database/MySQLi/Connection.php:292
Stack trace:
#0 /home/877186.cloudwaysapps.com/yvuxeuwabq/public_html/system/Database/MySQLi/Connection.php(292): mysqli->query()
#1 /home/877186.cloudwaysapps.com/yvuxeuwabq/public_html/system/Database/BaseConnection.php(666): CodeIgniter\Database\MySQLi\Connection->execute()
#2 /home/877186.cloudwaysapps.com/yvuxeuwabq/public_html/system/Database/BaseConnection.php(593): CodeIgniter\Database\BaseConnection->simpleQuery()
#3 /home/877186.cloudwaysapps.com/yvuxeuwabq/public_html/system/Database/BaseBuilder.php(1916): CodeIgniter\Database\BaseConnection->query()
#4 /home/877186.cloudwaysapps.com/yvuxeuwabq/public_html/app/Models/UserModel.php(154): CodeIgniter\Database\BaseBuilder->insert()
#5 /home/877186.cloudwaysapps.com/yvuxeuwabq/public_html/app/Controllers/Home.php(230): App\Models\UserModel->track_orders()
#6 /home/877186.cloudwaysapps.com/yvuxeuwabq/public_html/system/CodeIgniter.php(927): App\Controllers\Home->show_all_orders()
#7 /home/877186.cloudwaysapps.com/yvuxeuwabq/public_html/system/CodeIgniter.php(482): CodeIgniter\CodeIgniter->runController()
#8 /home/877186.cloudwaysapps.com/yvuxeuwabq/public_html/system/CodeIgniter.php(351): CodeIgniter\CodeIgniter->handleRequest()
#9 /home/877186.cloudwaysapps.com/yvuxeuwabq/public_html/public/index.php(67): CodeIgniter\CodeIgniter->run()
#10 {main}
ERROR - 2023-01-04 07:47:10 --> mysqli_sql_exception: Column 'product_id' cannot be null in /home/877186.cloudwaysapps.com/yvuxeuwabq/public_html/system/Database/MySQLi/Connection.php:292
Stack trace:
#0 /home/877186.cloudwaysapps.com/yvuxeuwabq/public_html/system/Database/MySQLi/Connection.php(292): mysqli->query()
#1 /home/877186.cloudwaysapps.com/yvuxeuwabq/public_html/system/Database/BaseConnection.php(666): CodeIgniter\Database\MySQLi\Connection->execute()
#2 /home/877186.cloudwaysapps.com/yvuxeuwabq/public_html/system/Database/BaseConnection.php(593): CodeIgniter\Database\BaseConnection->simpleQuery()
#3 /home/877186.cloudwaysapps.com/yvuxeuwabq/public_html/system/Database/BaseBuilder.php(1916): CodeIgniter\Database\BaseConnection->query()
#4 /home/877186.cloudwaysapps.com/yvuxeuwabq/public_html/app/Models/UserModel.php(172): CodeIgniter\Database\BaseBuilder->insert()
#5 /home/877186.cloudwaysapps.com/yvuxeuwabq/public_html/app/Controllers/Home.php(249): App\Models\UserModel->track_orders_products()
#6 /home/877186.cloudwaysapps.com/yvuxeuwabq/public_html/system/CodeIgniter.php(927): App\Controllers\Home->show_all_orders()
#7 /home/877186.cloudwaysapps.com/yvuxeuwabq/public_html/system/CodeIgniter.php(482): CodeIgniter\CodeIgniter->runController()
#8 /home/877186.cloudwaysapps.com/yvuxeuwabq/public_html/system/CodeIgniter.php(351): CodeIgniter\CodeIgniter->handleRequest()
#9 /home/877186.cloudwaysapps.com/yvuxeuwabq/public_html/public/index.php(67): CodeIgniter\CodeIgniter->run()
#10 {main}
ERROR - 2023-01-04 07:47:10 --> mysqli_sql_exception: Column 'email' cannot be null in /home/877186.cloudwaysapps.com/yvuxeuwabq/public_html/system/Database/MySQLi/Connection.php:292
Stack trace:
#0 /home/877186.cloudwaysapps.com/yvuxeuwabq/public_html/system/Database/MySQLi/Connection.php(292): mysqli->query()
#1 /home/877186.cloudwaysapps.com/yvuxeuwabq/public_html/system/Database/BaseConnection.php(666): CodeIgniter\Database\MySQLi\Connection->execute()
#2 /home/877186.cloudwaysapps.com/yvuxeuwabq/public_html/system/Database/BaseConnection.php(593): CodeIgniter\Database\BaseConnection->simpleQuery()
#3 /home/877186.cloudwaysapps.com/yvuxeuwabq/public_html/system/Database/BaseBuilder.php(1916): CodeIgniter\Database\BaseConnection->query()
#4 /home/877186.cloudwaysapps.com/yvuxeuwabq/public_html/app/Models/UserModel.php(154): CodeIgniter\Database\BaseBuilder->insert()
#5 /home/877186.cloudwaysapps.com/yvuxeuwabq/public_html/app/Controllers/Home.php(230): App\Models\UserModel->track_orders()
#6 /home/877186.cloudwaysapps.com/yvuxeuwabq/public_html/system/CodeIgniter.php(927): App\Controllers\Home->show_all_orders()
#7 /home/877186.cloudwaysapps.com/yvuxeuwabq/public_html/system/CodeIgniter.php(482): CodeIgniter\CodeIgniter->runController()
#8 /home/877186.cloudwaysapps.com/yvuxeuwabq/public_html/system/CodeIgniter.php(351): CodeIgniter\CodeIgniter->handleRequest()
#9 /home/877186.cloudwaysapps.com/yvuxeuwabq/public_html/public/index.php(67): CodeIgniter\CodeIgniter->run()
#10 {main}
ERROR - 2023-01-04 07:57:51 --> mysqli_sql_exception: Column 'email' cannot be null in /home/877186.cloudwaysapps.com/yvuxeuwabq/public_html/system/Database/MySQLi/Connection.php:292
Stack trace:
#0 /home/877186.cloudwaysapps.com/yvuxeuwabq/public_html/system/Database/MySQLi/Connection.php(292): mysqli->query()
#1 /home/877186.cloudwaysapps.com/yvuxeuwabq/public_html/system/Database/BaseConnection.php(666): CodeIgniter\Database\MySQLi\Connection->execute()
#2 /home/877186.cloudwaysapps.com/yvuxeuwabq/public_html/system/Database/BaseConnection.php(593): CodeIgniter\Database\BaseConnection->simpleQuery()
#3 /home/877186.cloudwaysapps.com/yvuxeuwabq/public_html/system/Database/BaseBuilder.php(1916): CodeIgniter\Database\BaseConnection->query()
#4 /home/877186.cloudwaysapps.com/yvuxeuwabq/public_html/app/Models/UserModel.php(154): CodeIgniter\Database\BaseBuilder->insert()
#5 /home/877186.cloudwaysapps.com/yvuxeuwabq/public_html/app/Controllers/Home.php(230): App\Models\UserModel->track_orders()
#6 /home/877186.cloudwaysapps.com/yvuxeuwabq/public_html/system/CodeIgniter.php(927): App\Controllers\Home->show_all_orders()
#7 /home/877186.cloudwaysapps.com/yvuxeuwabq/public_html/system/CodeIgniter.php(482): CodeIgniter\CodeIgniter->runController()
#8 /home/877186.cloudwaysapps.com/yvuxeuwabq/public_html/system/CodeIgniter.php(351): CodeIgniter\CodeIgniter->handleRequest()
#9 /home/877186.cloudwaysapps.com/yvuxeuwabq/public_html/public/index.php(67): CodeIgniter\CodeIgniter->run()
#10 {main}
ERROR - 2023-01-04 07:58:46 --> mysqli_sql_exception: Column 'email' cannot be null in /home/877186.cloudwaysapps.com/yvuxeuwabq/public_html/system/Database/MySQLi/Connection.php:292
Stack trace:
#0 /home/877186.cloudwaysapps.com/yvuxeuwabq/public_html/system/Database/MySQLi/Connection.php(292): mysqli->query()
#1 /home/877186.cloudwaysapps.com/yvuxeuwabq/public_html/system/Database/BaseConnection.php(666): CodeIgniter\Database\MySQLi\Connection->execute()
#2 /home/877186.cloudwaysapps.com/yvuxeuwabq/public_html/system/Database/BaseConnection.php(593): CodeIgniter\Database\BaseConnection->simpleQuery()
#3 /home/877186.cloudwaysapps.com/yvuxeuwabq/public_html/system/Database/BaseBuilder.php(1916): CodeIgniter\Database\BaseConnection->query()
#4 /home/877186.cloudwaysapps.com/yvuxeuwabq/public_html/app/Models/UserModel.php(154): CodeIgniter\Database\BaseBuilder->insert()
#5 /home/877186.cloudwaysapps.com/yvuxeuwabq/public_html/app/Controllers/Home.php(230): App\Models\UserModel->track_orders()
#6 /home/877186.cloudwaysapps.com/yvuxeuwabq/public_html/system/CodeIgniter.php(927): App\Controllers\Home->show_all_orders()
#7 /home/877186.cloudwaysapps.com/yvuxeuwabq/public_html/system/CodeIgniter.php(482): CodeIgniter\CodeIgniter->runController()
#8 /home/877186.cloudwaysapps.com/yvuxeuwabq/public_html/system/CodeIgniter.php(351): CodeIgniter\CodeIgniter->handleRequest()
#9 /home/877186.cloudwaysapps.com/yvuxeuwabq/public_html/public/index.php(67): CodeIgniter\CodeIgniter->run()
#10 {main}
ERROR - 2023-01-04 08:32:59 --> mysqli_sql_exception: Column 'email' cannot be null in /home/877186.cloudwaysapps.com/yvuxeuwabq/public_html/system/Database/MySQLi/Connection.php:292
Stack trace:
#0 /home/877186.cloudwaysapps.com/yvuxeuwabq/public_html/system/Database/MySQLi/Connection.php(292): mysqli->query()
#1 /home/877186.cloudwaysapps.com/yvuxeuwabq/public_html/system/Database/BaseConnection.php(666): CodeIgniter\Database\MySQLi\Connection->execute()
#2 /home/877186.cloudwaysapps.com/yvuxeuwabq/public_html/system/Database/BaseConnection.php(593): CodeIgniter\Database\BaseConnection->simpleQuery()
#3 /home/877186.cloudwaysapps.com/yvuxeuwabq/public_html/system/Database/BaseBuilder.php(1916): CodeIgniter\Database\BaseConnection->query()
#4 /home/877186.cloudwaysapps.com/yvuxeuwabq/public_html/app/Models/UserModel.php(154): CodeIgniter\Database\BaseBuilder->insert()
#5 /home/877186.cloudwaysapps.com/yvuxeuwabq/public_html/app/Controllers/Home.php(230): App\Models\UserModel->track_orders()
#6 /home/877186.cloudwaysapps.com/yvuxeuwabq/public_html/system/CodeIgniter.php(927): App\Controllers\Home->show_all_orders()
#7 /home/877186.cloudwaysapps.com/yvuxeuwabq/public_html/system/CodeIgniter.php(482): CodeIgniter\CodeIgniter->runController()
#8 /home/877186.cloudwaysapps.com/yvuxeuwabq/public_html/system/CodeIgniter.php(351): CodeIgniter\CodeIgniter->handleRequest()
#9 /home/877186.cloudwaysapps.com/yvuxeuwabq/public_html/public/index.php(67): CodeIgniter\CodeIgniter->run()
#10 {main}
ERROR - 2023-01-04 08:33:10 --> mysqli_sql_exception: Column 'email' cannot be null in /home/877186.cloudwaysapps.com/yvuxeuwabq/public_html/system/Database/MySQLi/Connection.php:292
Stack trace:
#0 /home/877186.cloudwaysapps.com/yvuxeuwabq/public_html/system/Database/MySQLi/Connection.php(292): mysqli->query()
#1 /home/877186.cloudwaysapps.com/yvuxeuwabq/public_html/system/Database/BaseConnection.php(666): CodeIgniter\Database\MySQLi\Connection->execute()
#2 /home/877186.cloudwaysapps.com/yvuxeuwabq/public_html/system/Database/BaseConnection.php(593): CodeIgniter\Database\BaseConnection->simpleQuery()
#3 /home/877186.cloudwaysapps.com/yvuxeuwabq/public_html/system/Database/BaseBuilder.php(1916): CodeIgniter\Database\BaseConnection->query()
#4 /home/877186.cloudwaysapps.com/yvuxeuwabq/public_html/app/Models/UserModel.php(154): CodeIgniter\Database\BaseBuilder->insert()
#5 /home/877186.cloudwaysapps.com/yvuxeuwabq/public_html/app/Controllers/Home.php(230): App\Models\UserModel->track_orders()
#6 /home/877186.cloudwaysapps.com/yvuxeuwabq/public_html/system/CodeIgniter.php(927): App\Controllers\Home->show_all_orders()
#7 /home/877186.cloudwaysapps.com/yvuxeuwabq/public_html/system/CodeIgniter.php(482): CodeIgniter\CodeIgniter->runController()
#8 /home/877186.cloudwaysapps.com/yvuxeuwabq/public_html/system/CodeIgniter.php(351): CodeIgniter\CodeIgniter->handleRequest()
#9 /home/877186.cloudwaysapps.com/yvuxeuwabq/public_html/public/index.php(67): CodeIgniter\CodeIgniter->run()
#10 {main}
ERROR - 2023-01-04 08:33:10 --> mysqli_sql_exception: Column 'email' cannot be null in /home/877186.cloudwaysapps.com/yvuxeuwabq/public_html/system/Database/MySQLi/Connection.php:292
Stack trace:
#0 /home/877186.cloudwaysapps.com/yvuxeuwabq/public_html/system/Database/MySQLi/Connection.php(292): mysqli->query()
#1 /home/877186.cloudwaysapps.com/yvuxeuwabq/public_html/system/Database/BaseConnection.php(666): CodeIgniter\Database\MySQLi\Connection->execute()
#2 /home/877186.cloudwaysapps.com/yvuxeuwabq/public_html/system/Database/BaseConnection.php(593): CodeIgniter\Database\BaseConnection->simpleQuery()
#3 /home/877186.cloudwaysapps.com/yvuxeuwabq/public_html/system/Database/BaseBuilder.php(1916): CodeIgniter\Database\BaseConnection->query()
#4 /home/877186.cloudwaysapps.com/yvuxeuwabq/public_html/app/Models/UserModel.php(154): CodeIgniter\Database\BaseBuilder->insert()
#5 /home/877186.cloudwaysapps.com/yvuxeuwabq/public_html/app/Controllers/Home.php(230): App\Models\UserModel->track_orders()
#6 /home/877186.cloudwaysapps.com/yvuxeuwabq/public_html/system/CodeIgniter.php(927): App\Controllers\Home->show_all_orders()
#7 /home/877186.cloudwaysapps.com/yvuxeuwabq/public_html/system/CodeIgniter.php(482): CodeIgniter\CodeIgniter->runController()
#8 /home/877186.cloudwaysapps.com/yvuxeuwabq/public_html/system/CodeIgniter.php(351): CodeIgniter\CodeIgniter->handleRequest()
#9 /home/877186.cloudwaysapps.com/yvuxeuwabq/public_html/public/index.php(67): CodeIgniter\CodeIgniter->run()
#10 {main}
ERROR - 2023-01-04 08:35:01 --> mysqli_sql_exception: Column 'email' cannot be null in /home/877186.cloudwaysapps.com/yvuxeuwabq/public_html/system/Database/MySQLi/Connection.php:292
Stack trace:
#0 /home/877186.cloudwaysapps.com/yvuxeuwabq/public_html/system/Database/MySQLi/Connection.php(292): mysqli->query()
#1 /home/877186.cloudwaysapps.com/yvuxeuwabq/public_html/system/Database/BaseConnection.php(666): CodeIgniter\Database\MySQLi\Connection->execute()
#2 /home/877186.cloudwaysapps.com/yvuxeuwabq/public_html/system/Database/BaseConnection.php(593): CodeIgniter\Database\BaseConnection->simpleQuery()
#3 /home/877186.cloudwaysapps.com/yvuxeuwabq/public_html/system/Database/BaseBuilder.php(1916): CodeIgniter\Database\BaseConnection->query()
#4 /home/877186.cloudwaysapps.com/yvuxeuwabq/public_html/app/Models/UserModel.php(154): CodeIgniter\Database\BaseBuilder->insert()
#5 /home/877186.cloudwaysapps.com/yvuxeuwabq/public_html/app/Controllers/Home.php(230): App\Models\UserModel->track_orders()
#6 /home/877186.cloudwaysapps.com/yvuxeuwabq/public_html/system/CodeIgniter.php(927): App\Controllers\Home->show_all_orders()
#7 /home/877186.cloudwaysapps.com/yvuxeuwabq/public_html/system/CodeIgniter.php(482): CodeIgniter\CodeIgniter->runController()
#8 /home/877186.cloudwaysapps.com/yvuxeuwabq/public_html/system/CodeIgniter.php(351): CodeIgniter\CodeIgniter->handleRequest()
#9 /home/877186.cloudwaysapps.com/yvuxeuwabq/public_html/public/index.php(67): CodeIgniter\CodeIgniter->run()
#10 {main}
ERROR - 2023-01-04 08:42:12 --> mysqli_sql_exception: Column 'email' cannot be null in /home/877186.cloudwaysapps.com/yvuxeuwabq/public_html/system/Database/MySQLi/Connection.php:292
Stack trace:
#0 /home/877186.cloudwaysapps.com/yvuxeuwabq/public_html/system/Database/MySQLi/Connection.php(292): mysqli->query()
#1 /home/877186.cloudwaysapps.com/yvuxeuwabq/public_html/system/Database/BaseConnection.php(666): CodeIgniter\Database\MySQLi\Connection->execute()
#2 /home/877186.cloudwaysapps.com/yvuxeuwabq/public_html/system/Database/BaseConnection.php(593): CodeIgniter\Database\BaseConnection->simpleQuery()
#3 /home/877186.cloudwaysapps.com/yvuxeuwabq/public_html/system/Database/BaseBuilder.php(1916): CodeIgniter\Database\BaseConnection->query()
#4 /home/877186.cloudwaysapps.com/yvuxeuwabq/public_html/app/Models/UserModel.php(154): CodeIgniter\Database\BaseBuilder->insert()
#5 /home/877186.cloudwaysapps.com/yvuxeuwabq/public_html/app/Controllers/Home.php(230): App\Models\UserModel->track_orders()
#6 /home/877186.cloudwaysapps.com/yvuxeuwabq/public_html/system/CodeIgniter.php(927): App\Controllers\Home->show_all_orders()
#7 /home/877186.cloudwaysapps.com/yvuxeuwabq/public_html/system/CodeIgniter.php(482): CodeIgniter\CodeIgniter->runController()
#8 /home/877186.cloudwaysapps.com/yvuxeuwabq/public_html/system/CodeIgniter.php(351): CodeIgniter\CodeIgniter->handleRequest()
#9 /home/877186.cloudwaysapps.com/yvuxeuwabq/public_html/public/index.php(67): CodeIgniter\CodeIgniter->run()
#10 {main}
ERROR - 2023-01-04 08:45:32 --> mysqli_sql_exception: Column 'product_id' cannot be null in /home/877186.cloudwaysapps.com/yvuxeuwabq/public_html/system/Database/MySQLi/Connection.php:292
Stack trace:
#0 /home/877186.cloudwaysapps.com/yvuxeuwabq/public_html/system/Database/MySQLi/Connection.php(292): mysqli->query()
#1 /home/877186.cloudwaysapps.com/yvuxeuwabq/public_html/system/Database/BaseConnection.php(666): CodeIgniter\Database\MySQLi\Connection->execute()
#2 /home/877186.cloudwaysapps.com/yvuxeuwabq/public_html/system/Database/BaseConnection.php(593): CodeIgniter\Database\BaseConnection->simpleQuery()
#3 /home/877186.cloudwaysapps.com/yvuxeuwabq/public_html/system/Database/BaseBuilder.php(1916): CodeIgniter\Database\BaseConnection->query()
#4 /home/877186.cloudwaysapps.com/yvuxeuwabq/public_html/app/Models/UserModel.php(172): CodeIgniter\Database\BaseBuilder->insert()
#5 /home/877186.cloudwaysapps.com/yvuxeuwabq/public_html/app/Controllers/Home.php(249): App\Models\UserModel->track_orders_products()
#6 /home/877186.cloudwaysapps.com/yvuxeuwabq/public_html/system/CodeIgniter.php(927): App\Controllers\Home->show_all_orders()
#7 /home/877186.cloudwaysapps.com/yvuxeuwabq/public_html/system/CodeIgniter.php(482): CodeIgniter\CodeIgniter->runController()
#8 /home/877186.cloudwaysapps.com/yvuxeuwabq/public_html/system/CodeIgniter.php(351): CodeIgniter\CodeIgniter->handleRequest()
#9 /home/877186.cloudwaysapps.com/yvuxeuwabq/public_html/public/index.php(67): CodeIgniter\CodeIgniter->run()
#10 {main}
ERROR - 2023-01-04 08:45:32 --> mysqli_sql_exception: Column 'email' cannot be null in /home/877186.cloudwaysapps.com/yvuxeuwabq/public_html/system/Database/MySQLi/Connection.php:292
Stack trace:
#0 /home/877186.cloudwaysapps.com/yvuxeuwabq/public_html/system/Database/MySQLi/Connection.php(292): mysqli->query()
#1 /home/877186.cloudwaysapps.com/yvuxeuwabq/public_html/system/Database/BaseConnection.php(666): CodeIgniter\Database\MySQLi\Connection->execute()
#2 /home/877186.cloudwaysapps.com/yvuxeuwabq/public_html/system/Database/BaseConnection.php(593): CodeIgniter\Database\BaseConnection->simpleQuery()
#3 /home/877186.cloudwaysapps.com/yvuxeuwabq/public_html/system/Database/BaseBuilder.php(1916): CodeIgniter\Database\BaseConnection->query()
#4 /home/877186.cloudwaysapps.com/yvuxeuwabq/public_html/app/Models/UserModel.php(154): CodeIgniter\Database\BaseBuilder->insert()
#5 /home/877186.cloudwaysapps.com/yvuxeuwabq/public_html/app/Controllers/Home.php(230): App\Models\UserModel->track_orders()
#6 /home/877186.cloudwaysapps.com/yvuxeuwabq/public_html/system/CodeIgniter.php(927): App\Controllers\Home->show_all_orders()
#7 /home/877186.cloudwaysapps.com/yvuxeuwabq/public_html/system/CodeIgniter.php(482): CodeIgniter\CodeIgniter->runController()
#8 /home/877186.cloudwaysapps.com/yvuxeuwabq/public_html/system/CodeIgniter.php(351): CodeIgniter\CodeIgniter->handleRequest()
#9 /home/877186.cloudwaysapps.com/yvuxeuwabq/public_html/public/index.php(67): CodeIgniter\CodeIgniter->run()
#10 {main}
ERROR - 2023-01-04 08:46:49 --> mysqli_sql_exception: Column 'email' cannot be null in /home/877186.cloudwaysapps.com/yvuxeuwabq/public_html/system/Database/MySQLi/Connection.php:292
Stack trace:
#0 /home/877186.cloudwaysapps.com/yvuxeuwabq/public_html/system/Database/MySQLi/Connection.php(292): mysqli->query()
#1 /home/877186.cloudwaysapps.com/yvuxeuwabq/public_html/system/Database/BaseConnection.php(666): CodeIgniter\Database\MySQLi\Connection->execute()
#2 /home/877186.cloudwaysapps.com/yvuxeuwabq/public_html/system/Database/BaseConnection.php(593): CodeIgniter\Database\BaseConnection->simpleQuery()
#3 /home/877186.cloudwaysapps.com/yvuxeuwabq/public_html/system/Database/BaseBuilder.php(1916): CodeIgniter\Database\BaseConnection->query()
#4 /home/877186.cloudwaysapps.com/yvuxeuwabq/public_html/app/Models/UserModel.php(154): CodeIgniter\Database\BaseBuilder->insert()
#5 /home/877186.cloudwaysapps.com/yvuxeuwabq/public_html/app/Controllers/Home.php(230): App\Models\UserModel->track_orders()
#6 /home/877186.cloudwaysapps.com/yvuxeuwabq/public_html/system/CodeIgniter.php(927): App\Controllers\Home->show_all_orders()
#7 /home/877186.cloudwaysapps.com/yvuxeuwabq/public_html/system/CodeIgniter.php(482): CodeIgniter\CodeIgniter->runController()
#8 /home/877186.cloudwaysapps.com/yvuxeuwabq/public_html/system/CodeIgniter.php(351): CodeIgniter\CodeIgniter->handleRequest()
#9 /home/877186.cloudwaysapps.com/yvuxeuwabq/public_html/public/index.php(67): CodeIgniter\CodeIgniter->run()
#10 {main}
ERROR - 2023-01-04 08:51:30 --> mysqli_sql_exception: Column 'product_id' cannot be null in /home/877186.cloudwaysapps.com/yvuxeuwabq/public_html/system/Database/MySQLi/Connection.php:292
Stack trace:
#0 /home/877186.cloudwaysapps.com/yvuxeuwabq/public_html/system/Database/MySQLi/Connection.php(292): mysqli->query()
#1 /home/877186.cloudwaysapps.com/yvuxeuwabq/public_html/system/Database/BaseConnection.php(666): CodeIgniter\Database\MySQLi\Connection->execute()
#2 /home/877186.cloudwaysapps.com/yvuxeuwabq/public_html/system/Database/BaseConnection.php(593): CodeIgniter\Database\BaseConnection->simpleQuery()
#3 /home/877186.cloudwaysapps.com/yvuxeuwabq/public_html/system/Database/BaseBuilder.php(1916): CodeIgniter\Database\BaseConnection->query()
#4 /home/877186.cloudwaysapps.com/yvuxeuwabq/public_html/app/Models/UserModel.php(172): CodeIgniter\Database\BaseBuilder->insert()
#5 /home/877186.cloudwaysapps.com/yvuxeuwabq/public_html/app/Controllers/Home.php(249): App\Models\UserModel->track_orders_products()
#6 /home/877186.cloudwaysapps.com/yvuxeuwabq/public_html/system/CodeIgniter.php(927): App\Controllers\Home->show_all_orders()
#7 /home/877186.cloudwaysapps.com/yvuxeuwabq/public_html/system/CodeIgniter.php(482): CodeIgniter\CodeIgniter->runController()
#8 /home/877186.cloudwaysapps.com/yvuxeuwabq/public_html/system/CodeIgniter.php(351): CodeIgniter\CodeIgniter->handleRequest()
#9 /home/877186.cloudwaysapps.com/yvuxeuwabq/public_html/public/index.php(67): CodeIgniter\CodeIgniter->run()
#10 {main}
ERROR - 2023-01-04 08:51:30 --> mysqli_sql_exception: Column 'product_id' cannot be null in /home/877186.cloudwaysapps.com/yvuxeuwabq/public_html/system/Database/MySQLi/Connection.php:292
Stack trace:
#0 /home/877186.cloudwaysapps.com/yvuxeuwabq/public_html/system/Database/MySQLi/Connection.php(292): mysqli->query()
#1 /home/877186.cloudwaysapps.com/yvuxeuwabq/public_html/system/Database/BaseConnection.php(666): CodeIgniter\Database\MySQLi\Connection->execute()
#2 /home/877186.cloudwaysapps.com/yvuxeuwabq/public_html/system/Database/BaseConnection.php(593): CodeIgniter\Database\BaseConnection->simpleQuery()
#3 /home/877186.cloudwaysapps.com/yvuxeuwabq/public_html/system/Database/BaseBuilder.php(1916): CodeIgniter\Database\BaseConnection->query()
#4 /home/877186.cloudwaysapps.com/yvuxeuwabq/public_html/app/Models/UserModel.php(172): CodeIgniter\Database\BaseBuilder->insert()
#5 /home/877186.cloudwaysapps.com/yvuxeuwabq/public_html/app/Controllers/Home.php(249): App\Models\UserModel->track_orders_products()
#6 /home/877186.cloudwaysapps.com/yvuxeuwabq/public_html/system/CodeIgniter.php(927): App\Controllers\Home->show_all_orders()
#7 /home/877186.cloudwaysapps.com/yvuxeuwabq/public_html/system/CodeIgniter.php(482): CodeIgniter\CodeIgniter->runController()
#8 /home/877186.cloudwaysapps.com/yvuxeuwabq/public_html/system/CodeIgniter.php(351): CodeIgniter\CodeIgniter->handleRequest()
#9 /home/877186.cloudwaysapps.com/yvuxeuwabq/public_html/public/index.php(67): CodeIgniter\CodeIgniter->run()
#10 {main}
ERROR - 2023-01-04 08:51:30 --> mysqli_sql_exception: Column 'product_id' cannot be null in /home/877186.cloudwaysapps.com/yvuxeuwabq/public_html/system/Database/MySQLi/Connection.php:292
Stack trace:
#0 /home/877186.cloudwaysapps.com/yvuxeuwabq/public_html/system/Database/MySQLi/Connection.php(292): mysqli->query()
#1 /home/877186.cloudwaysapps.com/yvuxeuwabq/public_html/system/Database/BaseConnection.php(666): CodeIgniter\Database\MySQLi\Connection->execute()
#2 /home/877186.cloudwaysapps.com/yvuxeuwabq/public_html/system/Database/BaseConnection.php(593): CodeIgniter\Database\BaseConnection->simpleQuery()
#3 /home/877186.cloudwaysapps.com/yvuxeuwabq/public_html/system/Database/BaseBuilder.php(1916): CodeIgniter\Database\BaseConnection->query()
#4 /home/877186.cloudwaysapps.com/yvuxeuwabq/public_html/app/Models/UserModel.php(172): CodeIgniter\Database\BaseBuilder->insert()
#5 /home/877186.cloudwaysapps.com/yvuxeuwabq/public_html/app/Controllers/Home.php(249): App\Models\UserModel->track_orders_products()
#6 /home/877186.cloudwaysapps.com/yvuxeuwabq/public_html/system/CodeIgniter.php(927): App\Controllers\Home->show_all_orders()
#7 /home/877186.cloudwaysapps.com/yvuxeuwabq/public_html/system/CodeIgniter.php(482): CodeIgniter\CodeIgniter->runController()
#8 /home/877186.cloudwaysapps.com/yvuxeuwabq/public_html/system/CodeIgniter.php(351): CodeIgniter\CodeIgniter->handleRequest()
#9 /home/877186.cloudwaysapps.com/yvuxeuwabq/public_html/public/index.php(67): CodeIgniter\CodeIgniter->run()
#10 {main}
ERROR - 2023-01-04 08:51:30 --> mysqli_sql_exception: Column 'product_id' cannot be null in /home/877186.cloudwaysapps.com/yvuxeuwabq/public_html/system/Database/MySQLi/Connection.php:292
Stack trace:
#0 /home/877186.cloudwaysapps.com/yvuxeuwabq/public_html/system/Database/MySQLi/Connection.php(292): mysqli->query()
#1 /home/877186.cloudwaysapps.com/yvuxeuwabq/public_html/system/Database/BaseConnection.php(666): CodeIgniter\Database\MySQLi\Connection->execute()
#2 /home/877186.cloudwaysapps.com/yvuxeuwabq/public_html/system/Database/BaseConnection.php(593): CodeIgniter\Database\BaseConnection->simpleQuery()
#3 /home/877186.cloudwaysapps.com/yvuxeuwabq/public_html/system/Database/BaseBuilder.php(1916): CodeIgniter\Database\BaseConnection->query()
#4 /home/877186.cloudwaysapps.com/yvuxeuwabq/public_html/app/Models/UserModel.php(172): CodeIgniter\Database\BaseBuilder->insert()
#5 /home/877186.cloudwaysapps.com/yvuxeuwabq/public_html/app/Controllers/Home.php(249): App\Models\UserModel->track_orders_products()
#6 /home/877186.cloudwaysapps.com/yvuxeuwabq/public_html/system/CodeIgniter.php(927): App\Controllers\Home->show_all_orders()
#7 /home/877186.cloudwaysapps.com/yvuxeuwabq/public_html/system/CodeIgniter.php(482): CodeIgniter\CodeIgniter->runController()
#8 /home/877186.cloudwaysapps.com/yvuxeuwabq/public_html/system/CodeIgniter.php(351): CodeIgniter\CodeIgniter->handleRequest()
#9 /home/877186.cloudwaysapps.com/yvuxeuwabq/public_html/public/index.php(67): CodeIgniter\CodeIgniter->run()
#10 {main}
ERROR - 2023-01-04 08:51:30 --> mysqli_sql_exception: Column 'product_id' cannot be null in /home/877186.cloudwaysapps.com/yvuxeuwabq/public_html/system/Database/MySQLi/Connection.php:292
Stack trace:
#0 /home/877186.cloudwaysapps.com/yvuxeuwabq/public_html/system/Database/MySQLi/Connection.php(292): mysqli->query()
#1 /home/877186.cloudwaysapps.com/yvuxeuwabq/public_html/system/Database/BaseConnection.php(666): CodeIgniter\Database\MySQLi\Connection->execute()
#2 /home/877186.cloudwaysapps.com/yvuxeuwabq/public_html/system/Database/BaseConnection.php(593): CodeIgniter\Database\BaseConnection->simpleQuery()
#3 /home/877186.cloudwaysapps.com/yvuxeuwabq/public_html/system/Database/BaseBuilder.php(1916): CodeIgniter\Database\BaseConnection->query()
#4 /home/877186.cloudwaysapps.com/yvuxeuwabq/public_html/app/Models/UserModel.php(172): CodeIgniter\Database\BaseBuilder->insert()
#5 /home/877186.cloudwaysapps.com/yvuxeuwabq/public_html/app/Controllers/Home.php(249): App\Models\UserModel->track_orders_products()
#6 /home/877186.cloudwaysapps.com/yvuxeuwabq/public_html/system/CodeIgniter.php(927): App\Controllers\Home->show_all_orders()
#7 /home/877186.cloudwaysapps.com/yvuxeuwabq/public_html/system/CodeIgniter.php(482): CodeIgniter\CodeIgniter->runController()
#8 /home/877186.cloudwaysapps.com/yvuxeuwabq/public_html/system/CodeIgniter.php(351): CodeIgniter\CodeIgniter->handleRequest()
#9 /home/877186.cloudwaysapps.com/yvuxeuwabq/public_html/public/index.php(67): CodeIgniter\CodeIgniter->run()
#10 {main}
ERROR - 2023-01-04 08:51:30 --> mysqli_sql_exception: Column 'product_id' cannot be null in /home/877186.cloudwaysapps.com/yvuxeuwabq/public_html/system/Database/MySQLi/Connection.php:292
Stack trace:
#0 /home/877186.cloudwaysapps.com/yvuxeuwabq/public_html/system/Database/MySQLi/Connection.php(292): mysqli->query()
#1 /home/877186.cloudwaysapps.com/yvuxeuwabq/public_html/system/Database/BaseConnection.php(666): CodeIgniter\Database\MySQLi\Connection->execute()
#2 /home/877186.cloudwaysapps.com/yvuxeuwabq/public_html/system/Database/BaseConnection.php(593): CodeIgniter\Database\BaseConnection->simpleQuery()
#3 /home/877186.cloudwaysapps.com/yvuxeuwabq/public_html/system/Database/BaseBuilder.php(1916): CodeIgniter\Database\BaseConnection->query()
#4 /home/877186.cloudwaysapps.com/yvuxeuwabq/public_html/app/Models/UserModel.php(172): CodeIgniter\Database\BaseBuilder->insert()
#5 /home/877186.cloudwaysapps.com/yvuxeuwabq/public_html/app/Controllers/Home.php(249): App\Models\UserModel->track_orders_products()
#6 /home/877186.cloudwaysapps.com/yvuxeuwabq/public_html/system/CodeIgniter.php(927): App\Controllers\Home->show_all_orders()
#7 /home/877186.cloudwaysapps.com/yvuxeuwabq/public_html/system/CodeIgniter.php(482): CodeIgniter\CodeIgniter->runController()
#8 /home/877186.cloudwaysapps.com/yvuxeuwabq/public_html/system/CodeIgniter.php(351): CodeIgniter\CodeIgniter->handleRequest()
#9 /home/877186.cloudwaysapps.com/yvuxeuwabq/public_html/public/index.php(67): CodeIgniter\CodeIgniter->run()
#10 {main}
ERROR - 2023-01-04 08:51:30 --> mysqli_sql_exception: Column 'email' cannot be null in /home/877186.cloudwaysapps.com/yvuxeuwabq/public_html/system/Database/MySQLi/Connection.php:292
Stack trace:
#0 /home/877186.cloudwaysapps.com/yvuxeuwabq/public_html/system/Database/MySQLi/Connection.php(292): mysqli->query()
#1 /home/877186.cloudwaysapps.com/yvuxeuwabq/public_html/system/Database/BaseConnection.php(666): CodeIgniter\Database\MySQLi\Connection->execute()
#2 /home/877186.cloudwaysapps.com/yvuxeuwabq/public_html/system/Database/BaseConnection.php(593): CodeIgniter\Database\BaseConnection->simpleQuery()
#3 /home/877186.cloudwaysapps.com/yvuxeuwabq/public_html/system/Database/BaseBuilder.php(1916): CodeIgniter\Database\BaseConnection->query()
#4 /home/877186.cloudwaysapps.com/yvuxeuwabq/public_html/app/Models/UserModel.php(154): CodeIgniter\Database\BaseBuilder->insert()
#5 /home/877186.cloudwaysapps.com/yvuxeuwabq/public_html/app/Controllers/Home.php(230): App\Models\UserModel->track_orders()
#6 /home/877186.cloudwaysapps.com/yvuxeuwabq/public_html/system/CodeIgniter.php(927): App\Controllers\Home->show_all_orders()
#7 /home/877186.cloudwaysapps.com/yvuxeuwabq/public_html/system/CodeIgniter.php(482): CodeIgniter\CodeIgniter->runController()
#8 /home/877186.cloudwaysapps.com/yvuxeuwabq/public_html/system/CodeIgniter.php(351): CodeIgniter\CodeIgniter->handleRequest()
#9 /home/877186.cloudwaysapps.com/yvuxeuwabq/public_html/public/index.php(67): CodeIgniter\CodeIgniter->run()
#10 {main}
ERROR - 2023-01-04 08:51:30 --> mysqli_sql_exception: Column 'product_id' cannot be null in /home/877186.cloudwaysapps.com/yvuxeuwabq/public_html/system/Database/MySQLi/Connection.php:292
Stack trace:
#0 /home/877186.cloudwaysapps.com/yvuxeuwabq/public_html/system/Database/MySQLi/Connection.php(292): mysqli->query()
#1 /home/877186.cloudwaysapps.com/yvuxeuwabq/public_html/system/Database/BaseConnection.php(666): CodeIgniter\Database\MySQLi\Connection->execute()
#2 /home/877186.cloudwaysapps.com/yvuxeuwabq/public_html/system/Database/BaseConnection.php(593): CodeIgniter\Database\BaseConnection->simpleQuery()
#3 /home/877186.cloudwaysapps.com/yvuxeuwabq/public_html/system/Database/BaseBuilder.php(1916): CodeIgniter\Database\BaseConnection->query()
#4 /home/877186.cloudwaysapps.com/yvuxeuwabq/public_html/app/Models/UserModel.php(172): CodeIgniter\Database\BaseBuilder->insert()
#5 /home/877186.cloudwaysapps.com/yvuxeuwabq/public_html/app/Controllers/Home.php(249): App\Models\UserModel->track_orders_products()
#6 /home/877186.cloudwaysapps.com/yvuxeuwabq/public_html/system/CodeIgniter.php(927): App\Controllers\Home->show_all_orders()
#7 /home/877186.cloudwaysapps.com/yvuxeuwabq/public_html/system/CodeIgniter.php(482): CodeIgniter\CodeIgniter->runController()
#8 /home/877186.cloudwaysapps.com/yvuxeuwabq/public_html/system/CodeIgniter.php(351): CodeIgniter\CodeIgniter->handleRequest()
#9 /home/877186.cloudwaysapps.com/yvuxeuwabq/public_html/public/index.php(67): CodeIgniter\CodeIgniter->run()
#10 {main}
ERROR - 2023-01-04 08:51:30 --> mysqli_sql_exception: Column 'product_id' cannot be null in /home/877186.cloudwaysapps.com/yvuxeuwabq/public_html/system/Database/MySQLi/Connection.php:292
Stack trace:
#0 /home/877186.cloudwaysapps.com/yvuxeuwabq/public_html/system/Database/MySQLi/Connection.php(292): mysqli->query()
#1 /home/877186.cloudwaysapps.com/yvuxeuwabq/public_html/system/Database/BaseConnection.php(666): CodeIgniter\Database\MySQLi\Connection->execute()
#2 /home/877186.cloudwaysapps.com/yvuxeuwabq/public_html/system/Database/BaseConnection.php(593): CodeIgniter\Database\BaseConnection->simpleQuery()
#3 /home/877186.cloudwaysapps.com/yvuxeuwabq/public_html/system/Database/BaseBuilder.php(1916): CodeIgniter\Database\BaseConnection->query()
#4 /home/877186.cloudwaysapps.com/yvuxeuwabq/public_html/app/Models/UserModel.php(172): CodeIgniter\Database\BaseBuilder->insert()
#5 /home/877186.cloudwaysapps.com/yvuxeuwabq/public_html/app/Controllers/Home.php(249): App\Models\UserModel->track_orders_products()
#6 /home/877186.cloudwaysapps.com/yvuxeuwabq/public_html/system/CodeIgniter.php(927): App\Controllers\Home->show_all_orders()
#7 /home/877186.cloudwaysapps.com/yvuxeuwabq/public_html/system/CodeIgniter.php(482): CodeIgniter\CodeIgniter->runController()
#8 /home/877186.cloudwaysapps.com/yvuxeuwabq/public_html/system/CodeIgniter.php(351): CodeIgniter\CodeIgniter->handleRequest()
#9 /home/877186.cloudwaysapps.com/yvuxeuwabq/public_html/public/index.php(67): CodeIgniter\CodeIgniter->run()
#10 {main}
ERROR - 2023-01-04 08:51:30 --> mysqli_sql_exception: Column 'product_id' cannot be null in /home/877186.cloudwaysapps.com/yvuxeuwabq/public_html/system/Database/MySQLi/Connection.php:292
Stack trace:
#0 /home/877186.cloudwaysapps.com/yvuxeuwabq/public_html/system/Database/MySQLi/Connection.php(292): mysqli->query()
#1 /home/877186.cloudwaysapps.com/yvuxeuwabq/public_html/system/Database/BaseConnection.php(666): CodeIgniter\Database\MySQLi\Connection->execute()
#2 /home/877186.cloudwaysapps.com/yvuxeuwabq/public_html/system/Database/BaseConnection.php(593): CodeIgniter\Database\BaseConnection->simpleQuery()
#3 /home/877186.cloudwaysapps.com/yvuxeuwabq/public_html/system/Database/BaseBuilder.php(1916): CodeIgniter\Database\BaseConnection->query()
#4 /home/877186.cloudwaysapps.com/yvuxeuwabq/public_html/app/Models/UserModel.php(172): CodeIgniter\Database\BaseBuilder->insert()
#5 /home/877186.cloudwaysapps.com/yvuxeuwabq/public_html/app/Controllers/Home.php(249): App\Models\UserModel->track_orders_products()
#6 /home/877186.cloudwaysapps.com/yvuxeuwabq/public_html/system/CodeIgniter.php(927): App\Controllers\Home->show_all_orders()
#7 /home/877186.cloudwaysapps.com/yvuxeuwabq/public_html/system/CodeIgniter.php(482): CodeIgniter\CodeIgniter->runController()
#8 /home/877186.cloudwaysapps.com/yvuxeuwabq/public_html/system/CodeIgniter.php(351): CodeIgniter\CodeIgniter->handleRequest()
#9 /home/877186.cloudwaysapps.com/yvuxeuwabq/public_html/public/index.php(67): CodeIgniter\CodeIgniter->run()
#10 {main}
ERROR - 2023-01-04 08:51:30 --> mysqli_sql_exception: Column 'product_id' cannot be null in /home/877186.cloudwaysapps.com/yvuxeuwabq/public_html/system/Database/MySQLi/Connection.php:292
Stack trace:
#0 /home/877186.cloudwaysapps.com/yvuxeuwabq/public_html/system/Database/MySQLi/Connection.php(292): mysqli->query()
#1 /home/877186.cloudwaysapps.com/yvuxeuwabq/public_html/system/Database/BaseConnection.php(666): CodeIgniter\Database\MySQLi\Connection->execute()
#2 /home/877186.cloudwaysapps.com/yvuxeuwabq/public_html/system/Database/BaseConnection.php(593): CodeIgniter\Database\BaseConnection->simpleQuery()
#3 /home/877186.cloudwaysapps.com/yvuxeuwabq/public_html/system/Database/BaseBuilder.php(1916): CodeIgniter\Database\BaseConnection->query()
#4 /home/877186.cloudwaysapps.com/yvuxeuwabq/public_html/app/Models/UserModel.php(172): CodeIgniter\Database\BaseBuilder->insert()
#5 /home/877186.cloudwaysapps.com/yvuxeuwabq/public_html/app/Controllers/Home.php(249): App\Models\UserModel->track_orders_products()
#6 /home/877186.cloudwaysapps.com/yvuxeuwabq/public_html/system/CodeIgniter.php(927): App\Controllers\Home->show_all_orders()
#7 /home/877186.cloudwaysapps.com/yvuxeuwabq/public_html/system/CodeIgniter.php(482): CodeIgniter\CodeIgniter->runController()
#8 /home/877186.cloudwaysapps.com/yvuxeuwabq/public_html/system/CodeIgniter.php(351): CodeIgniter\CodeIgniter->handleRequest()
#9 /home/877186.cloudwaysapps.com/yvuxeuwabq/public_html/public/index.php(67): CodeIgniter\CodeIgniter->run()
#10 {main}
ERROR - 2023-01-04 08:51:30 --> mysqli_sql_exception: Column 'product_id' cannot be null in /home/877186.cloudwaysapps.com/yvuxeuwabq/public_html/system/Database/MySQLi/Connection.php:292
Stack trace:
#0 /home/877186.cloudwaysapps.com/yvuxeuwabq/public_html/system/Database/MySQLi/Connection.php(292): mysqli->query()
#1 /home/877186.cloudwaysapps.com/yvuxeuwabq/public_html/system/Database/BaseConnection.php(666): CodeIgniter\Database\MySQLi\Connection->execute()
#2 /home/877186.cloudwaysapps.com/yvuxeuwabq/public_html/system/Database/BaseConnection.php(593): CodeIgniter\Database\BaseConnection->simpleQuery()
#3 /home/877186.cloudwaysapps.com/yvuxeuwabq/public_html/system/Database/BaseBuilder.php(1916): CodeIgniter\Database\BaseConnection->query()
#4 /home/877186.cloudwaysapps.com/yvuxeuwabq/public_html/app/Models/UserModel.php(172): CodeIgniter\Database\BaseBuilder->insert()
#5 /home/877186.cloudwaysapps.com/yvuxeuwabq/public_html/app/Controllers/Home.php(249): App\Models\UserModel->track_orders_products()
#6 /home/877186.cloudwaysapps.com/yvuxeuwabq/public_html/system/CodeIgniter.php(927): App\Controllers\Home->show_all_orders()
#7 /home/877186.cloudwaysapps.com/yvuxeuwabq/public_html/system/CodeIgniter.php(482): CodeIgniter\CodeIgniter->runController()
#8 /home/877186.cloudwaysapps.com/yvuxeuwabq/public_html/system/CodeIgniter.php(351): CodeIgniter\CodeIgniter->handleRequest()
#9 /home/877186.cloudwaysapps.com/yvuxeuwabq/public_html/public/index.php(67): CodeIgniter\CodeIgniter->run()
#10 {main}
ERROR - 2023-01-04 08:51:30 --> mysqli_sql_exception: Column 'product_id' cannot be null in /home/877186.cloudwaysapps.com/yvuxeuwabq/public_html/system/Database/MySQLi/Connection.php:292
Stack trace:
#0 /home/877186.cloudwaysapps.com/yvuxeuwabq/public_html/system/Database/MySQLi/Connection.php(292): mysqli->query()
#1 /home/877186.cloudwaysapps.com/yvuxeuwabq/public_html/system/Database/BaseConnection.php(666): CodeIgniter\Database\MySQLi\Connection->execute()
#2 /home/877186.cloudwaysapps.com/yvuxeuwabq/public_html/system/Database/BaseConnection.php(593): CodeIgniter\Database\BaseConnection->simpleQuery()
#3 /home/877186.cloudwaysapps.com/yvuxeuwabq/public_html/system/Database/BaseBuilder.php(1916): CodeIgniter\Database\BaseConnection->query()
#4 /home/877186.cloudwaysapps.com/yvuxeuwabq/public_html/app/Models/UserModel.php(172): CodeIgniter\Database\BaseBuilder->insert()
#5 /home/877186.cloudwaysapps.com/yvuxeuwabq/public_html/app/Controllers/Home.php(249): App\Models\UserModel->track_orders_products()
#6 /home/877186.cloudwaysapps.com/yvuxeuwabq/public_html/system/CodeIgniter.php(927): App\Controllers\Home->show_all_orders()
#7 /home/877186.cloudwaysapps.com/yvuxeuwabq/public_html/system/CodeIgniter.php(482): CodeIgniter\CodeIgniter->runController()
#8 /home/877186.cloudwaysapps.com/yvuxeuwabq/public_html/system/CodeIgniter.php(351): CodeIgniter\CodeIgniter->handleRequest()
#9 /home/877186.cloudwaysapps.com/yvuxeuwabq/public_html/public/index.php(67): CodeIgniter\CodeIgniter->run()
#10 {main}
ERROR - 2023-01-04 08:51:30 --> mysqli_sql_exception: Column 'product_id' cannot be null in /home/877186.cloudwaysapps.com/yvuxeuwabq/public_html/system/Database/MySQLi/Connection.php:292
Stack trace:
#0 /home/877186.cloudwaysapps.com/yvuxeuwabq/public_html/system/Database/MySQLi/Connection.php(292): mysqli->query()
#1 /home/877186.cloudwaysapps.com/yvuxeuwabq/public_html/system/Database/BaseConnection.php(666): CodeIgniter\Database\MySQLi\Connection->execute()
#2 /home/877186.cloudwaysapps.com/yvuxeuwabq/public_html/system/Database/BaseConnection.php(593): CodeIgniter\Database\BaseConnection->simpleQuery()
#3 /home/877186.cloudwaysapps.com/yvuxeuwabq/public_html/system/Database/BaseBuilder.php(1916): CodeIgniter\Database\BaseConnection->query()
#4 /home/877186.cloudwaysapps.com/yvuxeuwabq/public_html/app/Models/UserModel.php(172): CodeIgniter\Database\BaseBuilder->insert()
#5 /home/877186.cloudwaysapps.com/yvuxeuwabq/public_html/app/Controllers/Home.php(249): App\Models\UserModel->track_orders_products()
#6 /home/877186.cloudwaysapps.com/yvuxeuwabq/public_html/system/CodeIgniter.php(927): App\Controllers\Home->show_all_orders()
#7 /home/877186.cloudwaysapps.com/yvuxeuwabq/public_html/system/CodeIgniter.php(482): CodeIgniter\CodeIgniter->runController()
#8 /home/877186.cloudwaysapps.com/yvuxeuwabq/public_html/system/CodeIgniter.php(351): CodeIgniter\CodeIgniter->handleRequest()
#9 /home/877186.cloudwaysapps.com/yvuxeuwabq/public_html/public/index.php(67): CodeIgniter\CodeIgniter->run()
#10 {main}
ERROR - 2023-01-04 08:51:30 --> mysqli_sql_exception: Column 'product_id' cannot be null in /home/877186.cloudwaysapps.com/yvuxeuwabq/public_html/system/Database/MySQLi/Connection.php:292
Stack trace:
#0 /home/877186.cloudwaysapps.com/yvuxeuwabq/public_html/system/Database/MySQLi/Connection.php(292): mysqli->query()
#1 /home/877186.cloudwaysapps.com/yvuxeuwabq/public_html/system/Database/BaseConnection.php(666): CodeIgniter\Database\MySQLi\Connection->execute()
#2 /home/877186.cloudwaysapps.com/yvuxeuwabq/public_html/system/Database/BaseConnection.php(593): CodeIgniter\Database\BaseConnection->simpleQuery()
#3 /home/877186.cloudwaysapps.com/yvuxeuwabq/public_html/system/Database/BaseBuilder.php(1916): CodeIgniter\Database\BaseConnection->query()
#4 /home/877186.cloudwaysapps.com/yvuxeuwabq/public_html/app/Models/UserModel.php(172): CodeIgniter\Database\BaseBuilder->insert()
#5 /home/877186.cloudwaysapps.com/yvuxeuwabq/public_html/app/Controllers/Home.php(249): App\Models\UserModel->track_orders_products()
#6 /home/877186.cloudwaysapps.com/yvuxeuwabq/public_html/system/CodeIgniter.php(927): App\Controllers\Home->show_all_orders()
#7 /home/877186.cloudwaysapps.com/yvuxeuwabq/public_html/system/CodeIgniter.php(482): CodeIgniter\CodeIgniter->runController()
#8 /home/877186.cloudwaysapps.com/yvuxeuwabq/public_html/system/CodeIgniter.php(351): CodeIgniter\CodeIgniter->handleRequest()
#9 /home/877186.cloudwaysapps.com/yvuxeuwabq/public_html/public/index.php(67): CodeIgniter\CodeIgniter->run()
#10 {main}
ERROR - 2023-01-04 08:58:32 --> mysqli_sql_exception: Column 'product_id' cannot be null in /home/877186.cloudwaysapps.com/yvuxeuwabq/public_html/system/Database/MySQLi/Connection.php:292
Stack trace:
#0 /home/877186.cloudwaysapps.com/yvuxeuwabq/public_html/system/Database/MySQLi/Connection.php(292): mysqli->query()
#1 /home/877186.cloudwaysapps.com/yvuxeuwabq/public_html/system/Database/BaseConnection.php(666): CodeIgniter\Database\MySQLi\Connection->execute()
#2 /home/877186.cloudwaysapps.com/yvuxeuwabq/public_html/system/Database/BaseConnection.php(593): CodeIgniter\Database\BaseConnection->simpleQuery()
#3 /home/877186.cloudwaysapps.com/yvuxeuwabq/public_html/system/Database/BaseBuilder.php(1916): CodeIgniter\Database\BaseConnection->query()
#4 /home/877186.cloudwaysapps.com/yvuxeuwabq/public_html/app/Models/UserModel.php(172): CodeIgniter\Database\BaseBuilder->insert()
#5 /home/877186.cloudwaysapps.com/yvuxeuwabq/public_html/app/Controllers/Home.php(249): App\Models\UserModel->track_orders_products()
#6 /home/877186.cloudwaysapps.com/yvuxeuwabq/public_html/system/CodeIgniter.php(927): App\Controllers\Home->show_all_orders()
#7 /home/877186.cloudwaysapps.com/yvuxeuwabq/public_html/system/CodeIgniter.php(482): CodeIgniter\CodeIgniter->runController()
#8 /home/877186.cloudwaysapps.com/yvuxeuwabq/public_html/system/CodeIgniter.php(351): CodeIgniter\CodeIgniter->handleRequest()
#9 /home/877186.cloudwaysapps.com/yvuxeuwabq/public_html/public/index.php(67): CodeIgniter\CodeIgniter->run()
#10 {main}
ERROR - 2023-01-04 08:58:32 --> mysqli_sql_exception: Column 'product_id' cannot be null in /home/877186.cloudwaysapps.com/yvuxeuwabq/public_html/system/Database/MySQLi/Connection.php:292
Stack trace:
#0 /home/877186.cloudwaysapps.com/yvuxeuwabq/public_html/system/Database/MySQLi/Connection.php(292): mysqli->query()
#1 /home/877186.cloudwaysapps.com/yvuxeuwabq/public_html/system/Database/BaseConnection.php(666): CodeIgniter\Database\MySQLi\Connection->execute()
#2 /home/877186.cloudwaysapps.com/yvuxeuwabq/public_html/system/Database/BaseConnection.php(593): CodeIgniter\Database\BaseConnection->simpleQuery()
#3 /home/877186.cloudwaysapps.com/yvuxeuwabq/public_html/system/Database/BaseBuilder.php(1916): CodeIgniter\Database\BaseConnection->query()
#4 /home/877186.cloudwaysapps.com/yvuxeuwabq/public_html/app/Models/UserModel.php(172): CodeIgniter\Database\BaseBuilder->insert()
#5 /home/877186.cloudwaysapps.com/yvuxeuwabq/public_html/app/Controllers/Home.php(249): App\Models\UserModel->track_orders_products()
#6 /home/877186.cloudwaysapps.com/yvuxeuwabq/public_html/system/CodeIgniter.php(927): App\Controllers\Home->show_all_orders()
#7 /home/877186.cloudwaysapps.com/yvuxeuwabq/public_html/system/CodeIgniter.php(482): CodeIgniter\CodeIgniter->runController()
#8 /home/877186.cloudwaysapps.com/yvuxeuwabq/public_html/system/CodeIgniter.php(351): CodeIgniter\CodeIgniter->handleRequest()
#9 /home/877186.cloudwaysapps.com/yvuxeuwabq/public_html/public/index.php(67): CodeIgniter\CodeIgniter->run()
#10 {main}
ERROR - 2023-01-04 08:58:32 --> mysqli_sql_exception: Column 'product_id' cannot be null in /home/877186.cloudwaysapps.com/yvuxeuwabq/public_html/system/Database/MySQLi/Connection.php:292
Stack trace:
#0 /home/877186.cloudwaysapps.com/yvuxeuwabq/public_html/system/Database/MySQLi/Connection.php(292): mysqli->query()
#1 /home/877186.cloudwaysapps.com/yvuxeuwabq/public_html/system/Database/BaseConnection.php(666): CodeIgniter\Database\MySQLi\Connection->execute()
#2 /home/877186.cloudwaysapps.com/yvuxeuwabq/public_html/system/Database/BaseConnection.php(593): CodeIgniter\Database\BaseConnection->simpleQuery()
#3 /home/877186.cloudwaysapps.com/yvuxeuwabq/public_html/system/Database/BaseBuilder.php(1916): CodeIgniter\Database\BaseConnection->query()
#4 /home/877186.cloudwaysapps.com/yvuxeuwabq/public_html/app/Models/UserModel.php(172): CodeIgniter\Database\BaseBuilder->insert()
#5 /home/877186.cloudwaysapps.com/yvuxeuwabq/public_html/app/Controllers/Home.php(249): App\Models\UserModel->track_orders_products()
#6 /home/877186.cloudwaysapps.com/yvuxeuwabq/public_html/system/CodeIgniter.php(927): App\Controllers\Home->show_all_orders()
#7 /home/877186.cloudwaysapps.com/yvuxeuwabq/public_html/system/CodeIgniter.php(482): CodeIgniter\CodeIgniter->runController()
#8 /home/877186.cloudwaysapps.com/yvuxeuwabq/public_html/system/CodeIgniter.php(351): CodeIgniter\CodeIgniter->handleRequest()
#9 /home/877186.cloudwaysapps.com/yvuxeuwabq/public_html/public/index.php(67): CodeIgniter\CodeIgniter->run()
#10 {main}
ERROR - 2023-01-04 08:58:32 --> mysqli_sql_exception: Column 'product_id' cannot be null in /home/877186.cloudwaysapps.com/yvuxeuwabq/public_html/system/Database/MySQLi/Connection.php:292
Stack trace:
#0 /home/877186.cloudwaysapps.com/yvuxeuwabq/public_html/system/Database/MySQLi/Connection.php(292): mysqli->query()
#1 /home/877186.cloudwaysapps.com/yvuxeuwabq/public_html/system/Database/BaseConnection.php(666): CodeIgniter\Database\MySQLi\Connection->execute()
#2 /home/877186.cloudwaysapps.com/yvuxeuwabq/public_html/system/Database/BaseConnection.php(593): CodeIgniter\Database\BaseConnection->simpleQuery()
#3 /home/877186.cloudwaysapps.com/yvuxeuwabq/public_html/system/Database/BaseBuilder.php(1916): CodeIgniter\Database\BaseConnection->query()
#4 /home/877186.cloudwaysapps.com/yvuxeuwabq/public_html/app/Models/UserModel.php(172): CodeIgniter\Database\BaseBuilder->insert()
#5 /home/877186.cloudwaysapps.com/yvuxeuwabq/public_html/app/Controllers/Home.php(249): App\Models\UserModel->track_orders_products()
#6 /home/877186.cloudwaysapps.com/yvuxeuwabq/public_html/system/CodeIgniter.php(927): App\Controllers\Home->show_all_orders()
#7 /home/877186.cloudwaysapps.com/yvuxeuwabq/public_html/system/CodeIgniter.php(482): CodeIgniter\CodeIgniter->runController()
#8 /home/877186.cloudwaysapps.com/yvuxeuwabq/public_html/system/CodeIgniter.php(351): CodeIgniter\CodeIgniter->handleRequest()
#9 /home/877186.cloudwaysapps.com/yvuxeuwabq/public_html/public/index.php(67): CodeIgniter\CodeIgniter->run()
#10 {main}
ERROR - 2023-01-04 08:58:32 --> mysqli_sql_exception: Column 'product_id' cannot be null in /home/877186.cloudwaysapps.com/yvuxeuwabq/public_html/system/Database/MySQLi/Connection.php:292
Stack trace:
#0 /home/877186.cloudwaysapps.com/yvuxeuwabq/public_html/system/Database/MySQLi/Connection.php(292): mysqli->query()
#1 /home/877186.cloudwaysapps.com/yvuxeuwabq/public_html/system/Database/BaseConnection.php(666): CodeIgniter\Database\MySQLi\Connection->execute()
#2 /home/877186.cloudwaysapps.com/yvuxeuwabq/public_html/system/Database/BaseConnection.php(593): CodeIgniter\Database\BaseConnection->simpleQuery()
#3 /home/877186.cloudwaysapps.com/yvuxeuwabq/public_html/system/Database/BaseBuilder.php(1916): CodeIgniter\Database\BaseConnection->query()
#4 /home/877186.cloudwaysapps.com/yvuxeuwabq/public_html/app/Models/UserModel.php(172): CodeIgniter\Database\BaseBuilder->insert()
#5 /home/877186.cloudwaysapps.com/yvuxeuwabq/public_html/app/Controllers/Home.php(249): App\Models\UserModel->track_orders_products()
#6 /home/877186.cloudwaysapps.com/yvuxeuwabq/public_html/system/CodeIgniter.php(927): App\Controllers\Home->show_all_orders()
#7 /home/877186.cloudwaysapps.com/yvuxeuwabq/public_html/system/CodeIgniter.php(482): CodeIgniter\CodeIgniter->runController()
#8 /home/877186.cloudwaysapps.com/yvuxeuwabq/public_html/system/CodeIgniter.php(351): CodeIgniter\CodeIgniter->handleRequest()
#9 /home/877186.cloudwaysapps.com/yvuxeuwabq/public_html/public/index.php(67): CodeIgniter\CodeIgniter->run()
#10 {main}
ERROR - 2023-01-04 08:58:32 --> mysqli_sql_exception: Column 'product_id' cannot be null in /home/877186.cloudwaysapps.com/yvuxeuwabq/public_html/system/Database/MySQLi/Connection.php:292
Stack trace:
#0 /home/877186.cloudwaysapps.com/yvuxeuwabq/public_html/system/Database/MySQLi/Connection.php(292): mysqli->query()
#1 /home/877186.cloudwaysapps.com/yvuxeuwabq/public_html/system/Database/BaseConnection.php(666): CodeIgniter\Database\MySQLi\Connection->execute()
#2 /home/877186.cloudwaysapps.com/yvuxeuwabq/public_html/system/Database/BaseConnection.php(593): CodeIgniter\Database\BaseConnection->simpleQuery()
#3 /home/877186.cloudwaysapps.com/yvuxeuwabq/public_html/system/Database/BaseBuilder.php(1916): CodeIgniter\Database\BaseConnection->query()
#4 /home/877186.cloudwaysapps.com/yvuxeuwabq/public_html/app/Models/UserModel.php(172): CodeIgniter\Database\BaseBuilder->insert()
#5 /home/877186.cloudwaysapps.com/yvuxeuwabq/public_html/app/Controllers/Home.php(249): App\Models\UserModel->track_orders_products()
#6 /home/877186.cloudwaysapps.com/yvuxeuwabq/public_html/system/CodeIgniter.php(927): App\Controllers\Home->show_all_orders()
#7 /home/877186.cloudwaysapps.com/yvuxeuwabq/public_html/system/CodeIgniter.php(482): CodeIgniter\CodeIgniter->runController()
#8 /home/877186.cloudwaysapps.com/yvuxeuwabq/public_html/system/CodeIgniter.php(351): CodeIgniter\CodeIgniter->handleRequest()
#9 /home/877186.cloudwaysapps.com/yvuxeuwabq/public_html/public/index.php(67): CodeIgniter\CodeIgniter->run()
#10 {main}
ERROR - 2023-01-04 08:58:32 --> mysqli_sql_exception: Column 'email' cannot be null in /home/877186.cloudwaysapps.com/yvuxeuwabq/public_html/system/Database/MySQLi/Connection.php:292
Stack trace:
#0 /home/877186.cloudwaysapps.com/yvuxeuwabq/public_html/system/Database/MySQLi/Connection.php(292): mysqli->query()
#1 /home/877186.cloudwaysapps.com/yvuxeuwabq/public_html/system/Database/BaseConnection.php(666): CodeIgniter\Database\MySQLi\Connection->execute()
#2 /home/877186.cloudwaysapps.com/yvuxeuwabq/public_html/system/Database/BaseConnection.php(593): CodeIgniter\Database\BaseConnection->simpleQuery()
#3 /home/877186.cloudwaysapps.com/yvuxeuwabq/public_html/system/Database/BaseBuilder.php(1916): CodeIgniter\Database\BaseConnection->query()
#4 /home/877186.cloudwaysapps.com/yvuxeuwabq/public_html/app/Models/UserModel.php(154): CodeIgniter\Database\BaseBuilder->insert()
#5 /home/877186.cloudwaysapps.com/yvuxeuwabq/public_html/app/Controllers/Home.php(230): App\Models\UserModel->track_orders()
#6 /home/877186.cloudwaysapps.com/yvuxeuwabq/public_html/system/CodeIgniter.php(927): App\Controllers\Home->show_all_orders()
#7 /home/877186.cloudwaysapps.com/yvuxeuwabq/public_html/system/CodeIgniter.php(482): CodeIgniter\CodeIgniter->runController()
#8 /home/877186.cloudwaysapps.com/yvuxeuwabq/public_html/system/CodeIgniter.php(351): CodeIgniter\CodeIgniter->handleRequest()
#9 /home/877186.cloudwaysapps.com/yvuxeuwabq/public_html/public/index.php(67): CodeIgniter\CodeIgniter->run()
#10 {main}
ERROR - 2023-01-04 08:58:32 --> mysqli_sql_exception: Column 'product_id' cannot be null in /home/877186.cloudwaysapps.com/yvuxeuwabq/public_html/system/Database/MySQLi/Connection.php:292
Stack trace:
#0 /home/877186.cloudwaysapps.com/yvuxeuwabq/public_html/system/Database/MySQLi/Connection.php(292): mysqli->query()
#1 /home/877186.cloudwaysapps.com/yvuxeuwabq/public_html/system/Database/BaseConnection.php(666): CodeIgniter\Database\MySQLi\Connection->execute()
#2 /home/877186.cloudwaysapps.com/yvuxeuwabq/public_html/system/Database/BaseConnection.php(593): CodeIgniter\Database\BaseConnection->simpleQuery()
#3 /home/877186.cloudwaysapps.com/yvuxeuwabq/public_html/system/Database/BaseBuilder.php(1916): CodeIgniter\Database\BaseConnection->query()
#4 /home/877186.cloudwaysapps.com/yvuxeuwabq/public_html/app/Models/UserModel.php(172): CodeIgniter\Database\BaseBuilder->insert()
#5 /home/877186.cloudwaysapps.com/yvuxeuwabq/public_html/app/Controllers/Home.php(249): App\Models\UserModel->track_orders_products()
#6 /home/877186.cloudwaysapps.com/yvuxeuwabq/public_html/system/CodeIgniter.php(927): App\Controllers\Home->show_all_orders()
#7 /home/877186.cloudwaysapps.com/yvuxeuwabq/public_html/system/CodeIgniter.php(482): CodeIgniter\CodeIgniter->runController()
#8 /home/877186.cloudwaysapps.com/yvuxeuwabq/public_html/system/CodeIgniter.php(351): CodeIgniter\CodeIgniter->handleRequest()
#9 /home/877186.cloudwaysapps.com/yvuxeuwabq/public_html/public/index.php(67): CodeIgniter\CodeIgniter->run()
#10 {main}
ERROR - 2023-01-04 08:58:32 --> mysqli_sql_exception: Column 'product_id' cannot be null in /home/877186.cloudwaysapps.com/yvuxeuwabq/public_html/system/Database/MySQLi/Connection.php:292
Stack trace:
#0 /home/877186.cloudwaysapps.com/yvuxeuwabq/public_html/system/Database/MySQLi/Connection.php(292): mysqli->query()
#1 /home/877186.cloudwaysapps.com/yvuxeuwabq/public_html/system/Database/BaseConnection.php(666): CodeIgniter\Database\MySQLi\Connection->execute()
#2 /home/877186.cloudwaysapps.com/yvuxeuwabq/public_html/system/Database/BaseConnection.php(593): CodeIgniter\Database\BaseConnection->simpleQuery()
#3 /home/877186.cloudwaysapps.com/yvuxeuwabq/public_html/system/Database/BaseBuilder.php(1916): CodeIgniter\Database\BaseConnection->query()
#4 /home/877186.cloudwaysapps.com/yvuxeuwabq/public_html/app/Models/UserModel.php(172): CodeIgniter\Database\BaseBuilder->insert()
#5 /home/877186.cloudwaysapps.com/yvuxeuwabq/public_html/app/Controllers/Home.php(249): App\Models\UserModel->track_orders_products()
#6 /home/877186.cloudwaysapps.com/yvuxeuwabq/public_html/system/CodeIgniter.php(927): App\Controllers\Home->show_all_orders()
#7 /home/877186.cloudwaysapps.com/yvuxeuwabq/public_html/system/CodeIgniter.php(482): CodeIgniter\CodeIgniter->runController()
#8 /home/877186.cloudwaysapps.com/yvuxeuwabq/public_html/system/CodeIgniter.php(351): CodeIgniter\CodeIgniter->handleRequest()
#9 /home/877186.cloudwaysapps.com/yvuxeuwabq/public_html/public/index.php(67): CodeIgniter\CodeIgniter->run()
#10 {main}
ERROR - 2023-01-04 08:58:32 --> mysqli_sql_exception: Column 'product_id' cannot be null in /home/877186.cloudwaysapps.com/yvuxeuwabq/public_html/system/Database/MySQLi/Connection.php:292
Stack trace:
#0 /home/877186.cloudwaysapps.com/yvuxeuwabq/public_html/system/Database/MySQLi/Connection.php(292): mysqli->query()
#1 /home/877186.cloudwaysapps.com/yvuxeuwabq/public_html/system/Database/BaseConnection.php(666): CodeIgniter\Database\MySQLi\Connection->execute()
#2 /home/877186.cloudwaysapps.com/yvuxeuwabq/public_html/system/Database/BaseConnection.php(593): CodeIgniter\Database\BaseConnection->simpleQuery()
#3 /home/877186.cloudwaysapps.com/yvuxeuwabq/public_html/system/Database/BaseBuilder.php(1916): CodeIgniter\Database\BaseConnection->query()
#4 /home/877186.cloudwaysapps.com/yvuxeuwabq/public_html/app/Models/UserModel.php(172): CodeIgniter\Database\BaseBuilder->insert()
#5 /home/877186.cloudwaysapps.com/yvuxeuwabq/public_html/app/Controllers/Home.php(249): App\Models\UserModel->track_orders_products()
#6 /home/877186.cloudwaysapps.com/yvuxeuwabq/public_html/system/CodeIgniter.php(927): App\Controllers\Home->show_all_orders()
#7 /home/877186.cloudwaysapps.com/yvuxeuwabq/public_html/system/CodeIgniter.php(482): CodeIgniter\CodeIgniter->runController()
#8 /home/877186.cloudwaysapps.com/yvuxeuwabq/public_html/system/CodeIgniter.php(351): CodeIgniter\CodeIgniter->handleRequest()
#9 /home/877186.cloudwaysapps.com/yvuxeuwabq/public_html/public/index.php(67): CodeIgniter\CodeIgniter->run()
#10 {main}
ERROR - 2023-01-04 08:58:32 --> mysqli_sql_exception: Column 'product_id' cannot be null in /home/877186.cloudwaysapps.com/yvuxeuwabq/public_html/system/Database/MySQLi/Connection.php:292
Stack trace:
#0 /home/877186.cloudwaysapps.com/yvuxeuwabq/public_html/system/Database/MySQLi/Connection.php(292): mysqli->query()
#1 /home/877186.cloudwaysapps.com/yvuxeuwabq/public_html/system/Database/BaseConnection.php(666): CodeIgniter\Database\MySQLi\Connection->execute()
#2 /home/877186.cloudwaysapps.com/yvuxeuwabq/public_html/system/Database/BaseConnection.php(593): CodeIgniter\Database\BaseConnection->simpleQuery()
#3 /home/877186.cloudwaysapps.com/yvuxeuwabq/public_html/system/Database/BaseBuilder.php(1916): CodeIgniter\Database\BaseConnection->query()
#4 /home/877186.cloudwaysapps.com/yvuxeuwabq/public_html/app/Models/UserModel.php(172): CodeIgniter\Database\BaseBuilder->insert()
#5 /home/877186.cloudwaysapps.com/yvuxeuwabq/public_html/app/Controllers/Home.php(249): App\Models\UserModel->track_orders_products()
#6 /home/877186.cloudwaysapps.com/yvuxeuwabq/public_html/system/CodeIgniter.php(927): App\Controllers\Home->show_all_orders()
#7 /home/877186.cloudwaysapps.com/yvuxeuwabq/public_html/system/CodeIgniter.php(482): CodeIgniter\CodeIgniter->runController()
#8 /home/877186.cloudwaysapps.com/yvuxeuwabq/public_html/system/CodeIgniter.php(351): CodeIgniter\CodeIgniter->handleRequest()
#9 /home/877186.cloudwaysapps.com/yvuxeuwabq/public_html/public/index.php(67): CodeIgniter\CodeIgniter->run()
#10 {main}
ERROR - 2023-01-04 08:58:32 --> mysqli_sql_exception: Column 'product_id' cannot be null in /home/877186.cloudwaysapps.com/yvuxeuwabq/public_html/system/Database/MySQLi/Connection.php:292
Stack trace:
#0 /home/877186.cloudwaysapps.com/yvuxeuwabq/public_html/system/Database/MySQLi/Connection.php(292): mysqli->query()
#1 /home/877186.cloudwaysapps.com/yvuxeuwabq/public_html/system/Database/BaseConnection.php(666): CodeIgniter\Database\MySQLi\Connection->execute()
#2 /home/877186.cloudwaysapps.com/yvuxeuwabq/public_html/system/Database/BaseConnection.php(593): CodeIgniter\Database\BaseConnection->simpleQuery()
#3 /home/877186.cloudwaysapps.com/yvuxeuwabq/public_html/system/Database/BaseBuilder.php(1916): CodeIgniter\Database\BaseConnection->query()
#4 /home/877186.cloudwaysapps.com/yvuxeuwabq/public_html/app/Models/UserModel.php(172): CodeIgniter\Database\BaseBuilder->insert()
#5 /home/877186.cloudwaysapps.com/yvuxeuwabq/public_html/app/Controllers/Home.php(249): App\Models\UserModel->track_orders_products()
#6 /home/877186.cloudwaysapps.com/yvuxeuwabq/public_html/system/CodeIgniter.php(927): App\Controllers\Home->show_all_orders()
#7 /home/877186.cloudwaysapps.com/yvuxeuwabq/public_html/system/CodeIgniter.php(482): CodeIgniter\CodeIgniter->runController()
#8 /home/877186.cloudwaysapps.com/yvuxeuwabq/public_html/system/CodeIgniter.php(351): CodeIgniter\CodeIgniter->handleRequest()
#9 /home/877186.cloudwaysapps.com/yvuxeuwabq/public_html/public/index.php(67): CodeIgniter\CodeIgniter->run()
#10 {main}
ERROR - 2023-01-04 08:58:32 --> mysqli_sql_exception: Column 'product_id' cannot be null in /home/877186.cloudwaysapps.com/yvuxeuwabq/public_html/system/Database/MySQLi/Connection.php:292
Stack trace:
#0 /home/877186.cloudwaysapps.com/yvuxeuwabq/public_html/system/Database/MySQLi/Connection.php(292): mysqli->query()
#1 /home/877186.cloudwaysapps.com/yvuxeuwabq/public_html/system/Database/BaseConnection.php(666): CodeIgniter\Database\MySQLi\Connection->execute()
#2 /home/877186.cloudwaysapps.com/yvuxeuwabq/public_html/system/Database/BaseConnection.php(593): CodeIgniter\Database\BaseConnection->simpleQuery()
#3 /home/877186.cloudwaysapps.com/yvuxeuwabq/public_html/system/Database/BaseBuilder.php(1916): CodeIgniter\Database\BaseConnection->query()
#4 /home/877186.cloudwaysapps.com/yvuxeuwabq/public_html/app/Models/UserModel.php(172): CodeIgniter\Database\BaseBuilder->insert()
#5 /home/877186.cloudwaysapps.com/yvuxeuwabq/public_html/app/Controllers/Home.php(249): App\Models\UserModel->track_orders_products()
#6 /home/877186.cloudwaysapps.com/yvuxeuwabq/public_html/system/CodeIgniter.php(927): App\Controllers\Home->show_all_orders()
#7 /home/877186.cloudwaysapps.com/yvuxeuwabq/public_html/system/CodeIgniter.php(482): CodeIgniter\CodeIgniter->runController()
#8 /home/877186.cloudwaysapps.com/yvuxeuwabq/public_html/system/CodeIgniter.php(351): CodeIgniter\CodeIgniter->handleRequest()
#9 /home/877186.cloudwaysapps.com/yvuxeuwabq/public_html/public/index.php(67): CodeIgniter\CodeIgniter->run()
#10 {main}
ERROR - 2023-01-04 08:58:32 --> mysqli_sql_exception: Column 'product_id' cannot be null in /home/877186.cloudwaysapps.com/yvuxeuwabq/public_html/system/Database/MySQLi/Connection.php:292
Stack trace:
#0 /home/877186.cloudwaysapps.com/yvuxeuwabq/public_html/system/Database/MySQLi/Connection.php(292): mysqli->query()
#1 /home/877186.cloudwaysapps.com/yvuxeuwabq/public_html/system/Database/BaseConnection.php(666): CodeIgniter\Database\MySQLi\Connection->execute()
#2 /home/877186.cloudwaysapps.com/yvuxeuwabq/public_html/system/Database/BaseConnection.php(593): CodeIgniter\Database\BaseConnection->simpleQuery()
#3 /home/877186.cloudwaysapps.com/yvuxeuwabq/public_html/system/Database/BaseBuilder.php(1916): CodeIgniter\Database\BaseConnection->query()
#4 /home/877186.cloudwaysapps.com/yvuxeuwabq/public_html/app/Models/UserModel.php(172): CodeIgniter\Database\BaseBuilder->insert()
#5 /home/877186.cloudwaysapps.com/yvuxeuwabq/public_html/app/Controllers/Home.php(249): App\Models\UserModel->track_orders_products()
#6 /home/877186.cloudwaysapps.com/yvuxeuwabq/public_html/system/CodeIgniter.php(927): App\Controllers\Home->show_all_orders()
#7 /home/877186.cloudwaysapps.com/yvuxeuwabq/public_html/system/CodeIgniter.php(482): CodeIgniter\CodeIgniter->runController()
#8 /home/877186.cloudwaysapps.com/yvuxeuwabq/public_html/system/CodeIgniter.php(351): CodeIgniter\CodeIgniter->handleRequest()
#9 /home/877186.cloudwaysapps.com/yvuxeuwabq/public_html/public/index.php(67): CodeIgniter\CodeIgniter->run()
#10 {main}
ERROR - 2023-01-04 08:58:32 --> mysqli_sql_exception: Column 'product_id' cannot be null in /home/877186.cloudwaysapps.com/yvuxeuwabq/public_html/system/Database/MySQLi/Connection.php:292
Stack trace:
#0 /home/877186.cloudwaysapps.com/yvuxeuwabq/public_html/system/Database/MySQLi/Connection.php(292): mysqli->query()
#1 /home/877186.cloudwaysapps.com/yvuxeuwabq/public_html/system/Database/BaseConnection.php(666): CodeIgniter\Database\MySQLi\Connection->execute()
#2 /home/877186.cloudwaysapps.com/yvuxeuwabq/public_html/system/Database/BaseConnection.php(593): CodeIgniter\Database\BaseConnection->simpleQuery()
#3 /home/877186.cloudwaysapps.com/yvuxeuwabq/public_html/system/Database/BaseBuilder.php(1916): CodeIgniter\Database\BaseConnection->query()
#4 /home/877186.cloudwaysapps.com/yvuxeuwabq/public_html/app/Models/UserModel.php(172): CodeIgniter\Database\BaseBuilder->insert()
#5 /home/877186.cloudwaysapps.com/yvuxeuwabq/public_html/app/Controllers/Home.php(249): App\Models\UserModel->track_orders_products()
#6 /home/877186.cloudwaysapps.com/yvuxeuwabq/public_html/system/CodeIgniter.php(927): App\Controllers\Home->show_all_orders()
#7 /home/877186.cloudwaysapps.com/yvuxeuwabq/public_html/system/CodeIgniter.php(482): CodeIgniter\CodeIgniter->runController()
#8 /home/877186.cloudwaysapps.com/yvuxeuwabq/public_html/system/CodeIgniter.php(351): CodeIgniter\CodeIgniter->handleRequest()
#9 /home/877186.cloudwaysapps.com/yvuxeuwabq/public_html/public/index.php(67): CodeIgniter\CodeIgniter->run()
#10 {main}
ERROR - 2023-01-04 09:01:31 --> mysqli_sql_exception: Column 'product_sku' cannot be null in /home/877186.cloudwaysapps.com/yvuxeuwabq/public_html/system/Database/MySQLi/Connection.php:292
Stack trace:
#0 /home/877186.cloudwaysapps.com/yvuxeuwabq/public_html/system/Database/MySQLi/Connection.php(292): mysqli->query()
#1 /home/877186.cloudwaysapps.com/yvuxeuwabq/public_html/system/Database/BaseConnection.php(666): CodeIgniter\Database\MySQLi\Connection->execute()
#2 /home/877186.cloudwaysapps.com/yvuxeuwabq/public_html/system/Database/BaseConnection.php(593): CodeIgniter\Database\BaseConnection->simpleQuery()
#3 /home/877186.cloudwaysapps.com/yvuxeuwabq/public_html/system/Database/BaseBuilder.php(1916): CodeIgniter\Database\BaseConnection->query()
#4 /home/877186.cloudwaysapps.com/yvuxeuwabq/public_html/app/Models/UserModel.php(172): CodeIgniter\Database\BaseBuilder->insert()
#5 /home/877186.cloudwaysapps.com/yvuxeuwabq/public_html/app/Controllers/Home.php(249): App\Models\UserModel->track_orders_products()
#6 /home/877186.cloudwaysapps.com/yvuxeuwabq/public_html/system/CodeIgniter.php(927): App\Controllers\Home->show_all_orders()
#7 /home/877186.cloudwaysapps.com/yvuxeuwabq/public_html/system/CodeIgniter.php(482): CodeIgniter\CodeIgniter->runController()
#8 /home/877186.cloudwaysapps.com/yvuxeuwabq/public_html/system/CodeIgniter.php(351): CodeIgniter\CodeIgniter->handleRequest()
#9 /home/877186.cloudwaysapps.com/yvuxeuwabq/public_html/public/index.php(67): CodeIgniter\CodeIgniter->run()
#10 {main}
ERROR - 2023-01-04 09:01:31 --> mysqli_sql_exception: Column 'product_sku' cannot be null in /home/877186.cloudwaysapps.com/yvuxeuwabq/public_html/system/Database/MySQLi/Connection.php:292
Stack trace:
#0 /home/877186.cloudwaysapps.com/yvuxeuwabq/public_html/system/Database/MySQLi/Connection.php(292): mysqli->query()
#1 /home/877186.cloudwaysapps.com/yvuxeuwabq/public_html/system/Database/BaseConnection.php(666): CodeIgniter\Database\MySQLi\Connection->execute()
#2 /home/877186.cloudwaysapps.com/yvuxeuwabq/public_html/system/Database/BaseConnection.php(593): CodeIgniter\Database\BaseConnection->simpleQuery()
#3 /home/877186.cloudwaysapps.com/yvuxeuwabq/public_html/system/Database/BaseBuilder.php(1916): CodeIgniter\Database\BaseConnection->query()
#4 /home/877186.cloudwaysapps.com/yvuxeuwabq/public_html/app/Models/UserModel.php(172): CodeIgniter\Database\BaseBuilder->insert()
#5 /home/877186.cloudwaysapps.com/yvuxeuwabq/public_html/app/Controllers/Home.php(249): App\Models\UserModel->track_orders_products()
#6 /home/877186.cloudwaysapps.com/yvuxeuwabq/public_html/system/CodeIgniter.php(927): App\Controllers\Home->show_all_orders()
#7 /home/877186.cloudwaysapps.com/yvuxeuwabq/public_html/system/CodeIgniter.php(482): CodeIgniter\CodeIgniter->runController()
#8 /home/877186.cloudwaysapps.com/yvuxeuwabq/public_html/system/CodeIgniter.php(351): CodeIgniter\CodeIgniter->handleRequest()
#9 /home/877186.cloudwaysapps.com/yvuxeuwabq/public_html/public/index.php(67): CodeIgniter\CodeIgniter->run()
#10 {main}
ERROR - 2023-01-04 09:01:31 --> mysqli_sql_exception: Column 'product_sku' cannot be null in /home/877186.cloudwaysapps.com/yvuxeuwabq/public_html/system/Database/MySQLi/Connection.php:292
Stack trace:
#0 /home/877186.cloudwaysapps.com/yvuxeuwabq/public_html/system/Database/MySQLi/Connection.php(292): mysqli->query()
#1 /home/877186.cloudwaysapps.com/yvuxeuwabq/public_html/system/Database/BaseConnection.php(666): CodeIgniter\Database\MySQLi\Connection->execute()
#2 /home/877186.cloudwaysapps.com/yvuxeuwabq/public_html/system/Database/BaseConnection.php(593): CodeIgniter\Database\BaseConnection->simpleQuery()
#3 /home/877186.cloudwaysapps.com/yvuxeuwabq/public_html/system/Database/BaseBuilder.php(1916): CodeIgniter\Database\BaseConnection->query()
#4 /home/877186.cloudwaysapps.com/yvuxeuwabq/public_html/app/Models/UserModel.php(172): CodeIgniter\Database\BaseBuilder->insert()
#5 /home/877186.cloudwaysapps.com/yvuxeuwabq/public_html/app/Controllers/Home.php(249): App\Models\UserModel->track_orders_products()
#6 /home/877186.cloudwaysapps.com/yvuxeuwabq/public_html/system/CodeIgniter.php(927): App\Controllers\Home->show_all_orders()
#7 /home/877186.cloudwaysapps.com/yvuxeuwabq/public_html/system/CodeIgniter.php(482): CodeIgniter\CodeIgniter->runController()
#8 /home/877186.cloudwaysapps.com/yvuxeuwabq/public_html/system/CodeIgniter.php(351): CodeIgniter\CodeIgniter->handleRequest()
#9 /home/877186.cloudwaysapps.com/yvuxeuwabq/public_html/public/index.php(67): CodeIgniter\CodeIgniter->run()
#10 {main}
ERROR - 2023-01-04 09:01:31 --> mysqli_sql_exception: Column 'product_sku' cannot be null in /home/877186.cloudwaysapps.com/yvuxeuwabq/public_html/system/Database/MySQLi/Connection.php:292
Stack trace:
#0 /home/877186.cloudwaysapps.com/yvuxeuwabq/public_html/system/Database/MySQLi/Connection.php(292): mysqli->query()
#1 /home/877186.cloudwaysapps.com/yvuxeuwabq/public_html/system/Database/BaseConnection.php(666): CodeIgniter\Database\MySQLi\Connection->execute()
#2 /home/877186.cloudwaysapps.com/yvuxeuwabq/public_html/system/Database/BaseConnection.php(593): CodeIgniter\Database\BaseConnection->simpleQuery()
#3 /home/877186.cloudwaysapps.com/yvuxeuwabq/public_html/system/Database/BaseBuilder.php(1916): CodeIgniter\Database\BaseConnection->query()
#4 /home/877186.cloudwaysapps.com/yvuxeuwabq/public_html/app/Models/UserModel.php(172): CodeIgniter\Database\BaseBuilder->insert()
#5 /home/877186.cloudwaysapps.com/yvuxeuwabq/public_html/app/Controllers/Home.php(249): App\Models\UserModel->track_orders_products()
#6 /home/877186.cloudwaysapps.com/yvuxeuwabq/public_html/system/CodeIgniter.php(927): App\Controllers\Home->show_all_orders()
#7 /home/877186.cloudwaysapps.com/yvuxeuwabq/public_html/system/CodeIgniter.php(482): CodeIgniter\CodeIgniter->runController()
#8 /home/877186.cloudwaysapps.com/yvuxeuwabq/public_html/system/CodeIgniter.php(351): CodeIgniter\CodeIgniter->handleRequest()
#9 /home/877186.cloudwaysapps.com/yvuxeuwabq/public_html/public/index.php(67): CodeIgniter\CodeIgniter->run()
#10 {main}
ERROR - 2023-01-04 09:01:31 --> mysqli_sql_exception: Column 'product_sku' cannot be null in /home/877186.cloudwaysapps.com/yvuxeuwabq/public_html/system/Database/MySQLi/Connection.php:292
Stack trace:
#0 /home/877186.cloudwaysapps.com/yvuxeuwabq/public_html/system/Database/MySQLi/Connection.php(292): mysqli->query()
#1 /home/877186.cloudwaysapps.com/yvuxeuwabq/public_html/system/Database/BaseConnection.php(666): CodeIgniter\Database\MySQLi\Connection->execute()
#2 /home/877186.cloudwaysapps.com/yvuxeuwabq/public_html/system/Database/BaseConnection.php(593): CodeIgniter\Database\BaseConnection->simpleQuery()
#3 /home/877186.cloudwaysapps.com/yvuxeuwabq/public_html/system/Database/BaseBuilder.php(1916): CodeIgniter\Database\BaseConnection->query()
#4 /home/877186.cloudwaysapps.com/yvuxeuwabq/public_html/app/Models/UserModel.php(172): CodeIgniter\Database\BaseBuilder->insert()
#5 /home/877186.cloudwaysapps.com/yvuxeuwabq/public_html/app/Controllers/Home.php(249): App\Models\UserModel->track_orders_products()
#6 /home/877186.cloudwaysapps.com/yvuxeuwabq/public_html/system/CodeIgniter.php(927): App\Controllers\Home->show_all_orders()
#7 /home/877186.cloudwaysapps.com/yvuxeuwabq/public_html/system/CodeIgniter.php(482): CodeIgniter\CodeIgniter->runController()
#8 /home/877186.cloudwaysapps.com/yvuxeuwabq/public_html/system/CodeIgniter.php(351): CodeIgniter\CodeIgniter->handleRequest()
#9 /home/877186.cloudwaysapps.com/yvuxeuwabq/public_html/public/index.php(67): CodeIgniter\CodeIgniter->run()
#10 {main}
ERROR - 2023-01-04 09:01:31 --> mysqli_sql_exception: Column 'product_sku' cannot be null in /home/877186.cloudwaysapps.com/yvuxeuwabq/public_html/system/Database/MySQLi/Connection.php:292
Stack trace:
#0 /home/877186.cloudwaysapps.com/yvuxeuwabq/public_html/system/Database/MySQLi/Connection.php(292): mysqli->query()
#1 /home/877186.cloudwaysapps.com/yvuxeuwabq/public_html/system/Database/BaseConnection.php(666): CodeIgniter\Database\MySQLi\Connection->execute()
#2 /home/877186.cloudwaysapps.com/yvuxeuwabq/public_html/system/Database/BaseConnection.php(593): CodeIgniter\Database\BaseConnection->simpleQuery()
#3 /home/877186.cloudwaysapps.com/yvuxeuwabq/public_html/system/Database/BaseBuilder.php(1916): CodeIgniter\Database\BaseConnection->query()
#4 /home/877186.cloudwaysapps.com/yvuxeuwabq/public_html/app/Models/UserModel.php(172): CodeIgniter\Database\BaseBuilder->insert()
#5 /home/877186.cloudwaysapps.com/yvuxeuwabq/public_html/app/Controllers/Home.php(249): App\Models\UserModel->track_orders_products()
#6 /home/877186.cloudwaysapps.com/yvuxeuwabq/public_html/system/CodeIgniter.php(927): App\Controllers\Home->show_all_orders()
#7 /home/877186.cloudwaysapps.com/yvuxeuwabq/public_html/system/CodeIgniter.php(482): CodeIgniter\CodeIgniter->runController()
#8 /home/877186.cloudwaysapps.com/yvuxeuwabq/public_html/system/CodeIgniter.php(351): CodeIgniter\CodeIgniter->handleRequest()
#9 /home/877186.cloudwaysapps.com/yvuxeuwabq/public_html/public/index.php(67): CodeIgniter\CodeIgniter->run()
#10 {main}
ERROR - 2023-01-04 09:01:31 --> mysqli_sql_exception: Column 'email' cannot be null in /home/877186.cloudwaysapps.com/yvuxeuwabq/public_html/system/Database/MySQLi/Connection.php:292
Stack trace:
#0 /home/877186.cloudwaysapps.com/yvuxeuwabq/public_html/system/Database/MySQLi/Connection.php(292): mysqli->query()
#1 /home/877186.cloudwaysapps.com/yvuxeuwabq/public_html/system/Database/BaseConnection.php(666): CodeIgniter\Database\MySQLi\Connection->execute()
#2 /home/877186.cloudwaysapps.com/yvuxeuwabq/public_html/system/Database/BaseConnection.php(593): CodeIgniter\Database\BaseConnection->simpleQuery()
#3 /home/877186.cloudwaysapps.com/yvuxeuwabq/public_html/system/Database/BaseBuilder.php(1916): CodeIgniter\Database\BaseConnection->query()
#4 /home/877186.cloudwaysapps.com/yvuxeuwabq/public_html/app/Models/UserModel.php(154): CodeIgniter\Database\BaseBuilder->insert()
#5 /home/877186.cloudwaysapps.com/yvuxeuwabq/public_html/app/Controllers/Home.php(230): App\Models\UserModel->track_orders()
#6 /home/877186.cloudwaysapps.com/yvuxeuwabq/public_html/system/CodeIgniter.php(927): App\Controllers\Home->show_all_orders()
#7 /home/877186.cloudwaysapps.com/yvuxeuwabq/public_html/system/CodeIgniter.php(482): CodeIgniter\CodeIgniter->runController()
#8 /home/877186.cloudwaysapps.com/yvuxeuwabq/public_html/system/CodeIgniter.php(351): CodeIgniter\CodeIgniter->handleRequest()
#9 /home/877186.cloudwaysapps.com/yvuxeuwabq/public_html/public/index.php(67): CodeIgniter\CodeIgniter->run()
#10 {main}
ERROR - 2023-01-04 09:01:31 --> mysqli_sql_exception: Column 'product_sku' cannot be null in /home/877186.cloudwaysapps.com/yvuxeuwabq/public_html/system/Database/MySQLi/Connection.php:292
Stack trace:
#0 /home/877186.cloudwaysapps.com/yvuxeuwabq/public_html/system/Database/MySQLi/Connection.php(292): mysqli->query()
#1 /home/877186.cloudwaysapps.com/yvuxeuwabq/public_html/system/Database/BaseConnection.php(666): CodeIgniter\Database\MySQLi\Connection->execute()
#2 /home/877186.cloudwaysapps.com/yvuxeuwabq/public_html/system/Database/BaseConnection.php(593): CodeIgniter\Database\BaseConnection->simpleQuery()
#3 /home/877186.cloudwaysapps.com/yvuxeuwabq/public_html/system/Database/BaseBuilder.php(1916): CodeIgniter\Database\BaseConnection->query()
#4 /home/877186.cloudwaysapps.com/yvuxeuwabq/public_html/app/Models/UserModel.php(172): CodeIgniter\Database\BaseBuilder->insert()
#5 /home/877186.cloudwaysapps.com/yvuxeuwabq/public_html/app/Controllers/Home.php(249): App\Models\UserModel->track_orders_products()
#6 /home/877186.cloudwaysapps.com/yvuxeuwabq/public_html/system/CodeIgniter.php(927): App\Controllers\Home->show_all_orders()
#7 /home/877186.cloudwaysapps.com/yvuxeuwabq/public_html/system/CodeIgniter.php(482): CodeIgniter\CodeIgniter->runController()
#8 /home/877186.cloudwaysapps.com/yvuxeuwabq/public_html/system/CodeIgniter.php(351): CodeIgniter\CodeIgniter->handleRequest()
#9 /home/877186.cloudwaysapps.com/yvuxeuwabq/public_html/public/index.php(67): CodeIgniter\CodeIgniter->run()
#10 {main}
ERROR - 2023-01-04 09:01:31 --> mysqli_sql_exception: Column 'product_sku' cannot be null in /home/877186.cloudwaysapps.com/yvuxeuwabq/public_html/system/Database/MySQLi/Connection.php:292
Stack trace:
#0 /home/877186.cloudwaysapps.com/yvuxeuwabq/public_html/system/Database/MySQLi/Connection.php(292): mysqli->query()
#1 /home/877186.cloudwaysapps.com/yvuxeuwabq/public_html/system/Database/BaseConnection.php(666): CodeIgniter\Database\MySQLi\Connection->execute()
#2 /home/877186.cloudwaysapps.com/yvuxeuwabq/public_html/system/Database/BaseConnection.php(593): CodeIgniter\Database\BaseConnection->simpleQuery()
#3 /home/877186.cloudwaysapps.com/yvuxeuwabq/public_html/system/Database/BaseBuilder.php(1916): CodeIgniter\Database\BaseConnection->query()
#4 /home/877186.cloudwaysapps.com/yvuxeuwabq/public_html/app/Models/UserModel.php(172): CodeIgniter\Database\BaseBuilder->insert()
#5 /home/877186.cloudwaysapps.com/yvuxeuwabq/public_html/app/Controllers/Home.php(249): App\Models\UserModel->track_orders_products()
#6 /home/877186.cloudwaysapps.com/yvuxeuwabq/public_html/system/CodeIgniter.php(927): App\Controllers\Home->show_all_orders()
#7 /home/877186.cloudwaysapps.com/yvuxeuwabq/public_html/system/CodeIgniter.php(482): CodeIgniter\CodeIgniter->runController()
#8 /home/877186.cloudwaysapps.com/yvuxeuwabq/public_html/system/CodeIgniter.php(351): CodeIgniter\CodeIgniter->handleRequest()
#9 /home/877186.cloudwaysapps.com/yvuxeuwabq/public_html/public/index.php(67): CodeIgniter\CodeIgniter->run()
#10 {main}
ERROR - 2023-01-04 09:01:31 --> mysqli_sql_exception: Column 'product_sku' cannot be null in /home/877186.cloudwaysapps.com/yvuxeuwabq/public_html/system/Database/MySQLi/Connection.php:292
Stack trace:
#0 /home/877186.cloudwaysapps.com/yvuxeuwabq/public_html/system/Database/MySQLi/Connection.php(292): mysqli->query()
#1 /home/877186.cloudwaysapps.com/yvuxeuwabq/public_html/system/Database/BaseConnection.php(666): CodeIgniter\Database\MySQLi\Connection->execute()
#2 /home/877186.cloudwaysapps.com/yvuxeuwabq/public_html/system/Database/BaseConnection.php(593): CodeIgniter\Database\BaseConnection->simpleQuery()
#3 /home/877186.cloudwaysapps.com/yvuxeuwabq/public_html/system/Database/BaseBuilder.php(1916): CodeIgniter\Database\BaseConnection->query()
#4 /home/877186.cloudwaysapps.com/yvuxeuwabq/public_html/app/Models/UserModel.php(172): CodeIgniter\Database\BaseBuilder->insert()
#5 /home/877186.cloudwaysapps.com/yvuxeuwabq/public_html/app/Controllers/Home.php(249): App\Models\UserModel->track_orders_products()
#6 /home/877186.cloudwaysapps.com/yvuxeuwabq/public_html/system/CodeIgniter.php(927): App\Controllers\Home->show_all_orders()
#7 /home/877186.cloudwaysapps.com/yvuxeuwabq/public_html/system/CodeIgniter.php(482): CodeIgniter\CodeIgniter->runController()
#8 /home/877186.cloudwaysapps.com/yvuxeuwabq/public_html/system/CodeIgniter.php(351): CodeIgniter\CodeIgniter->handleRequest()
#9 /home/877186.cloudwaysapps.com/yvuxeuwabq/public_html/public/index.php(67): CodeIgniter\CodeIgniter->run()
#10 {main}
ERROR - 2023-01-04 09:01:31 --> mysqli_sql_exception: Column 'product_sku' cannot be null in /home/877186.cloudwaysapps.com/yvuxeuwabq/public_html/system/Database/MySQLi/Connection.php:292
Stack trace:
#0 /home/877186.cloudwaysapps.com/yvuxeuwabq/public_html/system/Database/MySQLi/Connection.php(292): mysqli->query()
#1 /home/877186.cloudwaysapps.com/yvuxeuwabq/public_html/system/Database/BaseConnection.php(666): CodeIgniter\Database\MySQLi\Connection->execute()
#2 /home/877186.cloudwaysapps.com/yvuxeuwabq/public_html/system/Database/BaseConnection.php(593): CodeIgniter\Database\BaseConnection->simpleQuery()
#3 /home/877186.cloudwaysapps.com/yvuxeuwabq/public_html/system/Database/BaseBuilder.php(1916): CodeIgniter\Database\BaseConnection->query()
#4 /home/877186.cloudwaysapps.com/yvuxeuwabq/public_html/app/Models/UserModel.php(172): CodeIgniter\Database\BaseBuilder->insert()
#5 /home/877186.cloudwaysapps.com/yvuxeuwabq/public_html/app/Controllers/Home.php(249): App\Models\UserModel->track_orders_products()
#6 /home/877186.cloudwaysapps.com/yvuxeuwabq/public_html/system/CodeIgniter.php(927): App\Controllers\Home->show_all_orders()
#7 /home/877186.cloudwaysapps.com/yvuxeuwabq/public_html/system/CodeIgniter.php(482): CodeIgniter\CodeIgniter->runController()
#8 /home/877186.cloudwaysapps.com/yvuxeuwabq/public_html/system/CodeIgniter.php(351): CodeIgniter\CodeIgniter->handleRequest()
#9 /home/877186.cloudwaysapps.com/yvuxeuwabq/public_html/public/index.php(67): CodeIgniter\CodeIgniter->run()
#10 {main}
ERROR - 2023-01-04 09:01:31 --> mysqli_sql_exception: Column 'product_sku' cannot be null in /home/877186.cloudwaysapps.com/yvuxeuwabq/public_html/system/Database/MySQLi/Connection.php:292
Stack trace:
#0 /home/877186.cloudwaysapps.com/yvuxeuwabq/public_html/system/Database/MySQLi/Connection.php(292): mysqli->query()
#1 /home/877186.cloudwaysapps.com/yvuxeuwabq/public_html/system/Database/BaseConnection.php(666): CodeIgniter\Database\MySQLi\Connection->execute()
#2 /home/877186.cloudwaysapps.com/yvuxeuwabq/public_html/system/Database/BaseConnection.php(593): CodeIgniter\Database\BaseConnection->simpleQuery()
#3 /home/877186.cloudwaysapps.com/yvuxeuwabq/public_html/system/Database/BaseBuilder.php(1916): CodeIgniter\Database\BaseConnection->query()
#4 /home/877186.cloudwaysapps.com/yvuxeuwabq/public_html/app/Models/UserModel.php(172): CodeIgniter\Database\BaseBuilder->insert()
#5 /home/877186.cloudwaysapps.com/yvuxeuwabq/public_html/app/Controllers/Home.php(249): App\Models\UserModel->track_orders_products()
#6 /home/877186.cloudwaysapps.com/yvuxeuwabq/public_html/system/CodeIgniter.php(927): App\Controllers\Home->show_all_orders()
#7 /home/877186.cloudwaysapps.com/yvuxeuwabq/public_html/system/CodeIgniter.php(482): CodeIgniter\CodeIgniter->runController()
#8 /home/877186.cloudwaysapps.com/yvuxeuwabq/public_html/system/CodeIgniter.php(351): CodeIgniter\CodeIgniter->handleRequest()
#9 /home/877186.cloudwaysapps.com/yvuxeuwabq/public_html/public/index.php(67): CodeIgniter\CodeIgniter->run()
#10 {main}
ERROR - 2023-01-04 09:01:31 --> mysqli_sql_exception: Column 'product_sku' cannot be null in /home/877186.cloudwaysapps.com/yvuxeuwabq/public_html/system/Database/MySQLi/Connection.php:292
Stack trace:
#0 /home/877186.cloudwaysapps.com/yvuxeuwabq/public_html/system/Database/MySQLi/Connection.php(292): mysqli->query()
#1 /home/877186.cloudwaysapps.com/yvuxeuwabq/public_html/system/Database/BaseConnection.php(666): CodeIgniter\Database\MySQLi\Connection->execute()
#2 /home/877186.cloudwaysapps.com/yvuxeuwabq/public_html/system/Database/BaseConnection.php(593): CodeIgniter\Database\BaseConnection->simpleQuery()
#3 /home/877186.cloudwaysapps.com/yvuxeuwabq/public_html/system/Database/BaseBuilder.php(1916): CodeIgniter\Database\BaseConnection->query()
#4 /home/877186.cloudwaysapps.com/yvuxeuwabq/public_html/app/Models/UserModel.php(172): CodeIgniter\Database\BaseBuilder->insert()
#5 /home/877186.cloudwaysapps.com/yvuxeuwabq/public_html/app/Controllers/Home.php(249): App\Models\UserModel->track_orders_products()
#6 /home/877186.cloudwaysapps.com/yvuxeuwabq/public_html/system/CodeIgniter.php(927): App\Controllers\Home->show_all_orders()
#7 /home/877186.cloudwaysapps.com/yvuxeuwabq/public_html/system/CodeIgniter.php(482): CodeIgniter\CodeIgniter->runController()
#8 /home/877186.cloudwaysapps.com/yvuxeuwabq/public_html/system/CodeIgniter.php(351): CodeIgniter\CodeIgniter->handleRequest()
#9 /home/877186.cloudwaysapps.com/yvuxeuwabq/public_html/public/index.php(67): CodeIgniter\CodeIgniter->run()
#10 {main}
ERROR - 2023-01-04 09:01:31 --> mysqli_sql_exception: Column 'product_sku' cannot be null in /home/877186.cloudwaysapps.com/yvuxeuwabq/public_html/system/Database/MySQLi/Connection.php:292
Stack trace:
#0 /home/877186.cloudwaysapps.com/yvuxeuwabq/public_html/system/Database/MySQLi/Connection.php(292): mysqli->query()
#1 /home/877186.cloudwaysapps.com/yvuxeuwabq/public_html/system/Database/BaseConnection.php(666): CodeIgniter\Database\MySQLi\Connection->execute()
#2 /home/877186.cloudwaysapps.com/yvuxeuwabq/public_html/system/Database/BaseConnection.php(593): CodeIgniter\Database\BaseConnection->simpleQuery()
#3 /home/877186.cloudwaysapps.com/yvuxeuwabq/public_html/system/Database/BaseBuilder.php(1916): CodeIgniter\Database\BaseConnection->query()
#4 /home/877186.cloudwaysapps.com/yvuxeuwabq/public_html/app/Models/UserModel.php(172): CodeIgniter\Database\BaseBuilder->insert()
#5 /home/877186.cloudwaysapps.com/yvuxeuwabq/public_html/app/Controllers/Home.php(249): App\Models\UserModel->track_orders_products()
#6 /home/877186.cloudwaysapps.com/yvuxeuwabq/public_html/system/CodeIgniter.php(927): App\Controllers\Home->show_all_orders()
#7 /home/877186.cloudwaysapps.com/yvuxeuwabq/public_html/system/CodeIgniter.php(482): CodeIgniter\CodeIgniter->runController()
#8 /home/877186.cloudwaysapps.com/yvuxeuwabq/public_html/system/CodeIgniter.php(351): CodeIgniter\CodeIgniter->handleRequest()
#9 /home/877186.cloudwaysapps.com/yvuxeuwabq/public_html/public/index.php(67): CodeIgniter\CodeIgniter->run()
#10 {main}
ERROR - 2023-01-04 09:01:31 --> mysqli_sql_exception: Column 'product_sku' cannot be null in /home/877186.cloudwaysapps.com/yvuxeuwabq/public_html/system/Database/MySQLi/Connection.php:292
Stack trace:
#0 /home/877186.cloudwaysapps.com/yvuxeuwabq/public_html/system/Database/MySQLi/Connection.php(292): mysqli->query()
#1 /home/877186.cloudwaysapps.com/yvuxeuwabq/public_html/system/Database/BaseConnection.php(666): CodeIgniter\Database\MySQLi\Connection->execute()
#2 /home/877186.cloudwaysapps.com/yvuxeuwabq/public_html/system/Database/BaseConnection.php(593): CodeIgniter\Database\BaseConnection->simpleQuery()
#3 /home/877186.cloudwaysapps.com/yvuxeuwabq/public_html/system/Database/BaseBuilder.php(1916): CodeIgniter\Database\BaseConnection->query()
#4 /home/877186.cloudwaysapps.com/yvuxeuwabq/public_html/app/Models/UserModel.php(172): CodeIgniter\Database\BaseBuilder->insert()
#5 /home/877186.cloudwaysapps.com/yvuxeuwabq/public_html/app/Controllers/Home.php(249): App\Models\UserModel->track_orders_products()
#6 /home/877186.cloudwaysapps.com/yvuxeuwabq/public_html/system/CodeIgniter.php(927): App\Controllers\Home->show_all_orders()
#7 /home/877186.cloudwaysapps.com/yvuxeuwabq/public_html/system/CodeIgniter.php(482): CodeIgniter\CodeIgniter->runController()
#8 /home/877186.cloudwaysapps.com/yvuxeuwabq/public_html/system/CodeIgniter.php(351): CodeIgniter\CodeIgniter->handleRequest()
#9 /home/877186.cloudwaysapps.com/yvuxeuwabq/public_html/public/index.php(67): CodeIgniter\CodeIgniter->run()
#10 {main}
ERROR - 2023-01-04 09:04:21 --> mysqli_sql_exception: Column 'product_sku' cannot be null in /home/877186.cloudwaysapps.com/yvuxeuwabq/public_html/system/Database/MySQLi/Connection.php:292
Stack trace:
#0 /home/877186.cloudwaysapps.com/yvuxeuwabq/public_html/system/Database/MySQLi/Connection.php(292): mysqli->query()
#1 /home/877186.cloudwaysapps.com/yvuxeuwabq/public_html/system/Database/BaseConnection.php(666): CodeIgniter\Database\MySQLi\Connection->execute()
#2 /home/877186.cloudwaysapps.com/yvuxeuwabq/public_html/system/Database/BaseConnection.php(593): CodeIgniter\Database\BaseConnection->simpleQuery()
#3 /home/877186.cloudwaysapps.com/yvuxeuwabq/public_html/system/Database/BaseBuilder.php(1916): CodeIgniter\Database\BaseConnection->query()
#4 /home/877186.cloudwaysapps.com/yvuxeuwabq/public_html/app/Models/UserModel.php(172): CodeIgniter\Database\BaseBuilder->insert()
#5 /home/877186.cloudwaysapps.com/yvuxeuwabq/public_html/app/Controllers/Home.php(249): App\Models\UserModel->track_orders_products()
#6 /home/877186.cloudwaysapps.com/yvuxeuwabq/public_html/system/CodeIgniter.php(927): App\Controllers\Home->show_all_orders()
#7 /home/877186.cloudwaysapps.com/yvuxeuwabq/public_html/system/CodeIgniter.php(482): CodeIgniter\CodeIgniter->runController()
#8 /home/877186.cloudwaysapps.com/yvuxeuwabq/public_html/system/CodeIgniter.php(351): CodeIgniter\CodeIgniter->handleRequest()
#9 /home/877186.cloudwaysapps.com/yvuxeuwabq/public_html/public/index.php(67): CodeIgniter\CodeIgniter->run()
#10 {main}
ERROR - 2023-01-04 09:04:21 --> mysqli_sql_exception: Column 'product_sku' cannot be null in /home/877186.cloudwaysapps.com/yvuxeuwabq/public_html/system/Database/MySQLi/Connection.php:292
Stack trace:
#0 /home/877186.cloudwaysapps.com/yvuxeuwabq/public_html/system/Database/MySQLi/Connection.php(292): mysqli->query()
#1 /home/877186.cloudwaysapps.com/yvuxeuwabq/public_html/system/Database/BaseConnection.php(666): CodeIgniter\Database\MySQLi\Connection->execute()
#2 /home/877186.cloudwaysapps.com/yvuxeuwabq/public_html/system/Database/BaseConnection.php(593): CodeIgniter\Database\BaseConnection->simpleQuery()
#3 /home/877186.cloudwaysapps.com/yvuxeuwabq/public_html/system/Database/BaseBuilder.php(1916): CodeIgniter\Database\BaseConnection->query()
#4 /home/877186.cloudwaysapps.com/yvuxeuwabq/public_html/app/Models/UserModel.php(172): CodeIgniter\Database\BaseBuilder->insert()
#5 /home/877186.cloudwaysapps.com/yvuxeuwabq/public_html/app/Controllers/Home.php(249): App\Models\UserModel->track_orders_products()
#6 /home/877186.cloudwaysapps.com/yvuxeuwabq/public_html/system/CodeIgniter.php(927): App\Controllers\Home->show_all_orders()
#7 /home/877186.cloudwaysapps.com/yvuxeuwabq/public_html/system/CodeIgniter.php(482): CodeIgniter\CodeIgniter->runController()
#8 /home/877186.cloudwaysapps.com/yvuxeuwabq/public_html/system/CodeIgniter.php(351): CodeIgniter\CodeIgniter->handleRequest()
#9 /home/877186.cloudwaysapps.com/yvuxeuwabq/public_html/public/index.php(67): CodeIgniter\CodeIgniter->run()
#10 {main}
ERROR - 2023-01-04 09:04:21 --> mysqli_sql_exception: Column 'product_sku' cannot be null in /home/877186.cloudwaysapps.com/yvuxeuwabq/public_html/system/Database/MySQLi/Connection.php:292
Stack trace:
#0 /home/877186.cloudwaysapps.com/yvuxeuwabq/public_html/system/Database/MySQLi/Connection.php(292): mysqli->query()
#1 /home/877186.cloudwaysapps.com/yvuxeuwabq/public_html/system/Database/BaseConnection.php(666): CodeIgniter\Database\MySQLi\Connection->execute()
#2 /home/877186.cloudwaysapps.com/yvuxeuwabq/public_html/system/Database/BaseConnection.php(593): CodeIgniter\Database\BaseConnection->simpleQuery()
#3 /home/877186.cloudwaysapps.com/yvuxeuwabq/public_html/system/Database/BaseBuilder.php(1916): CodeIgniter\Database\BaseConnection->query()
#4 /home/877186.cloudwaysapps.com/yvuxeuwabq/public_html/app/Models/UserModel.php(172): CodeIgniter\Database\BaseBuilder->insert()
#5 /home/877186.cloudwaysapps.com/yvuxeuwabq/public_html/app/Controllers/Home.php(249): App\Models\UserModel->track_orders_products()
#6 /home/877186.cloudwaysapps.com/yvuxeuwabq/public_html/system/CodeIgniter.php(927): App\Controllers\Home->show_all_orders()
#7 /home/877186.cloudwaysapps.com/yvuxeuwabq/public_html/system/CodeIgniter.php(482): CodeIgniter\CodeIgniter->runController()
#8 /home/877186.cloudwaysapps.com/yvuxeuwabq/public_html/system/CodeIgniter.php(351): CodeIgniter\CodeIgniter->handleRequest()
#9 /home/877186.cloudwaysapps.com/yvuxeuwabq/public_html/public/index.php(67): CodeIgniter\CodeIgniter->run()
#10 {main}
ERROR - 2023-01-04 09:04:21 --> mysqli_sql_exception: Column 'product_sku' cannot be null in /home/877186.cloudwaysapps.com/yvuxeuwabq/public_html/system/Database/MySQLi/Connection.php:292
Stack trace:
#0 /home/877186.cloudwaysapps.com/yvuxeuwabq/public_html/system/Database/MySQLi/Connection.php(292): mysqli->query()
#1 /home/877186.cloudwaysapps.com/yvuxeuwabq/public_html/system/Database/BaseConnection.php(666): CodeIgniter\Database\MySQLi\Connection->execute()
#2 /home/877186.cloudwaysapps.com/yvuxeuwabq/public_html/system/Database/BaseConnection.php(593): CodeIgniter\Database\BaseConnection->simpleQuery()
#3 /home/877186.cloudwaysapps.com/yvuxeuwabq/public_html/system/Database/BaseBuilder.php(1916): CodeIgniter\Database\BaseConnection->query()
#4 /home/877186.cloudwaysapps.com/yvuxeuwabq/public_html/app/Models/UserModel.php(172): CodeIgniter\Database\BaseBuilder->insert()
#5 /home/877186.cloudwaysapps.com/yvuxeuwabq/public_html/app/Controllers/Home.php(249): App\Models\UserModel->track_orders_products()
#6 /home/877186.cloudwaysapps.com/yvuxeuwabq/public_html/system/CodeIgniter.php(927): App\Controllers\Home->show_all_orders()
#7 /home/877186.cloudwaysapps.com/yvuxeuwabq/public_html/system/CodeIgniter.php(482): CodeIgniter\CodeIgniter->runController()
#8 /home/877186.cloudwaysapps.com/yvuxeuwabq/public_html/system/CodeIgniter.php(351): CodeIgniter\CodeIgniter->handleRequest()
#9 /home/877186.cloudwaysapps.com/yvuxeuwabq/public_html/public/index.php(67): CodeIgniter\CodeIgniter->run()
#10 {main}
ERROR - 2023-01-04 09:04:21 --> mysqli_sql_exception: Column 'product_sku' cannot be null in /home/877186.cloudwaysapps.com/yvuxeuwabq/public_html/system/Database/MySQLi/Connection.php:292
Stack trace:
#0 /home/877186.cloudwaysapps.com/yvuxeuwabq/public_html/system/Database/MySQLi/Connection.php(292): mysqli->query()
#1 /home/877186.cloudwaysapps.com/yvuxeuwabq/public_html/system/Database/BaseConnection.php(666): CodeIgniter\Database\MySQLi\Connection->execute()
#2 /home/877186.cloudwaysapps.com/yvuxeuwabq/public_html/system/Database/BaseConnection.php(593): CodeIgniter\Database\BaseConnection->simpleQuery()
#3 /home/877186.cloudwaysapps.com/yvuxeuwabq/public_html/system/Database/BaseBuilder.php(1916): CodeIgniter\Database\BaseConnection->query()
#4 /home/877186.cloudwaysapps.com/yvuxeuwabq/public_html/app/Models/UserModel.php(172): CodeIgniter\Database\BaseBuilder->insert()
#5 /home/877186.cloudwaysapps.com/yvuxeuwabq/public_html/app/Controllers/Home.php(249): App\Models\UserModel->track_orders_products()
#6 /home/877186.cloudwaysapps.com/yvuxeuwabq/public_html/system/CodeIgniter.php(927): App\Controllers\Home->show_all_orders()
#7 /home/877186.cloudwaysapps.com/yvuxeuwabq/public_html/system/CodeIgniter.php(482): CodeIgniter\CodeIgniter->runController()
#8 /home/877186.cloudwaysapps.com/yvuxeuwabq/public_html/system/CodeIgniter.php(351): CodeIgniter\CodeIgniter->handleRequest()
#9 /home/877186.cloudwaysapps.com/yvuxeuwabq/public_html/public/index.php(67): CodeIgniter\CodeIgniter->run()
#10 {main}
ERROR - 2023-01-04 09:04:21 --> mysqli_sql_exception: Column 'product_sku' cannot be null in /home/877186.cloudwaysapps.com/yvuxeuwabq/public_html/system/Database/MySQLi/Connection.php:292
Stack trace:
#0 /home/877186.cloudwaysapps.com/yvuxeuwabq/public_html/system/Database/MySQLi/Connection.php(292): mysqli->query()
#1 /home/877186.cloudwaysapps.com/yvuxeuwabq/public_html/system/Database/BaseConnection.php(666): CodeIgniter\Database\MySQLi\Connection->execute()
#2 /home/877186.cloudwaysapps.com/yvuxeuwabq/public_html/system/Database/BaseConnection.php(593): CodeIgniter\Database\BaseConnection->simpleQuery()
#3 /home/877186.cloudwaysapps.com/yvuxeuwabq/public_html/system/Database/BaseBuilder.php(1916): CodeIgniter\Database\BaseConnection->query()
#4 /home/877186.cloudwaysapps.com/yvuxeuwabq/public_html/app/Models/UserModel.php(172): CodeIgniter\Database\BaseBuilder->insert()
#5 /home/877186.cloudwaysapps.com/yvuxeuwabq/public_html/app/Controllers/Home.php(249): App\Models\UserModel->track_orders_products()
#6 /home/877186.cloudwaysapps.com/yvuxeuwabq/public_html/system/CodeIgniter.php(927): App\Controllers\Home->show_all_orders()
#7 /home/877186.cloudwaysapps.com/yvuxeuwabq/public_html/system/CodeIgniter.php(482): CodeIgniter\CodeIgniter->runController()
#8 /home/877186.cloudwaysapps.com/yvuxeuwabq/public_html/system/CodeIgniter.php(351): CodeIgniter\CodeIgniter->handleRequest()
#9 /home/877186.cloudwaysapps.com/yvuxeuwabq/public_html/public/index.php(67): CodeIgniter\CodeIgniter->run()
#10 {main}
ERROR - 2023-01-04 09:04:21 --> mysqli_sql_exception: Column 'email' cannot be null in /home/877186.cloudwaysapps.com/yvuxeuwabq/public_html/system/Database/MySQLi/Connection.php:292
Stack trace:
#0 /home/877186.cloudwaysapps.com/yvuxeuwabq/public_html/system/Database/MySQLi/Connection.php(292): mysqli->query()
#1 /home/877186.cloudwaysapps.com/yvuxeuwabq/public_html/system/Database/BaseConnection.php(666): CodeIgniter\Database\MySQLi\Connection->execute()
#2 /home/877186.cloudwaysapps.com/yvuxeuwabq/public_html/system/Database/BaseConnection.php(593): CodeIgniter\Database\BaseConnection->simpleQuery()
#3 /home/877186.cloudwaysapps.com/yvuxeuwabq/public_html/system/Database/BaseBuilder.php(1916): CodeIgniter\Database\BaseConnection->query()
#4 /home/877186.cloudwaysapps.com/yvuxeuwabq/public_html/app/Models/UserModel.php(154): CodeIgniter\Database\BaseBuilder->insert()
#5 /home/877186.cloudwaysapps.com/yvuxeuwabq/public_html/app/Controllers/Home.php(230): App\Models\UserModel->track_orders()
#6 /home/877186.cloudwaysapps.com/yvuxeuwabq/public_html/system/CodeIgniter.php(927): App\Controllers\Home->show_all_orders()
#7 /home/877186.cloudwaysapps.com/yvuxeuwabq/public_html/system/CodeIgniter.php(482): CodeIgniter\CodeIgniter->runController()
#8 /home/877186.cloudwaysapps.com/yvuxeuwabq/public_html/system/CodeIgniter.php(351): CodeIgniter\CodeIgniter->handleRequest()
#9 /home/877186.cloudwaysapps.com/yvuxeuwabq/public_html/public/index.php(67): CodeIgniter\CodeIgniter->run()
#10 {main}
ERROR - 2023-01-04 09:04:21 --> mysqli_sql_exception: Column 'product_sku' cannot be null in /home/877186.cloudwaysapps.com/yvuxeuwabq/public_html/system/Database/MySQLi/Connection.php:292
Stack trace:
#0 /home/877186.cloudwaysapps.com/yvuxeuwabq/public_html/system/Database/MySQLi/Connection.php(292): mysqli->query()
#1 /home/877186.cloudwaysapps.com/yvuxeuwabq/public_html/system/Database/BaseConnection.php(666): CodeIgniter\Database\MySQLi\Connection->execute()
#2 /home/877186.cloudwaysapps.com/yvuxeuwabq/public_html/system/Database/BaseConnection.php(593): CodeIgniter\Database\BaseConnection->simpleQuery()
#3 /home/877186.cloudwaysapps.com/yvuxeuwabq/public_html/system/Database/BaseBuilder.php(1916): CodeIgniter\Database\BaseConnection->query()
#4 /home/877186.cloudwaysapps.com/yvuxeuwabq/public_html/app/Models/UserModel.php(172): CodeIgniter\Database\BaseBuilder->insert()
#5 /home/877186.cloudwaysapps.com/yvuxeuwabq/public_html/app/Controllers/Home.php(249): App\Models\UserModel->track_orders_products()
#6 /home/877186.cloudwaysapps.com/yvuxeuwabq/public_html/system/CodeIgniter.php(927): App\Controllers\Home->show_all_orders()
#7 /home/877186.cloudwaysapps.com/yvuxeuwabq/public_html/system/CodeIgniter.php(482): CodeIgniter\CodeIgniter->runController()
#8 /home/877186.cloudwaysapps.com/yvuxeuwabq/public_html/system/CodeIgniter.php(351): CodeIgniter\CodeIgniter->handleRequest()
#9 /home/877186.cloudwaysapps.com/yvuxeuwabq/public_html/public/index.php(67): CodeIgniter\CodeIgniter->run()
#10 {main}
ERROR - 2023-01-04 09:04:21 --> mysqli_sql_exception: Column 'product_sku' cannot be null in /home/877186.cloudwaysapps.com/yvuxeuwabq/public_html/system/Database/MySQLi/Connection.php:292
Stack trace:
#0 /home/877186.cloudwaysapps.com/yvuxeuwabq/public_html/system/Database/MySQLi/Connection.php(292): mysqli->query()
#1 /home/877186.cloudwaysapps.com/yvuxeuwabq/public_html/system/Database/BaseConnection.php(666): CodeIgniter\Database\MySQLi\Connection->execute()
#2 /home/877186.cloudwaysapps.com/yvuxeuwabq/public_html/system/Database/BaseConnection.php(593): CodeIgniter\Database\BaseConnection->simpleQuery()
#3 /home/877186.cloudwaysapps.com/yvuxeuwabq/public_html/system/Database/BaseBuilder.php(1916): CodeIgniter\Database\BaseConnection->query()
#4 /home/877186.cloudwaysapps.com/yvuxeuwabq/public_html/app/Models/UserModel.php(172): CodeIgniter\Database\BaseBuilder->insert()
#5 /home/877186.cloudwaysapps.com/yvuxeuwabq/public_html/app/Controllers/Home.php(249): App\Models\UserModel->track_orders_products()
#6 /home/877186.cloudwaysapps.com/yvuxeuwabq/public_html/system/CodeIgniter.php(927): App\Controllers\Home->show_all_orders()
#7 /home/877186.cloudwaysapps.com/yvuxeuwabq/public_html/system/CodeIgniter.php(482): CodeIgniter\CodeIgniter->runController()
#8 /home/877186.cloudwaysapps.com/yvuxeuwabq/public_html/system/CodeIgniter.php(351): CodeIgniter\CodeIgniter->handleRequest()
#9 /home/877186.cloudwaysapps.com/yvuxeuwabq/public_html/public/index.php(67): CodeIgniter\CodeIgniter->run()
#10 {main}
ERROR - 2023-01-04 09:04:21 --> mysqli_sql_exception: Column 'product_sku' cannot be null in /home/877186.cloudwaysapps.com/yvuxeuwabq/public_html/system/Database/MySQLi/Connection.php:292
Stack trace:
#0 /home/877186.cloudwaysapps.com/yvuxeuwabq/public_html/system/Database/MySQLi/Connection.php(292): mysqli->query()
#1 /home/877186.cloudwaysapps.com/yvuxeuwabq/public_html/system/Database/BaseConnection.php(666): CodeIgniter\Database\MySQLi\Connection->execute()
#2 /home/877186.cloudwaysapps.com/yvuxeuwabq/public_html/system/Database/BaseConnection.php(593): CodeIgniter\Database\BaseConnection->simpleQuery()
#3 /home/877186.cloudwaysapps.com/yvuxeuwabq/public_html/system/Database/BaseBuilder.php(1916): CodeIgniter\Database\BaseConnection->query()
#4 /home/877186.cloudwaysapps.com/yvuxeuwabq/public_html/app/Models/UserModel.php(172): CodeIgniter\Database\BaseBuilder->insert()
#5 /home/877186.cloudwaysapps.com/yvuxeuwabq/public_html/app/Controllers/Home.php(249): App\Models\UserModel->track_orders_products()
#6 /home/877186.cloudwaysapps.com/yvuxeuwabq/public_html/system/CodeIgniter.php(927): App\Controllers\Home->show_all_orders()
#7 /home/877186.cloudwaysapps.com/yvuxeuwabq/public_html/system/CodeIgniter.php(482): CodeIgniter\CodeIgniter->runController()
#8 /home/877186.cloudwaysapps.com/yvuxeuwabq/public_html/system/CodeIgniter.php(351): CodeIgniter\CodeIgniter->handleRequest()
#9 /home/877186.cloudwaysapps.com/yvuxeuwabq/public_html/public/index.php(67): CodeIgniter\CodeIgniter->run()
#10 {main}
ERROR - 2023-01-04 09:04:21 --> mysqli_sql_exception: Column 'product_sku' cannot be null in /home/877186.cloudwaysapps.com/yvuxeuwabq/public_html/system/Database/MySQLi/Connection.php:292
Stack trace:
#0 /home/877186.cloudwaysapps.com/yvuxeuwabq/public_html/system/Database/MySQLi/Connection.php(292): mysqli->query()
#1 /home/877186.cloudwaysapps.com/yvuxeuwabq/public_html/system/Database/BaseConnection.php(666): CodeIgniter\Database\MySQLi\Connection->execute()
#2 /home/877186.cloudwaysapps.com/yvuxeuwabq/public_html/system/Database/BaseConnection.php(593): CodeIgniter\Database\BaseConnection->simpleQuery()
#3 /home/877186.cloudwaysapps.com/yvuxeuwabq/public_html/system/Database/BaseBuilder.php(1916): CodeIgniter\Database\BaseConnection->query()
#4 /home/877186.cloudwaysapps.com/yvuxeuwabq/public_html/app/Models/UserModel.php(172): CodeIgniter\Database\BaseBuilder->insert()
#5 /home/877186.cloudwaysapps.com/yvuxeuwabq/public_html/app/Controllers/Home.php(249): App\Models\UserModel->track_orders_products()
#6 /home/877186.cloudwaysapps.com/yvuxeuwabq/public_html/system/CodeIgniter.php(927): App\Controllers\Home->show_all_orders()
#7 /home/877186.cloudwaysapps.com/yvuxeuwabq/public_html/system/CodeIgniter.php(482): CodeIgniter\CodeIgniter->runController()
#8 /home/877186.cloudwaysapps.com/yvuxeuwabq/public_html/system/CodeIgniter.php(351): CodeIgniter\CodeIgniter->handleRequest()
#9 /home/877186.cloudwaysapps.com/yvuxeuwabq/public_html/public/index.php(67): CodeIgniter\CodeIgniter->run()
#10 {main}
ERROR - 2023-01-04 09:04:21 --> mysqli_sql_exception: Column 'product_sku' cannot be null in /home/877186.cloudwaysapps.com/yvuxeuwabq/public_html/system/Database/MySQLi/Connection.php:292
Stack trace:
#0 /home/877186.cloudwaysapps.com/yvuxeuwabq/public_html/system/Database/MySQLi/Connection.php(292): mysqli->query()
#1 /home/877186.cloudwaysapps.com/yvuxeuwabq/public_html/system/Database/BaseConnection.php(666): CodeIgniter\Database\MySQLi\Connection->execute()
#2 /home/877186.cloudwaysapps.com/yvuxeuwabq/public_html/system/Database/BaseConnection.php(593): CodeIgniter\Database\BaseConnection->simpleQuery()
#3 /home/877186.cloudwaysapps.com/yvuxeuwabq/public_html/system/Database/BaseBuilder.php(1916): CodeIgniter\Database\BaseConnection->query()
#4 /home/877186.cloudwaysapps.com/yvuxeuwabq/public_html/app/Models/UserModel.php(172): CodeIgniter\Database\BaseBuilder->insert()
#5 /home/877186.cloudwaysapps.com/yvuxeuwabq/public_html/app/Controllers/Home.php(249): App\Models\UserModel->track_orders_products()
#6 /home/877186.cloudwaysapps.com/yvuxeuwabq/public_html/system/CodeIgniter.php(927): App\Controllers\Home->show_all_orders()
#7 /home/877186.cloudwaysapps.com/yvuxeuwabq/public_html/system/CodeIgniter.php(482): CodeIgniter\CodeIgniter->runController()
#8 /home/877186.cloudwaysapps.com/yvuxeuwabq/public_html/system/CodeIgniter.php(351): CodeIgniter\CodeIgniter->handleRequest()
#9 /home/877186.cloudwaysapps.com/yvuxeuwabq/public_html/public/index.php(67): CodeIgniter\CodeIgniter->run()
#10 {main}
ERROR - 2023-01-04 09:04:21 --> mysqli_sql_exception: Column 'product_sku' cannot be null in /home/877186.cloudwaysapps.com/yvuxeuwabq/public_html/system/Database/MySQLi/Connection.php:292
Stack trace:
#0 /home/877186.cloudwaysapps.com/yvuxeuwabq/public_html/system/Database/MySQLi/Connection.php(292): mysqli->query()
#1 /home/877186.cloudwaysapps.com/yvuxeuwabq/public_html/system/Database/BaseConnection.php(666): CodeIgniter\Database\MySQLi\Connection->execute()
#2 /home/877186.cloudwaysapps.com/yvuxeuwabq/public_html/system/Database/BaseConnection.php(593): CodeIgniter\Database\BaseConnection->simpleQuery()
#3 /home/877186.cloudwaysapps.com/yvuxeuwabq/public_html/system/Database/BaseBuilder.php(1916): CodeIgniter\Database\BaseConnection->query()
#4 /home/877186.cloudwaysapps.com/yvuxeuwabq/public_html/app/Models/UserModel.php(172): CodeIgniter\Database\BaseBuilder->insert()
#5 /home/877186.cloudwaysapps.com/yvuxeuwabq/public_html/app/Controllers/Home.php(249): App\Models\UserModel->track_orders_products()
#6 /home/877186.cloudwaysapps.com/yvuxeuwabq/public_html/system/CodeIgniter.php(927): App\Controllers\Home->show_all_orders()
#7 /home/877186.cloudwaysapps.com/yvuxeuwabq/public_html/system/CodeIgniter.php(482): CodeIgniter\CodeIgniter->runController()
#8 /home/877186.cloudwaysapps.com/yvuxeuwabq/public_html/system/CodeIgniter.php(351): CodeIgniter\CodeIgniter->handleRequest()
#9 /home/877186.cloudwaysapps.com/yvuxeuwabq/public_html/public/index.php(67): CodeIgniter\CodeIgniter->run()
#10 {main}
ERROR - 2023-01-04 09:04:21 --> mysqli_sql_exception: Column 'product_sku' cannot be null in /home/877186.cloudwaysapps.com/yvuxeuwabq/public_html/system/Database/MySQLi/Connection.php:292
Stack trace:
#0 /home/877186.cloudwaysapps.com/yvuxeuwabq/public_html/system/Database/MySQLi/Connection.php(292): mysqli->query()
#1 /home/877186.cloudwaysapps.com/yvuxeuwabq/public_html/system/Database/BaseConnection.php(666): CodeIgniter\Database\MySQLi\Connection->execute()
#2 /home/877186.cloudwaysapps.com/yvuxeuwabq/public_html/system/Database/BaseConnection.php(593): CodeIgniter\Database\BaseConnection->simpleQuery()
#3 /home/877186.cloudwaysapps.com/yvuxeuwabq/public_html/system/Database/BaseBuilder.php(1916): CodeIgniter\Database\BaseConnection->query()
#4 /home/877186.cloudwaysapps.com/yvuxeuwabq/public_html/app/Models/UserModel.php(172): CodeIgniter\Database\BaseBuilder->insert()
#5 /home/877186.cloudwaysapps.com/yvuxeuwabq/public_html/app/Controllers/Home.php(249): App\Models\UserModel->track_orders_products()
#6 /home/877186.cloudwaysapps.com/yvuxeuwabq/public_html/system/CodeIgniter.php(927): App\Controllers\Home->show_all_orders()
#7 /home/877186.cloudwaysapps.com/yvuxeuwabq/public_html/system/CodeIgniter.php(482): CodeIgniter\CodeIgniter->runController()
#8 /home/877186.cloudwaysapps.com/yvuxeuwabq/public_html/system/CodeIgniter.php(351): CodeIgniter\CodeIgniter->handleRequest()
#9 /home/877186.cloudwaysapps.com/yvuxeuwabq/public_html/public/index.php(67): CodeIgniter\CodeIgniter->run()
#10 {main}
ERROR - 2023-01-04 09:04:21 --> mysqli_sql_exception: Column 'product_sku' cannot be null in /home/877186.cloudwaysapps.com/yvuxeuwabq/public_html/system/Database/MySQLi/Connection.php:292
Stack trace:
#0 /home/877186.cloudwaysapps.com/yvuxeuwabq/public_html/system/Database/MySQLi/Connection.php(292): mysqli->query()
#1 /home/877186.cloudwaysapps.com/yvuxeuwabq/public_html/system/Database/BaseConnection.php(666): CodeIgniter\Database\MySQLi\Connection->execute()
#2 /home/877186.cloudwaysapps.com/yvuxeuwabq/public_html/system/Database/BaseConnection.php(593): CodeIgniter\Database\BaseConnection->simpleQuery()
#3 /home/877186.cloudwaysapps.com/yvuxeuwabq/public_html/system/Database/BaseBuilder.php(1916): CodeIgniter\Database\BaseConnection->query()
#4 /home/877186.cloudwaysapps.com/yvuxeuwabq/public_html/app/Models/UserModel.php(172): CodeIgniter\Database\BaseBuilder->insert()
#5 /home/877186.cloudwaysapps.com/yvuxeuwabq/public_html/app/Controllers/Home.php(249): App\Models\UserModel->track_orders_products()
#6 /home/877186.cloudwaysapps.com/yvuxeuwabq/public_html/system/CodeIgniter.php(927): App\Controllers\Home->show_all_orders()
#7 /home/877186.cloudwaysapps.com/yvuxeuwabq/public_html/system/CodeIgniter.php(482): CodeIgniter\CodeIgniter->runController()
#8 /home/877186.cloudwaysapps.com/yvuxeuwabq/public_html/system/CodeIgniter.php(351): CodeIgniter\CodeIgniter->handleRequest()
#9 /home/877186.cloudwaysapps.com/yvuxeuwabq/public_html/public/index.php(67): CodeIgniter\CodeIgniter->run()
#10 {main}
ERROR - 2023-01-04 09:05:47 --> mysqli_sql_exception: Column 'product_sku' cannot be null in /home/877186.cloudwaysapps.com/yvuxeuwabq/public_html/system/Database/MySQLi/Connection.php:292
Stack trace:
#0 /home/877186.cloudwaysapps.com/yvuxeuwabq/public_html/system/Database/MySQLi/Connection.php(292): mysqli->query()
#1 /home/877186.cloudwaysapps.com/yvuxeuwabq/public_html/system/Database/BaseConnection.php(666): CodeIgniter\Database\MySQLi\Connection->execute()
#2 /home/877186.cloudwaysapps.com/yvuxeuwabq/public_html/system/Database/BaseConnection.php(593): CodeIgniter\Database\BaseConnection->simpleQuery()
#3 /home/877186.cloudwaysapps.com/yvuxeuwabq/public_html/system/Database/BaseBuilder.php(1916): CodeIgniter\Database\BaseConnection->query()
#4 /home/877186.cloudwaysapps.com/yvuxeuwabq/public_html/app/Models/UserModel.php(172): CodeIgniter\Database\BaseBuilder->insert()
#5 /home/877186.cloudwaysapps.com/yvuxeuwabq/public_html/app/Controllers/Home.php(249): App\Models\UserModel->track_orders_products()
#6 /home/877186.cloudwaysapps.com/yvuxeuwabq/public_html/system/CodeIgniter.php(927): App\Controllers\Home->show_all_orders()
#7 /home/877186.cloudwaysapps.com/yvuxeuwabq/public_html/system/CodeIgniter.php(482): CodeIgniter\CodeIgniter->runController()
#8 /home/877186.cloudwaysapps.com/yvuxeuwabq/public_html/system/CodeIgniter.php(351): CodeIgniter\CodeIgniter->handleRequest()
#9 /home/877186.cloudwaysapps.com/yvuxeuwabq/public_html/public/index.php(67): CodeIgniter\CodeIgniter->run()
#10 {main}
ERROR - 2023-01-04 09:05:47 --> mysqli_sql_exception: Column 'product_sku' cannot be null in /home/877186.cloudwaysapps.com/yvuxeuwabq/public_html/system/Database/MySQLi/Connection.php:292
Stack trace:
#0 /home/877186.cloudwaysapps.com/yvuxeuwabq/public_html/system/Database/MySQLi/Connection.php(292): mysqli->query()
#1 /home/877186.cloudwaysapps.com/yvuxeuwabq/public_html/system/Database/BaseConnection.php(666): CodeIgniter\Database\MySQLi\Connection->execute()
#2 /home/877186.cloudwaysapps.com/yvuxeuwabq/public_html/system/Database/BaseConnection.php(593): CodeIgniter\Database\BaseConnection->simpleQuery()
#3 /home/877186.cloudwaysapps.com/yvuxeuwabq/public_html/system/Database/BaseBuilder.php(1916): CodeIgniter\Database\BaseConnection->query()
#4 /home/877186.cloudwaysapps.com/yvuxeuwabq/public_html/app/Models/UserModel.php(172): CodeIgniter\Database\BaseBuilder->insert()
#5 /home/877186.cloudwaysapps.com/yvuxeuwabq/public_html/app/Controllers/Home.php(249): App\Models\UserModel->track_orders_products()
#6 /home/877186.cloudwaysapps.com/yvuxeuwabq/public_html/system/CodeIgniter.php(927): App\Controllers\Home->show_all_orders()
#7 /home/877186.cloudwaysapps.com/yvuxeuwabq/public_html/system/CodeIgniter.php(482): CodeIgniter\CodeIgniter->runController()
#8 /home/877186.cloudwaysapps.com/yvuxeuwabq/public_html/system/CodeIgniter.php(351): CodeIgniter\CodeIgniter->handleRequest()
#9 /home/877186.cloudwaysapps.com/yvuxeuwabq/public_html/public/index.php(67): CodeIgniter\CodeIgniter->run()
#10 {main}
ERROR - 2023-01-04 09:05:47 --> mysqli_sql_exception: Column 'product_sku' cannot be null in /home/877186.cloudwaysapps.com/yvuxeuwabq/public_html/system/Database/MySQLi/Connection.php:292
Stack trace:
#0 /home/877186.cloudwaysapps.com/yvuxeuwabq/public_html/system/Database/MySQLi/Connection.php(292): mysqli->query()
#1 /home/877186.cloudwaysapps.com/yvuxeuwabq/public_html/system/Database/BaseConnection.php(666): CodeIgniter\Database\MySQLi\Connection->execute()
#2 /home/877186.cloudwaysapps.com/yvuxeuwabq/public_html/system/Database/BaseConnection.php(593): CodeIgniter\Database\BaseConnection->simpleQuery()
#3 /home/877186.cloudwaysapps.com/yvuxeuwabq/public_html/system/Database/BaseBuilder.php(1916): CodeIgniter\Database\BaseConnection->query()
#4 /home/877186.cloudwaysapps.com/yvuxeuwabq/public_html/app/Models/UserModel.php(172): CodeIgniter\Database\BaseBuilder->insert()
#5 /home/877186.cloudwaysapps.com/yvuxeuwabq/public_html/app/Controllers/Home.php(249): App\Models\UserModel->track_orders_products()
#6 /home/877186.cloudwaysapps.com/yvuxeuwabq/public_html/system/CodeIgniter.php(927): App\Controllers\Home->show_all_orders()
#7 /home/877186.cloudwaysapps.com/yvuxeuwabq/public_html/system/CodeIgniter.php(482): CodeIgniter\CodeIgniter->runController()
#8 /home/877186.cloudwaysapps.com/yvuxeuwabq/public_html/system/CodeIgniter.php(351): CodeIgniter\CodeIgniter->handleRequest()
#9 /home/877186.cloudwaysapps.com/yvuxeuwabq/public_html/public/index.php(67): CodeIgniter\CodeIgniter->run()
#10 {main}
ERROR - 2023-01-04 09:05:47 --> mysqli_sql_exception: Column 'product_sku' cannot be null in /home/877186.cloudwaysapps.com/yvuxeuwabq/public_html/system/Database/MySQLi/Connection.php:292
Stack trace:
#0 /home/877186.cloudwaysapps.com/yvuxeuwabq/public_html/system/Database/MySQLi/Connection.php(292): mysqli->query()
#1 /home/877186.cloudwaysapps.com/yvuxeuwabq/public_html/system/Database/BaseConnection.php(666): CodeIgniter\Database\MySQLi\Connection->execute()
#2 /home/877186.cloudwaysapps.com/yvuxeuwabq/public_html/system/Database/BaseConnection.php(593): CodeIgniter\Database\BaseConnection->simpleQuery()
#3 /home/877186.cloudwaysapps.com/yvuxeuwabq/public_html/system/Database/BaseBuilder.php(1916): CodeIgniter\Database\BaseConnection->query()
#4 /home/877186.cloudwaysapps.com/yvuxeuwabq/public_html/app/Models/UserModel.php(172): CodeIgniter\Database\BaseBuilder->insert()
#5 /home/877186.cloudwaysapps.com/yvuxeuwabq/public_html/app/Controllers/Home.php(249): App\Models\UserModel->track_orders_products()
#6 /home/877186.cloudwaysapps.com/yvuxeuwabq/public_html/system/CodeIgniter.php(927): App\Controllers\Home->show_all_orders()
#7 /home/877186.cloudwaysapps.com/yvuxeuwabq/public_html/system/CodeIgniter.php(482): CodeIgniter\CodeIgniter->runController()
#8 /home/877186.cloudwaysapps.com/yvuxeuwabq/public_html/system/CodeIgniter.php(351): CodeIgniter\CodeIgniter->handleRequest()
#9 /home/877186.cloudwaysapps.com/yvuxeuwabq/public_html/public/index.php(67): CodeIgniter\CodeIgniter->run()
#10 {main}
ERROR - 2023-01-04 09:05:47 --> mysqli_sql_exception: Column 'product_sku' cannot be null in /home/877186.cloudwaysapps.com/yvuxeuwabq/public_html/system/Database/MySQLi/Connection.php:292
Stack trace:
#0 /home/877186.cloudwaysapps.com/yvuxeuwabq/public_html/system/Database/MySQLi/Connection.php(292): mysqli->query()
#1 /home/877186.cloudwaysapps.com/yvuxeuwabq/public_html/system/Database/BaseConnection.php(666): CodeIgniter\Database\MySQLi\Connection->execute()
#2 /home/877186.cloudwaysapps.com/yvuxeuwabq/public_html/system/Database/BaseConnection.php(593): CodeIgniter\Database\BaseConnection->simpleQuery()
#3 /home/877186.cloudwaysapps.com/yvuxeuwabq/public_html/system/Database/BaseBuilder.php(1916): CodeIgniter\Database\BaseConnection->query()
#4 /home/877186.cloudwaysapps.com/yvuxeuwabq/public_html/app/Models/UserModel.php(172): CodeIgniter\Database\BaseBuilder->insert()
#5 /home/877186.cloudwaysapps.com/yvuxeuwabq/public_html/app/Controllers/Home.php(249): App\Models\UserModel->track_orders_products()
#6 /home/877186.cloudwaysapps.com/yvuxeuwabq/public_html/system/CodeIgniter.php(927): App\Controllers\Home->show_all_orders()
#7 /home/877186.cloudwaysapps.com/yvuxeuwabq/public_html/system/CodeIgniter.php(482): CodeIgniter\CodeIgniter->runController()
#8 /home/877186.cloudwaysapps.com/yvuxeuwabq/public_html/system/CodeIgniter.php(351): CodeIgniter\CodeIgniter->handleRequest()
#9 /home/877186.cloudwaysapps.com/yvuxeuwabq/public_html/public/index.php(67): CodeIgniter\CodeIgniter->run()
#10 {main}
ERROR - 2023-01-04 09:05:47 --> mysqli_sql_exception: Column 'product_sku' cannot be null in /home/877186.cloudwaysapps.com/yvuxeuwabq/public_html/system/Database/MySQLi/Connection.php:292
Stack trace:
#0 /home/877186.cloudwaysapps.com/yvuxeuwabq/public_html/system/Database/MySQLi/Connection.php(292): mysqli->query()
#1 /home/877186.cloudwaysapps.com/yvuxeuwabq/public_html/system/Database/BaseConnection.php(666): CodeIgniter\Database\MySQLi\Connection->execute()
#2 /home/877186.cloudwaysapps.com/yvuxeuwabq/public_html/system/Database/BaseConnection.php(593): CodeIgniter\Database\BaseConnection->simpleQuery()
#3 /home/877186.cloudwaysapps.com/yvuxeuwabq/public_html/system/Database/BaseBuilder.php(1916): CodeIgniter\Database\BaseConnection->query()
#4 /home/877186.cloudwaysapps.com/yvuxeuwabq/public_html/app/Models/UserModel.php(172): CodeIgniter\Database\BaseBuilder->insert()
#5 /home/877186.cloudwaysapps.com/yvuxeuwabq/public_html/app/Controllers/Home.php(249): App\Models\UserModel->track_orders_products()
#6 /home/877186.cloudwaysapps.com/yvuxeuwabq/public_html/system/CodeIgniter.php(927): App\Controllers\Home->show_all_orders()
#7 /home/877186.cloudwaysapps.com/yvuxeuwabq/public_html/system/CodeIgniter.php(482): CodeIgniter\CodeIgniter->runController()
#8 /home/877186.cloudwaysapps.com/yvuxeuwabq/public_html/system/CodeIgniter.php(351): CodeIgniter\CodeIgniter->handleRequest()
#9 /home/877186.cloudwaysapps.com/yvuxeuwabq/public_html/public/index.php(67): CodeIgniter\CodeIgniter->run()
#10 {main}
ERROR - 2023-01-04 09:05:47 --> mysqli_sql_exception: Column 'email' cannot be null in /home/877186.cloudwaysapps.com/yvuxeuwabq/public_html/system/Database/MySQLi/Connection.php:292
Stack trace:
#0 /home/877186.cloudwaysapps.com/yvuxeuwabq/public_html/system/Database/MySQLi/Connection.php(292): mysqli->query()
#1 /home/877186.cloudwaysapps.com/yvuxeuwabq/public_html/system/Database/BaseConnection.php(666): CodeIgniter\Database\MySQLi\Connection->execute()
#2 /home/877186.cloudwaysapps.com/yvuxeuwabq/public_html/system/Database/BaseConnection.php(593): CodeIgniter\Database\BaseConnection->simpleQuery()
#3 /home/877186.cloudwaysapps.com/yvuxeuwabq/public_html/system/Database/BaseBuilder.php(1916): CodeIgniter\Database\BaseConnection->query()
#4 /home/877186.cloudwaysapps.com/yvuxeuwabq/public_html/app/Models/UserModel.php(154): CodeIgniter\Database\BaseBuilder->insert()
#5 /home/877186.cloudwaysapps.com/yvuxeuwabq/public_html/app/Controllers/Home.php(230): App\Models\UserModel->track_orders()
#6 /home/877186.cloudwaysapps.com/yvuxeuwabq/public_html/system/CodeIgniter.php(927): App\Controllers\Home->show_all_orders()
#7 /home/877186.cloudwaysapps.com/yvuxeuwabq/public_html/system/CodeIgniter.php(482): CodeIgniter\CodeIgniter->runController()
#8 /home/877186.cloudwaysapps.com/yvuxeuwabq/public_html/system/CodeIgniter.php(351): CodeIgniter\CodeIgniter->handleRequest()
#9 /home/877186.cloudwaysapps.com/yvuxeuwabq/public_html/public/index.php(67): CodeIgniter\CodeIgniter->run()
#10 {main}
ERROR - 2023-01-04 09:05:47 --> mysqli_sql_exception: Column 'product_sku' cannot be null in /home/877186.cloudwaysapps.com/yvuxeuwabq/public_html/system/Database/MySQLi/Connection.php:292
Stack trace:
#0 /home/877186.cloudwaysapps.com/yvuxeuwabq/public_html/system/Database/MySQLi/Connection.php(292): mysqli->query()
#1 /home/877186.cloudwaysapps.com/yvuxeuwabq/public_html/system/Database/BaseConnection.php(666): CodeIgniter\Database\MySQLi\Connection->execute()
#2 /home/877186.cloudwaysapps.com/yvuxeuwabq/public_html/system/Database/BaseConnection.php(593): CodeIgniter\Database\BaseConnection->simpleQuery()
#3 /home/877186.cloudwaysapps.com/yvuxeuwabq/public_html/system/Database/BaseBuilder.php(1916): CodeIgniter\Database\BaseConnection->query()
#4 /home/877186.cloudwaysapps.com/yvuxeuwabq/public_html/app/Models/UserModel.php(172): CodeIgniter\Database\BaseBuilder->insert()
#5 /home/877186.cloudwaysapps.com/yvuxeuwabq/public_html/app/Controllers/Home.php(249): App\Models\UserModel->track_orders_products()
#6 /home/877186.cloudwaysapps.com/yvuxeuwabq/public_html/system/CodeIgniter.php(927): App\Controllers\Home->show_all_orders()
#7 /home/877186.cloudwaysapps.com/yvuxeuwabq/public_html/system/CodeIgniter.php(482): CodeIgniter\CodeIgniter->runController()
#8 /home/877186.cloudwaysapps.com/yvuxeuwabq/public_html/system/CodeIgniter.php(351): CodeIgniter\CodeIgniter->handleRequest()
#9 /home/877186.cloudwaysapps.com/yvuxeuwabq/public_html/public/index.php(67): CodeIgniter\CodeIgniter->run()
#10 {main}
ERROR - 2023-01-04 09:05:47 --> mysqli_sql_exception: Column 'product_sku' cannot be null in /home/877186.cloudwaysapps.com/yvuxeuwabq/public_html/system/Database/MySQLi/Connection.php:292
Stack trace:
#0 /home/877186.cloudwaysapps.com/yvuxeuwabq/public_html/system/Database/MySQLi/Connection.php(292): mysqli->query()
#1 /home/877186.cloudwaysapps.com/yvuxeuwabq/public_html/system/Database/BaseConnection.php(666): CodeIgniter\Database\MySQLi\Connection->execute()
#2 /home/877186.cloudwaysapps.com/yvuxeuwabq/public_html/system/Database/BaseConnection.php(593): CodeIgniter\Database\BaseConnection->simpleQuery()
#3 /home/877186.cloudwaysapps.com/yvuxeuwabq/public_html/system/Database/BaseBuilder.php(1916): CodeIgniter\Database\BaseConnection->query()
#4 /home/877186.cloudwaysapps.com/yvuxeuwabq/public_html/app/Models/UserModel.php(172): CodeIgniter\Database\BaseBuilder->insert()
#5 /home/877186.cloudwaysapps.com/yvuxeuwabq/public_html/app/Controllers/Home.php(249): App\Models\UserModel->track_orders_products()
#6 /home/877186.cloudwaysapps.com/yvuxeuwabq/public_html/system/CodeIgniter.php(927): App\Controllers\Home->show_all_orders()
#7 /home/877186.cloudwaysapps.com/yvuxeuwabq/public_html/system/CodeIgniter.php(482): CodeIgniter\CodeIgniter->runController()
#8 /home/877186.cloudwaysapps.com/yvuxeuwabq/public_html/system/CodeIgniter.php(351): CodeIgniter\CodeIgniter->handleRequest()
#9 /home/877186.cloudwaysapps.com/yvuxeuwabq/public_html/public/index.php(67): CodeIgniter\CodeIgniter->run()
#10 {main}
ERROR - 2023-01-04 09:05:47 --> mysqli_sql_exception: Column 'product_sku' cannot be null in /home/877186.cloudwaysapps.com/yvuxeuwabq/public_html/system/Database/MySQLi/Connection.php:292
Stack trace:
#0 /home/877186.cloudwaysapps.com/yvuxeuwabq/public_html/system/Database/MySQLi/Connection.php(292): mysqli->query()
#1 /home/877186.cloudwaysapps.com/yvuxeuwabq/public_html/system/Database/BaseConnection.php(666): CodeIgniter\Database\MySQLi\Connection->execute()
#2 /home/877186.cloudwaysapps.com/yvuxeuwabq/public_html/system/Database/BaseConnection.php(593): CodeIgniter\Database\BaseConnection->simpleQuery()
#3 /home/877186.cloudwaysapps.com/yvuxeuwabq/public_html/system/Database/BaseBuilder.php(1916): CodeIgniter\Database\BaseConnection->query()
#4 /home/877186.cloudwaysapps.com/yvuxeuwabq/public_html/app/Models/UserModel.php(172): CodeIgniter\Database\BaseBuilder->insert()
#5 /home/877186.cloudwaysapps.com/yvuxeuwabq/public_html/app/Controllers/Home.php(249): App\Models\UserModel->track_orders_products()
#6 /home/877186.cloudwaysapps.com/yvuxeuwabq/public_html/system/CodeIgniter.php(927): App\Controllers\Home->show_all_orders()
#7 /home/877186.cloudwaysapps.com/yvuxeuwabq/public_html/system/CodeIgniter.php(482): CodeIgniter\CodeIgniter->runController()
#8 /home/877186.cloudwaysapps.com/yvuxeuwabq/public_html/system/CodeIgniter.php(351): CodeIgniter\CodeIgniter->handleRequest()
#9 /home/877186.cloudwaysapps.com/yvuxeuwabq/public_html/public/index.php(67): CodeIgniter\CodeIgniter->run()
#10 {main}
ERROR - 2023-01-04 09:05:47 --> mysqli_sql_exception: Column 'product_sku' cannot be null in /home/877186.cloudwaysapps.com/yvuxeuwabq/public_html/system/Database/MySQLi/Connection.php:292
Stack trace:
#0 /home/877186.cloudwaysapps.com/yvuxeuwabq/public_html/system/Database/MySQLi/Connection.php(292): mysqli->query()
#1 /home/877186.cloudwaysapps.com/yvuxeuwabq/public_html/system/Database/BaseConnection.php(666): CodeIgniter\Database\MySQLi\Connection->execute()
#2 /home/877186.cloudwaysapps.com/yvuxeuwabq/public_html/system/Database/BaseConnection.php(593): CodeIgniter\Database\BaseConnection->simpleQuery()
#3 /home/877186.cloudwaysapps.com/yvuxeuwabq/public_html/system/Database/BaseBuilder.php(1916): CodeIgniter\Database\BaseConnection->query()
#4 /home/877186.cloudwaysapps.com/yvuxeuwabq/public_html/app/Models/UserModel.php(172): CodeIgniter\Database\BaseBuilder->insert()
#5 /home/877186.cloudwaysapps.com/yvuxeuwabq/public_html/app/Controllers/Home.php(249): App\Models\UserModel->track_orders_products()
#6 /home/877186.cloudwaysapps.com/yvuxeuwabq/public_html/system/CodeIgniter.php(927): App\Controllers\Home->show_all_orders()
#7 /home/877186.cloudwaysapps.com/yvuxeuwabq/public_html/system/CodeIgniter.php(482): CodeIgniter\CodeIgniter->runController()
#8 /home/877186.cloudwaysapps.com/yvuxeuwabq/public_html/system/CodeIgniter.php(351): CodeIgniter\CodeIgniter->handleRequest()
#9 /home/877186.cloudwaysapps.com/yvuxeuwabq/public_html/public/index.php(67): CodeIgniter\CodeIgniter->run()
#10 {main}
ERROR - 2023-01-04 09:05:47 --> mysqli_sql_exception: Column 'product_sku' cannot be null in /home/877186.cloudwaysapps.com/yvuxeuwabq/public_html/system/Database/MySQLi/Connection.php:292
Stack trace:
#0 /home/877186.cloudwaysapps.com/yvuxeuwabq/public_html/system/Database/MySQLi/Connection.php(292): mysqli->query()
#1 /home/877186.cloudwaysapps.com/yvuxeuwabq/public_html/system/Database/BaseConnection.php(666): CodeIgniter\Database\MySQLi\Connection->execute()
#2 /home/877186.cloudwaysapps.com/yvuxeuwabq/public_html/system/Database/BaseConnection.php(593): CodeIgniter\Database\BaseConnection->simpleQuery()
#3 /home/877186.cloudwaysapps.com/yvuxeuwabq/public_html/system/Database/BaseBuilder.php(1916): CodeIgniter\Database\BaseConnection->query()
#4 /home/877186.cloudwaysapps.com/yvuxeuwabq/public_html/app/Models/UserModel.php(172): CodeIgniter\Database\BaseBuilder->insert()
#5 /home/877186.cloudwaysapps.com/yvuxeuwabq/public_html/app/Controllers/Home.php(249): App\Models\UserModel->track_orders_products()
#6 /home/877186.cloudwaysapps.com/yvuxeuwabq/public_html/system/CodeIgniter.php(927): App\Controllers\Home->show_all_orders()
#7 /home/877186.cloudwaysapps.com/yvuxeuwabq/public_html/system/CodeIgniter.php(482): CodeIgniter\CodeIgniter->runController()
#8 /home/877186.cloudwaysapps.com/yvuxeuwabq/public_html/system/CodeIgniter.php(351): CodeIgniter\CodeIgniter->handleRequest()
#9 /home/877186.cloudwaysapps.com/yvuxeuwabq/public_html/public/index.php(67): CodeIgniter\CodeIgniter->run()
#10 {main}
ERROR - 2023-01-04 09:05:47 --> mysqli_sql_exception: Column 'product_sku' cannot be null in /home/877186.cloudwaysapps.com/yvuxeuwabq/public_html/system/Database/MySQLi/Connection.php:292
Stack trace:
#0 /home/877186.cloudwaysapps.com/yvuxeuwabq/public_html/system/Database/MySQLi/Connection.php(292): mysqli->query()
#1 /home/877186.cloudwaysapps.com/yvuxeuwabq/public_html/system/Database/BaseConnection.php(666): CodeIgniter\Database\MySQLi\Connection->execute()
#2 /home/877186.cloudwaysapps.com/yvuxeuwabq/public_html/system/Database/BaseConnection.php(593): CodeIgniter\Database\BaseConnection->simpleQuery()
#3 /home/877186.cloudwaysapps.com/yvuxeuwabq/public_html/system/Database/BaseBuilder.php(1916): CodeIgniter\Database\BaseConnection->query()
#4 /home/877186.cloudwaysapps.com/yvuxeuwabq/public_html/app/Models/UserModel.php(172): CodeIgniter\Database\BaseBuilder->insert()
#5 /home/877186.cloudwaysapps.com/yvuxeuwabq/public_html/app/Controllers/Home.php(249): App\Models\UserModel->track_orders_products()
#6 /home/877186.cloudwaysapps.com/yvuxeuwabq/public_html/system/CodeIgniter.php(927): App\Controllers\Home->show_all_orders()
#7 /home/877186.cloudwaysapps.com/yvuxeuwabq/public_html/system/CodeIgniter.php(482): CodeIgniter\CodeIgniter->runController()
#8 /home/877186.cloudwaysapps.com/yvuxeuwabq/public_html/system/CodeIgniter.php(351): CodeIgniter\CodeIgniter->handleRequest()
#9 /home/877186.cloudwaysapps.com/yvuxeuwabq/public_html/public/index.php(67): CodeIgniter\CodeIgniter->run()
#10 {main}
ERROR - 2023-01-04 09:05:47 --> mysqli_sql_exception: Column 'product_sku' cannot be null in /home/877186.cloudwaysapps.com/yvuxeuwabq/public_html/system/Database/MySQLi/Connection.php:292
Stack trace:
#0 /home/877186.cloudwaysapps.com/yvuxeuwabq/public_html/system/Database/MySQLi/Connection.php(292): mysqli->query()
#1 /home/877186.cloudwaysapps.com/yvuxeuwabq/public_html/system/Database/BaseConnection.php(666): CodeIgniter\Database\MySQLi\Connection->execute()
#2 /home/877186.cloudwaysapps.com/yvuxeuwabq/public_html/system/Database/BaseConnection.php(593): CodeIgniter\Database\BaseConnection->simpleQuery()
#3 /home/877186.cloudwaysapps.com/yvuxeuwabq/public_html/system/Database/BaseBuilder.php(1916): CodeIgniter\Database\BaseConnection->query()
#4 /home/877186.cloudwaysapps.com/yvuxeuwabq/public_html/app/Models/UserModel.php(172): CodeIgniter\Database\BaseBuilder->insert()
#5 /home/877186.cloudwaysapps.com/yvuxeuwabq/public_html/app/Controllers/Home.php(249): App\Models\UserModel->track_orders_products()
#6 /home/877186.cloudwaysapps.com/yvuxeuwabq/public_html/system/CodeIgniter.php(927): App\Controllers\Home->show_all_orders()
#7 /home/877186.cloudwaysapps.com/yvuxeuwabq/public_html/system/CodeIgniter.php(482): CodeIgniter\CodeIgniter->runController()
#8 /home/877186.cloudwaysapps.com/yvuxeuwabq/public_html/system/CodeIgniter.php(351): CodeIgniter\CodeIgniter->handleRequest()
#9 /home/877186.cloudwaysapps.com/yvuxeuwabq/public_html/public/index.php(67): CodeIgniter\CodeIgniter->run()
#10 {main}
ERROR - 2023-01-04 09:05:47 --> mysqli_sql_exception: Column 'product_sku' cannot be null in /home/877186.cloudwaysapps.com/yvuxeuwabq/public_html/system/Database/MySQLi/Connection.php:292
Stack trace:
#0 /home/877186.cloudwaysapps.com/yvuxeuwabq/public_html/system/Database/MySQLi/Connection.php(292): mysqli->query()
#1 /home/877186.cloudwaysapps.com/yvuxeuwabq/public_html/system/Database/BaseConnection.php(666): CodeIgniter\Database\MySQLi\Connection->execute()
#2 /home/877186.cloudwaysapps.com/yvuxeuwabq/public_html/system/Database/BaseConnection.php(593): CodeIgniter\Database\BaseConnection->simpleQuery()
#3 /home/877186.cloudwaysapps.com/yvuxeuwabq/public_html/system/Database/BaseBuilder.php(1916): CodeIgniter\Database\BaseConnection->query()
#4 /home/877186.cloudwaysapps.com/yvuxeuwabq/public_html/app/Models/UserModel.php(172): CodeIgniter\Database\BaseBuilder->insert()
#5 /home/877186.cloudwaysapps.com/yvuxeuwabq/public_html/app/Controllers/Home.php(249): App\Models\UserModel->track_orders_products()
#6 /home/877186.cloudwaysapps.com/yvuxeuwabq/public_html/system/CodeIgniter.php(927): App\Controllers\Home->show_all_orders()
#7 /home/877186.cloudwaysapps.com/yvuxeuwabq/public_html/system/CodeIgniter.php(482): CodeIgniter\CodeIgniter->runController()
#8 /home/877186.cloudwaysapps.com/yvuxeuwabq/public_html/system/CodeIgniter.php(351): CodeIgniter\CodeIgniter->handleRequest()
#9 /home/877186.cloudwaysapps.com/yvuxeuwabq/public_html/public/index.php(67): CodeIgniter\CodeIgniter->run()
#10 {main}
ERROR - 2023-01-04 09:35:28 --> mysqli_sql_exception: Column 'product_sku' cannot be null in /home/877186.cloudwaysapps.com/yvuxeuwabq/public_html/system/Database/MySQLi/Connection.php:292
Stack trace:
#0 /home/877186.cloudwaysapps.com/yvuxeuwabq/public_html/system/Database/MySQLi/Connection.php(292): mysqli->query()
#1 /home/877186.cloudwaysapps.com/yvuxeuwabq/public_html/system/Database/BaseConnection.php(666): CodeIgniter\Database\MySQLi\Connection->execute()
#2 /home/877186.cloudwaysapps.com/yvuxeuwabq/public_html/system/Database/BaseConnection.php(593): CodeIgniter\Database\BaseConnection->simpleQuery()
#3 /home/877186.cloudwaysapps.com/yvuxeuwabq/public_html/system/Database/BaseBuilder.php(1916): CodeIgniter\Database\BaseConnection->query()
#4 /home/877186.cloudwaysapps.com/yvuxeuwabq/public_html/app/Models/UserModel.php(172): CodeIgniter\Database\BaseBuilder->insert()
#5 /home/877186.cloudwaysapps.com/yvuxeuwabq/public_html/app/Controllers/Home.php(260): App\Models\UserModel->track_orders_products()
#6 /home/877186.cloudwaysapps.com/yvuxeuwabq/public_html/system/CodeIgniter.php(927): App\Controllers\Home->show_all_orders()
#7 /home/877186.cloudwaysapps.com/yvuxeuwabq/public_html/system/CodeIgniter.php(482): CodeIgniter\CodeIgniter->runController()
#8 /home/877186.cloudwaysapps.com/yvuxeuwabq/public_html/system/CodeIgniter.php(351): CodeIgniter\CodeIgniter->handleRequest()
#9 /home/877186.cloudwaysapps.com/yvuxeuwabq/public_html/public/index.php(67): CodeIgniter\CodeIgniter->run()
#10 {main}
ERROR - 2023-01-04 09:35:28 --> mysqli_sql_exception: Column 'product_sku' cannot be null in /home/877186.cloudwaysapps.com/yvuxeuwabq/public_html/system/Database/MySQLi/Connection.php:292
Stack trace:
#0 /home/877186.cloudwaysapps.com/yvuxeuwabq/public_html/system/Database/MySQLi/Connection.php(292): mysqli->query()
#1 /home/877186.cloudwaysapps.com/yvuxeuwabq/public_html/system/Database/BaseConnection.php(666): CodeIgniter\Database\MySQLi\Connection->execute()
#2 /home/877186.cloudwaysapps.com/yvuxeuwabq/public_html/system/Database/BaseConnection.php(593): CodeIgniter\Database\BaseConnection->simpleQuery()
#3 /home/877186.cloudwaysapps.com/yvuxeuwabq/public_html/system/Database/BaseBuilder.php(1916): CodeIgniter\Database\BaseConnection->query()
#4 /home/877186.cloudwaysapps.com/yvuxeuwabq/public_html/app/Models/UserModel.php(172): CodeIgniter\Database\BaseBuilder->insert()
#5 /home/877186.cloudwaysapps.com/yvuxeuwabq/public_html/app/Controllers/Home.php(260): App\Models\UserModel->track_orders_products()
#6 /home/877186.cloudwaysapps.com/yvuxeuwabq/public_html/system/CodeIgniter.php(927): App\Controllers\Home->show_all_orders()
#7 /home/877186.cloudwaysapps.com/yvuxeuwabq/public_html/system/CodeIgniter.php(482): CodeIgniter\CodeIgniter->runController()
#8 /home/877186.cloudwaysapps.com/yvuxeuwabq/public_html/system/CodeIgniter.php(351): CodeIgniter\CodeIgniter->handleRequest()
#9 /home/877186.cloudwaysapps.com/yvuxeuwabq/public_html/public/index.php(67): CodeIgniter\CodeIgniter->run()
#10 {main}
ERROR - 2023-01-04 09:35:28 --> mysqli_sql_exception: Column 'product_sku' cannot be null in /home/877186.cloudwaysapps.com/yvuxeuwabq/public_html/system/Database/MySQLi/Connection.php:292
Stack trace:
#0 /home/877186.cloudwaysapps.com/yvuxeuwabq/public_html/system/Database/MySQLi/Connection.php(292): mysqli->query()
#1 /home/877186.cloudwaysapps.com/yvuxeuwabq/public_html/system/Database/BaseConnection.php(666): CodeIgniter\Database\MySQLi\Connection->execute()
#2 /home/877186.cloudwaysapps.com/yvuxeuwabq/public_html/system/Database/BaseConnection.php(593): CodeIgniter\Database\BaseConnection->simpleQuery()
#3 /home/877186.cloudwaysapps.com/yvuxeuwabq/public_html/system/Database/BaseBuilder.php(1916): CodeIgniter\Database\BaseConnection->query()
#4 /home/877186.cloudwaysapps.com/yvuxeuwabq/public_html/app/Models/UserModel.php(172): CodeIgniter\Database\BaseBuilder->insert()
#5 /home/877186.cloudwaysapps.com/yvuxeuwabq/public_html/app/Controllers/Home.php(260): App\Models\UserModel->track_orders_products()
#6 /home/877186.cloudwaysapps.com/yvuxeuwabq/public_html/system/CodeIgniter.php(927): App\Controllers\Home->show_all_orders()
#7 /home/877186.cloudwaysapps.com/yvuxeuwabq/public_html/system/CodeIgniter.php(482): CodeIgniter\CodeIgniter->runController()
#8 /home/877186.cloudwaysapps.com/yvuxeuwabq/public_html/system/CodeIgniter.php(351): CodeIgniter\CodeIgniter->handleRequest()
#9 /home/877186.cloudwaysapps.com/yvuxeuwabq/public_html/public/index.php(67): CodeIgniter\CodeIgniter->run()
#10 {main}
ERROR - 2023-01-04 09:35:28 --> mysqli_sql_exception: Column 'product_sku' cannot be null in /home/877186.cloudwaysapps.com/yvuxeuwabq/public_html/system/Database/MySQLi/Connection.php:292
Stack trace:
#0 /home/877186.cloudwaysapps.com/yvuxeuwabq/public_html/system/Database/MySQLi/Connection.php(292): mysqli->query()
#1 /home/877186.cloudwaysapps.com/yvuxeuwabq/public_html/system/Database/BaseConnection.php(666): CodeIgniter\Database\MySQLi\Connection->execute()
#2 /home/877186.cloudwaysapps.com/yvuxeuwabq/public_html/system/Database/BaseConnection.php(593): CodeIgniter\Database\BaseConnection->simpleQuery()
#3 /home/877186.cloudwaysapps.com/yvuxeuwabq/public_html/system/Database/BaseBuilder.php(1916): CodeIgniter\Database\BaseConnection->query()
#4 /home/877186.cloudwaysapps.com/yvuxeuwabq/public_html/app/Models/UserModel.php(172): CodeIgniter\Database\BaseBuilder->insert()
#5 /home/877186.cloudwaysapps.com/yvuxeuwabq/public_html/app/Controllers/Home.php(260): App\Models\UserModel->track_orders_products()
#6 /home/877186.cloudwaysapps.com/yvuxeuwabq/public_html/system/CodeIgniter.php(927): App\Controllers\Home->show_all_orders()
#7 /home/877186.cloudwaysapps.com/yvuxeuwabq/public_html/system/CodeIgniter.php(482): CodeIgniter\CodeIgniter->runController()
#8 /home/877186.cloudwaysapps.com/yvuxeuwabq/public_html/system/CodeIgniter.php(351): CodeIgniter\CodeIgniter->handleRequest()
#9 /home/877186.cloudwaysapps.com/yvuxeuwabq/public_html/public/index.php(67): CodeIgniter\CodeIgniter->run()
#10 {main}
ERROR - 2023-01-04 09:35:28 --> mysqli_sql_exception: Column 'product_sku' cannot be null in /home/877186.cloudwaysapps.com/yvuxeuwabq/public_html/system/Database/MySQLi/Connection.php:292
Stack trace:
#0 /home/877186.cloudwaysapps.com/yvuxeuwabq/public_html/system/Database/MySQLi/Connection.php(292): mysqli->query()
#1 /home/877186.cloudwaysapps.com/yvuxeuwabq/public_html/system/Database/BaseConnection.php(666): CodeIgniter\Database\MySQLi\Connection->execute()
#2 /home/877186.cloudwaysapps.com/yvuxeuwabq/public_html/system/Database/BaseConnection.php(593): CodeIgniter\Database\BaseConnection->simpleQuery()
#3 /home/877186.cloudwaysapps.com/yvuxeuwabq/public_html/system/Database/BaseBuilder.php(1916): CodeIgniter\Database\BaseConnection->query()
#4 /home/877186.cloudwaysapps.com/yvuxeuwabq/public_html/app/Models/UserModel.php(172): CodeIgniter\Database\BaseBuilder->insert()
#5 /home/877186.cloudwaysapps.com/yvuxeuwabq/public_html/app/Controllers/Home.php(260): App\Models\UserModel->track_orders_products()
#6 /home/877186.cloudwaysapps.com/yvuxeuwabq/public_html/system/CodeIgniter.php(927): App\Controllers\Home->show_all_orders()
#7 /home/877186.cloudwaysapps.com/yvuxeuwabq/public_html/system/CodeIgniter.php(482): CodeIgniter\CodeIgniter->runController()
#8 /home/877186.cloudwaysapps.com/yvuxeuwabq/public_html/system/CodeIgniter.php(351): CodeIgniter\CodeIgniter->handleRequest()
#9 /home/877186.cloudwaysapps.com/yvuxeuwabq/public_html/public/index.php(67): CodeIgniter\CodeIgniter->run()
#10 {main}
ERROR - 2023-01-04 09:35:28 --> mysqli_sql_exception: Column 'product_sku' cannot be null in /home/877186.cloudwaysapps.com/yvuxeuwabq/public_html/system/Database/MySQLi/Connection.php:292
Stack trace:
#0 /home/877186.cloudwaysapps.com/yvuxeuwabq/public_html/system/Database/MySQLi/Connection.php(292): mysqli->query()
#1 /home/877186.cloudwaysapps.com/yvuxeuwabq/public_html/system/Database/BaseConnection.php(666): CodeIgniter\Database\MySQLi\Connection->execute()
#2 /home/877186.cloudwaysapps.com/yvuxeuwabq/public_html/system/Database/BaseConnection.php(593): CodeIgniter\Database\BaseConnection->simpleQuery()
#3 /home/877186.cloudwaysapps.com/yvuxeuwabq/public_html/system/Database/BaseBuilder.php(1916): CodeIgniter\Database\BaseConnection->query()
#4 /home/877186.cloudwaysapps.com/yvuxeuwabq/public_html/app/Models/UserModel.php(172): CodeIgniter\Database\BaseBuilder->insert()
#5 /home/877186.cloudwaysapps.com/yvuxeuwabq/public_html/app/Controllers/Home.php(260): App\Models\UserModel->track_orders_products()
#6 /home/877186.cloudwaysapps.com/yvuxeuwabq/public_html/system/CodeIgniter.php(927): App\Controllers\Home->show_all_orders()
#7 /home/877186.cloudwaysapps.com/yvuxeuwabq/public_html/system/CodeIgniter.php(482): CodeIgniter\CodeIgniter->runController()
#8 /home/877186.cloudwaysapps.com/yvuxeuwabq/public_html/system/CodeIgniter.php(351): CodeIgniter\CodeIgniter->handleRequest()
#9 /home/877186.cloudwaysapps.com/yvuxeuwabq/public_html/public/index.php(67): CodeIgniter\CodeIgniter->run()
#10 {main}
ERROR - 2023-01-04 09:35:28 --> mysqli_sql_exception: Column 'product_sku' cannot be null in /home/877186.cloudwaysapps.com/yvuxeuwabq/public_html/system/Database/MySQLi/Connection.php:292
Stack trace:
#0 /home/877186.cloudwaysapps.com/yvuxeuwabq/public_html/system/Database/MySQLi/Connection.php(292): mysqli->query()
#1 /home/877186.cloudwaysapps.com/yvuxeuwabq/public_html/system/Database/BaseConnection.php(666): CodeIgniter\Database\MySQLi\Connection->execute()
#2 /home/877186.cloudwaysapps.com/yvuxeuwabq/public_html/system/Database/BaseConnection.php(593): CodeIgniter\Database\BaseConnection->simpleQuery()
#3 /home/877186.cloudwaysapps.com/yvuxeuwabq/public_html/system/Database/BaseBuilder.php(1916): CodeIgniter\Database\BaseConnection->query()
#4 /home/877186.cloudwaysapps.com/yvuxeuwabq/public_html/app/Models/UserModel.php(172): CodeIgniter\Database\BaseBuilder->insert()
#5 /home/877186.cloudwaysapps.com/yvuxeuwabq/public_html/app/Controllers/Home.php(260): App\Models\UserModel->track_orders_products()
#6 /home/877186.cloudwaysapps.com/yvuxeuwabq/public_html/system/CodeIgniter.php(927): App\Controllers\Home->show_all_orders()
#7 /home/877186.cloudwaysapps.com/yvuxeuwabq/public_html/system/CodeIgniter.php(482): CodeIgniter\CodeIgniter->runController()
#8 /home/877186.cloudwaysapps.com/yvuxeuwabq/public_html/system/CodeIgniter.php(351): CodeIgniter\CodeIgniter->handleRequest()
#9 /home/877186.cloudwaysapps.com/yvuxeuwabq/public_html/public/index.php(67): CodeIgniter\CodeIgniter->run()
#10 {main}
ERROR - 2023-01-04 09:35:28 --> mysqli_sql_exception: Column 'email' cannot be null in /home/877186.cloudwaysapps.com/yvuxeuwabq/public_html/system/Database/MySQLi/Connection.php:292
Stack trace:
#0 /home/877186.cloudwaysapps.com/yvuxeuwabq/public_html/system/Database/MySQLi/Connection.php(292): mysqli->query()
#1 /home/877186.cloudwaysapps.com/yvuxeuwabq/public_html/system/Database/BaseConnection.php(666): CodeIgniter\Database\MySQLi\Connection->execute()
#2 /home/877186.cloudwaysapps.com/yvuxeuwabq/public_html/system/Database/BaseConnection.php(593): CodeIgniter\Database\BaseConnection->simpleQuery()
#3 /home/877186.cloudwaysapps.com/yvuxeuwabq/public_html/system/Database/BaseBuilder.php(1916): CodeIgniter\Database\BaseConnection->query()
#4 /home/877186.cloudwaysapps.com/yvuxeuwabq/public_html/app/Models/UserModel.php(154): CodeIgniter\Database\BaseBuilder->insert()
#5 /home/877186.cloudwaysapps.com/yvuxeuwabq/public_html/app/Controllers/Home.php(230): App\Models\UserModel->track_orders()
#6 /home/877186.cloudwaysapps.com/yvuxeuwabq/public_html/system/CodeIgniter.php(927): App\Controllers\Home->show_all_orders()
#7 /home/877186.cloudwaysapps.com/yvuxeuwabq/public_html/system/CodeIgniter.php(482): CodeIgniter\CodeIgniter->runController()
#8 /home/877186.cloudwaysapps.com/yvuxeuwabq/public_html/system/CodeIgniter.php(351): CodeIgniter\CodeIgniter->handleRequest()
#9 /home/877186.cloudwaysapps.com/yvuxeuwabq/public_html/public/index.php(67): CodeIgniter\CodeIgniter->run()
#10 {main}
ERROR - 2023-01-04 09:35:28 --> mysqli_sql_exception: Column 'product_sku' cannot be null in /home/877186.cloudwaysapps.com/yvuxeuwabq/public_html/system/Database/MySQLi/Connection.php:292
Stack trace:
#0 /home/877186.cloudwaysapps.com/yvuxeuwabq/public_html/system/Database/MySQLi/Connection.php(292): mysqli->query()
#1 /home/877186.cloudwaysapps.com/yvuxeuwabq/public_html/system/Database/BaseConnection.php(666): CodeIgniter\Database\MySQLi\Connection->execute()
#2 /home/877186.cloudwaysapps.com/yvuxeuwabq/public_html/system/Database/BaseConnection.php(593): CodeIgniter\Database\BaseConnection->simpleQuery()
#3 /home/877186.cloudwaysapps.com/yvuxeuwabq/public_html/system/Database/BaseBuilder.php(1916): CodeIgniter\Database\BaseConnection->query()
#4 /home/877186.cloudwaysapps.com/yvuxeuwabq/public_html/app/Models/UserModel.php(172): CodeIgniter\Database\BaseBuilder->insert()
#5 /home/877186.cloudwaysapps.com/yvuxeuwabq/public_html/app/Controllers/Home.php(260): App\Models\UserModel->track_orders_products()
#6 /home/877186.cloudwaysapps.com/yvuxeuwabq/public_html/system/CodeIgniter.php(927): App\Controllers\Home->show_all_orders()
#7 /home/877186.cloudwaysapps.com/yvuxeuwabq/public_html/system/CodeIgniter.php(482): CodeIgniter\CodeIgniter->runController()
#8 /home/877186.cloudwaysapps.com/yvuxeuwabq/public_html/system/CodeIgniter.php(351): CodeIgniter\CodeIgniter->handleRequest()
#9 /home/877186.cloudwaysapps.com/yvuxeuwabq/public_html/public/index.php(67): CodeIgniter\CodeIgniter->run()
#10 {main}
ERROR - 2023-01-04 09:35:28 --> mysqli_sql_exception: Column 'product_sku' cannot be null in /home/877186.cloudwaysapps.com/yvuxeuwabq/public_html/system/Database/MySQLi/Connection.php:292
Stack trace:
#0 /home/877186.cloudwaysapps.com/yvuxeuwabq/public_html/system/Database/MySQLi/Connection.php(292): mysqli->query()
#1 /home/877186.cloudwaysapps.com/yvuxeuwabq/public_html/system/Database/BaseConnection.php(666): CodeIgniter\Database\MySQLi\Connection->execute()
#2 /home/877186.cloudwaysapps.com/yvuxeuwabq/public_html/system/Database/BaseConnection.php(593): CodeIgniter\Database\BaseConnection->simpleQuery()
#3 /home/877186.cloudwaysapps.com/yvuxeuwabq/public_html/system/Database/BaseBuilder.php(1916): CodeIgniter\Database\BaseConnection->query()
#4 /home/877186.cloudwaysapps.com/yvuxeuwabq/public_html/app/Models/UserModel.php(172): CodeIgniter\Database\BaseBuilder->insert()
#5 /home/877186.cloudwaysapps.com/yvuxeuwabq/public_html/app/Controllers/Home.php(260): App\Models\UserModel->track_orders_products()
#6 /home/877186.cloudwaysapps.com/yvuxeuwabq/public_html/system/CodeIgniter.php(927): App\Controllers\Home->show_all_orders()
#7 /home/877186.cloudwaysapps.com/yvuxeuwabq/public_html/system/CodeIgniter.php(482): CodeIgniter\CodeIgniter->runController()
#8 /home/877186.cloudwaysapps.com/yvuxeuwabq/public_html/system/CodeIgniter.php(351): CodeIgniter\CodeIgniter->handleRequest()
#9 /home/877186.cloudwaysapps.com/yvuxeuwabq/public_html/public/index.php(67): CodeIgniter\CodeIgniter->run()
#10 {main}
ERROR - 2023-01-04 09:35:28 --> mysqli_sql_exception: Column 'product_sku' cannot be null in /home/877186.cloudwaysapps.com/yvuxeuwabq/public_html/system/Database/MySQLi/Connection.php:292
Stack trace:
#0 /home/877186.cloudwaysapps.com/yvuxeuwabq/public_html/system/Database/MySQLi/Connection.php(292): mysqli->query()
#1 /home/877186.cloudwaysapps.com/yvuxeuwabq/public_html/system/Database/BaseConnection.php(666): CodeIgniter\Database\MySQLi\Connection->execute()
#2 /home/877186.cloudwaysapps.com/yvuxeuwabq/public_html/system/Database/BaseConnection.php(593): CodeIgniter\Database\BaseConnection->simpleQuery()
#3 /home/877186.cloudwaysapps.com/yvuxeuwabq/public_html/system/Database/BaseBuilder.php(1916): CodeIgniter\Database\BaseConnection->query()
#4 /home/877186.cloudwaysapps.com/yvuxeuwabq/public_html/app/Models/UserModel.php(172): CodeIgniter\Database\BaseBuilder->insert()
#5 /home/877186.cloudwaysapps.com/yvuxeuwabq/public_html/app/Controllers/Home.php(260): App\Models\UserModel->track_orders_products()
#6 /home/877186.cloudwaysapps.com/yvuxeuwabq/public_html/system/CodeIgniter.php(927): App\Controllers\Home->show_all_orders()
#7 /home/877186.cloudwaysapps.com/yvuxeuwabq/public_html/system/CodeIgniter.php(482): CodeIgniter\CodeIgniter->runController()
#8 /home/877186.cloudwaysapps.com/yvuxeuwabq/public_html/system/CodeIgniter.php(351): CodeIgniter\CodeIgniter->handleRequest()
#9 /home/877186.cloudwaysapps.com/yvuxeuwabq/public_html/public/index.php(67): CodeIgniter\CodeIgniter->run()
#10 {main}
ERROR - 2023-01-04 09:35:28 --> mysqli_sql_exception: Column 'product_sku' cannot be null in /home/877186.cloudwaysapps.com/yvuxeuwabq/public_html/system/Database/MySQLi/Connection.php:292
Stack trace:
#0 /home/877186.cloudwaysapps.com/yvuxeuwabq/public_html/system/Database/MySQLi/Connection.php(292): mysqli->query()
#1 /home/877186.cloudwaysapps.com/yvuxeuwabq/public_html/system/Database/BaseConnection.php(666): CodeIgniter\Database\MySQLi\Connection->execute()
#2 /home/877186.cloudwaysapps.com/yvuxeuwabq/public_html/system/Database/BaseConnection.php(593): CodeIgniter\Database\BaseConnection->simpleQuery()
#3 /home/877186.cloudwaysapps.com/yvuxeuwabq/public_html/system/Database/BaseBuilder.php(1916): CodeIgniter\Database\BaseConnection->query()
#4 /home/877186.cloudwaysapps.com/yvuxeuwabq/public_html/app/Models/UserModel.php(172): CodeIgniter\Database\BaseBuilder->insert()
#5 /home/877186.cloudwaysapps.com/yvuxeuwabq/public_html/app/Controllers/Home.php(260): App\Models\UserModel->track_orders_products()
#6 /home/877186.cloudwaysapps.com/yvuxeuwabq/public_html/system/CodeIgniter.php(927): App\Controllers\Home->show_all_orders()
#7 /home/877186.cloudwaysapps.com/yvuxeuwabq/public_html/system/CodeIgniter.php(482): CodeIgniter\CodeIgniter->runController()
#8 /home/877186.cloudwaysapps.com/yvuxeuwabq/public_html/system/CodeIgniter.php(351): CodeIgniter\CodeIgniter->handleRequest()
#9 /home/877186.cloudwaysapps.com/yvuxeuwabq/public_html/public/index.php(67): CodeIgniter\CodeIgniter->run()
#10 {main}
ERROR - 2023-01-04 09:35:28 --> mysqli_sql_exception: Column 'product_sku' cannot be null in /home/877186.cloudwaysapps.com/yvuxeuwabq/public_html/system/Database/MySQLi/Connection.php:292
Stack trace:
#0 /home/877186.cloudwaysapps.com/yvuxeuwabq/public_html/system/Database/MySQLi/Connection.php(292): mysqli->query()
#1 /home/877186.cloudwaysapps.com/yvuxeuwabq/public_html/system/Database/BaseConnection.php(666): CodeIgniter\Database\MySQLi\Connection->execute()
#2 /home/877186.cloudwaysapps.com/yvuxeuwabq/public_html/system/Database/BaseConnection.php(593): CodeIgniter\Database\BaseConnection->simpleQuery()
#3 /home/877186.cloudwaysapps.com/yvuxeuwabq/public_html/system/Database/BaseBuilder.php(1916): CodeIgniter\Database\BaseConnection->query()
#4 /home/877186.cloudwaysapps.com/yvuxeuwabq/public_html/app/Models/UserModel.php(172): CodeIgniter\Database\BaseBuilder->insert()
#5 /home/877186.cloudwaysapps.com/yvuxeuwabq/public_html/app/Controllers/Home.php(260): App\Models\UserModel->track_orders_products()
#6 /home/877186.cloudwaysapps.com/yvuxeuwabq/public_html/system/CodeIgniter.php(927): App\Controllers\Home->show_all_orders()
#7 /home/877186.cloudwaysapps.com/yvuxeuwabq/public_html/system/CodeIgniter.php(482): CodeIgniter\CodeIgniter->runController()
#8 /home/877186.cloudwaysapps.com/yvuxeuwabq/public_html/system/CodeIgniter.php(351): CodeIgniter\CodeIgniter->handleRequest()
#9 /home/877186.cloudwaysapps.com/yvuxeuwabq/public_html/public/index.php(67): CodeIgniter\CodeIgniter->run()
#10 {main}
ERROR - 2023-01-04 09:35:28 --> mysqli_sql_exception: Column 'product_sku' cannot be null in /home/877186.cloudwaysapps.com/yvuxeuwabq/public_html/system/Database/MySQLi/Connection.php:292
Stack trace:
#0 /home/877186.cloudwaysapps.com/yvuxeuwabq/public_html/system/Database/MySQLi/Connection.php(292): mysqli->query()
#1 /home/877186.cloudwaysapps.com/yvuxeuwabq/public_html/system/Database/BaseConnection.php(666): CodeIgniter\Database\MySQLi\Connection->execute()
#2 /home/877186.cloudwaysapps.com/yvuxeuwabq/public_html/system/Database/BaseConnection.php(593): CodeIgniter\Database\BaseConnection->simpleQuery()
#3 /home/877186.cloudwaysapps.com/yvuxeuwabq/public_html/system/Database/BaseBuilder.php(1916): CodeIgniter\Database\BaseConnection->query()
#4 /home/877186.cloudwaysapps.com/yvuxeuwabq/public_html/app/Models/UserModel.php(172): CodeIgniter\Database\BaseBuilder->insert()
#5 /home/877186.cloudwaysapps.com/yvuxeuwabq/public_html/app/Controllers/Home.php(260): App\Models\UserModel->track_orders_products()
#6 /home/877186.cloudwaysapps.com/yvuxeuwabq/public_html/system/CodeIgniter.php(927): App\Controllers\Home->show_all_orders()
#7 /home/877186.cloudwaysapps.com/yvuxeuwabq/public_html/system/CodeIgniter.php(482): CodeIgniter\CodeIgniter->runController()
#8 /home/877186.cloudwaysapps.com/yvuxeuwabq/public_html/system/CodeIgniter.php(351): CodeIgniter\CodeIgniter->handleRequest()
#9 /home/877186.cloudwaysapps.com/yvuxeuwabq/public_html/public/index.php(67): CodeIgniter\CodeIgniter->run()
#10 {main}
ERROR - 2023-01-04 09:35:28 --> mysqli_sql_exception: Column 'product_sku' cannot be null in /home/877186.cloudwaysapps.com/yvuxeuwabq/public_html/system/Database/MySQLi/Connection.php:292
Stack trace:
#0 /home/877186.cloudwaysapps.com/yvuxeuwabq/public_html/system/Database/MySQLi/Connection.php(292): mysqli->query()
#1 /home/877186.cloudwaysapps.com/yvuxeuwabq/public_html/system/Database/BaseConnection.php(666): CodeIgniter\Database\MySQLi\Connection->execute()
#2 /home/877186.cloudwaysapps.com/yvuxeuwabq/public_html/system/Database/BaseConnection.php(593): CodeIgniter\Database\BaseConnection->simpleQuery()
#3 /home/877186.cloudwaysapps.com/yvuxeuwabq/public_html/system/Database/BaseBuilder.php(1916): CodeIgniter\Database\BaseConnection->query()
#4 /home/877186.cloudwaysapps.com/yvuxeuwabq/public_html/app/Models/UserModel.php(172): CodeIgniter\Database\BaseBuilder->insert()
#5 /home/877186.cloudwaysapps.com/yvuxeuwabq/public_html/app/Controllers/Home.php(260): App\Models\UserModel->track_orders_products()
#6 /home/877186.cloudwaysapps.com/yvuxeuwabq/public_html/system/CodeIgniter.php(927): App\Controllers\Home->show_all_orders()
#7 /home/877186.cloudwaysapps.com/yvuxeuwabq/public_html/system/CodeIgniter.php(482): CodeIgniter\CodeIgniter->runController()
#8 /home/877186.cloudwaysapps.com/yvuxeuwabq/public_html/system/CodeIgniter.php(351): CodeIgniter\CodeIgniter->handleRequest()
#9 /home/877186.cloudwaysapps.com/yvuxeuwabq/public_html/public/index.php(67): CodeIgniter\CodeIgniter->run()
#10 {main}
ERROR - 2023-01-04 09:35:28 --> mysqli_sql_exception: Column 'product_sku' cannot be null in /home/877186.cloudwaysapps.com/yvuxeuwabq/public_html/system/Database/MySQLi/Connection.php:292
Stack trace:
#0 /home/877186.cloudwaysapps.com/yvuxeuwabq/public_html/system/Database/MySQLi/Connection.php(292): mysqli->query()
#1 /home/877186.cloudwaysapps.com/yvuxeuwabq/public_html/system/Database/BaseConnection.php(666): CodeIgniter\Database\MySQLi\Connection->execute()
#2 /home/877186.cloudwaysapps.com/yvuxeuwabq/public_html/system/Database/BaseConnection.php(593): CodeIgniter\Database\BaseConnection->simpleQuery()
#3 /home/877186.cloudwaysapps.com/yvuxeuwabq/public_html/system/Database/BaseBuilder.php(1916): CodeIgniter\Database\BaseConnection->query()
#4 /home/877186.cloudwaysapps.com/yvuxeuwabq/public_html/app/Models/UserModel.php(172): CodeIgniter\Database\BaseBuilder->insert()
#5 /home/877186.cloudwaysapps.com/yvuxeuwabq/public_html/app/Controllers/Home.php(260): App\Models\UserModel->track_orders_products()
#6 /home/877186.cloudwaysapps.com/yvuxeuwabq/public_html/system/CodeIgniter.php(927): App\Controllers\Home->show_all_orders()
#7 /home/877186.cloudwaysapps.com/yvuxeuwabq/public_html/system/CodeIgniter.php(482): CodeIgniter\CodeIgniter->runController()
#8 /home/877186.cloudwaysapps.com/yvuxeuwabq/public_html/system/CodeIgniter.php(351): CodeIgniter\CodeIgniter->handleRequest()
#9 /home/877186.cloudwaysapps.com/yvuxeuwabq/public_html/public/index.php(67): CodeIgniter\CodeIgniter->run()
#10 {main}
ERROR - 2023-01-04 09:36:47 --> mysqli_sql_exception: Column 'email' cannot be null in /home/877186.cloudwaysapps.com/yvuxeuwabq/public_html/system/Database/MySQLi/Connection.php:292
Stack trace:
#0 /home/877186.cloudwaysapps.com/yvuxeuwabq/public_html/system/Database/MySQLi/Connection.php(292): mysqli->query()
#1 /home/877186.cloudwaysapps.com/yvuxeuwabq/public_html/system/Database/BaseConnection.php(666): CodeIgniter\Database\MySQLi\Connection->execute()
#2 /home/877186.cloudwaysapps.com/yvuxeuwabq/public_html/system/Database/BaseConnection.php(593): CodeIgniter\Database\BaseConnection->simpleQuery()
#3 /home/877186.cloudwaysapps.com/yvuxeuwabq/public_html/system/Database/BaseBuilder.php(1916): CodeIgniter\Database\BaseConnection->query()
#4 /home/877186.cloudwaysapps.com/yvuxeuwabq/public_html/app/Models/UserModel.php(154): CodeIgniter\Database\BaseBuilder->insert()
#5 /home/877186.cloudwaysapps.com/yvuxeuwabq/public_html/app/Controllers/Home.php(230): App\Models\UserModel->track_orders()
#6 /home/877186.cloudwaysapps.com/yvuxeuwabq/public_html/system/CodeIgniter.php(927): App\Controllers\Home->show_all_orders()
#7 /home/877186.cloudwaysapps.com/yvuxeuwabq/public_html/system/CodeIgniter.php(482): CodeIgniter\CodeIgniter->runController()
#8 /home/877186.cloudwaysapps.com/yvuxeuwabq/public_html/system/CodeIgniter.php(351): CodeIgniter\CodeIgniter->handleRequest()
#9 /home/877186.cloudwaysapps.com/yvuxeuwabq/public_html/public/index.php(67): CodeIgniter\CodeIgniter->run()
#10 {main}
ERROR - 2023-01-04 09:38:14 --> mysqli_sql_exception: Column 'email' cannot be null in /home/877186.cloudwaysapps.com/yvuxeuwabq/public_html/system/Database/MySQLi/Connection.php:292
Stack trace:
#0 /home/877186.cloudwaysapps.com/yvuxeuwabq/public_html/system/Database/MySQLi/Connection.php(292): mysqli->query()
#1 /home/877186.cloudwaysapps.com/yvuxeuwabq/public_html/system/Database/BaseConnection.php(666): CodeIgniter\Database\MySQLi\Connection->execute()
#2 /home/877186.cloudwaysapps.com/yvuxeuwabq/public_html/system/Database/BaseConnection.php(593): CodeIgniter\Database\BaseConnection->simpleQuery()
#3 /home/877186.cloudwaysapps.com/yvuxeuwabq/public_html/system/Database/BaseBuilder.php(1916): CodeIgniter\Database\BaseConnection->query()
#4 /home/877186.cloudwaysapps.com/yvuxeuwabq/public_html/app/Models/UserModel.php(154): CodeIgniter\Database\BaseBuilder->insert()
#5 /home/877186.cloudwaysapps.com/yvuxeuwabq/public_html/app/Controllers/Home.php(230): App\Models\UserModel->track_orders()
#6 /home/877186.cloudwaysapps.com/yvuxeuwabq/public_html/system/CodeIgniter.php(927): App\Controllers\Home->show_all_orders()
#7 /home/877186.cloudwaysapps.com/yvuxeuwabq/public_html/system/CodeIgniter.php(482): CodeIgniter\CodeIgniter->runController()
#8 /home/877186.cloudwaysapps.com/yvuxeuwabq/public_html/system/CodeIgniter.php(351): CodeIgniter\CodeIgniter->handleRequest()
#9 /home/877186.cloudwaysapps.com/yvuxeuwabq/public_html/public/index.php(67): CodeIgniter\CodeIgniter->run()
#10 {main}
ERROR - 2023-01-04 09:38:48 --> mysqli_sql_exception: Column 'email' cannot be null in /home/877186.cloudwaysapps.com/yvuxeuwabq/public_html/system/Database/MySQLi/Connection.php:292
Stack trace:
#0 /home/877186.cloudwaysapps.com/yvuxeuwabq/public_html/system/Database/MySQLi/Connection.php(292): mysqli->query()
#1 /home/877186.cloudwaysapps.com/yvuxeuwabq/public_html/system/Database/BaseConnection.php(666): CodeIgniter\Database\MySQLi\Connection->execute()
#2 /home/877186.cloudwaysapps.com/yvuxeuwabq/public_html/system/Database/BaseConnection.php(593): CodeIgniter\Database\BaseConnection->simpleQuery()
#3 /home/877186.cloudwaysapps.com/yvuxeuwabq/public_html/system/Database/BaseBuilder.php(1916): CodeIgniter\Database\BaseConnection->query()
#4 /home/877186.cloudwaysapps.com/yvuxeuwabq/public_html/app/Models/UserModel.php(154): CodeIgniter\Database\BaseBuilder->insert()
#5 /home/877186.cloudwaysapps.com/yvuxeuwabq/public_html/app/Controllers/Home.php(230): App\Models\UserModel->track_orders()
#6 /home/877186.cloudwaysapps.com/yvuxeuwabq/public_html/system/CodeIgniter.php(927): App\Controllers\Home->show_all_orders()
#7 /home/877186.cloudwaysapps.com/yvuxeuwabq/public_html/system/CodeIgniter.php(482): CodeIgniter\CodeIgniter->runController()
#8 /home/877186.cloudwaysapps.com/yvuxeuwabq/public_html/system/CodeIgniter.php(351): CodeIgniter\CodeIgniter->handleRequest()
#9 /home/877186.cloudwaysapps.com/yvuxeuwabq/public_html/public/index.php(67): CodeIgniter\CodeIgniter->run()
#10 {main}
ERROR - 2023-01-04 09:38:49 --> mysqli_sql_exception: Column 'email' cannot be null in /home/877186.cloudwaysapps.com/yvuxeuwabq/public_html/system/Database/MySQLi/Connection.php:292
Stack trace:
#0 /home/877186.cloudwaysapps.com/yvuxeuwabq/public_html/system/Database/MySQLi/Connection.php(292): mysqli->query()
#1 /home/877186.cloudwaysapps.com/yvuxeuwabq/public_html/system/Database/BaseConnection.php(666): CodeIgniter\Database\MySQLi\Connection->execute()
#2 /home/877186.cloudwaysapps.com/yvuxeuwabq/public_html/system/Database/BaseConnection.php(593): CodeIgniter\Database\BaseConnection->simpleQuery()
#3 /home/877186.cloudwaysapps.com/yvuxeuwabq/public_html/system/Database/BaseBuilder.php(1916): CodeIgniter\Database\BaseConnection->query()
#4 /home/877186.cloudwaysapps.com/yvuxeuwabq/public_html/app/Models/UserModel.php(154): CodeIgniter\Database\BaseBuilder->insert()
#5 /home/877186.cloudwaysapps.com/yvuxeuwabq/public_html/app/Controllers/Home.php(230): App\Models\UserModel->track_orders()
#6 /home/877186.cloudwaysapps.com/yvuxeuwabq/public_html/system/CodeIgniter.php(927): App\Controllers\Home->show_all_orders()
#7 /home/877186.cloudwaysapps.com/yvuxeuwabq/public_html/system/CodeIgniter.php(482): CodeIgniter\CodeIgniter->runController()
#8 /home/877186.cloudwaysapps.com/yvuxeuwabq/public_html/system/CodeIgniter.php(351): CodeIgniter\CodeIgniter->handleRequest()
#9 /home/877186.cloudwaysapps.com/yvuxeuwabq/public_html/public/index.php(67): CodeIgniter\CodeIgniter->run()
#10 {main}
ERROR - 2023-01-04 11:34:42 --> mysqli_sql_exception: Column 'email' cannot be null in /home/877186.cloudwaysapps.com/yvuxeuwabq/public_html/system/Database/MySQLi/Connection.php:292
Stack trace:
#0 /home/877186.cloudwaysapps.com/yvuxeuwabq/public_html/system/Database/MySQLi/Connection.php(292): mysqli->query()
#1 /home/877186.cloudwaysapps.com/yvuxeuwabq/public_html/system/Database/BaseConnection.php(666): CodeIgniter\Database\MySQLi\Connection->execute()
#2 /home/877186.cloudwaysapps.com/yvuxeuwabq/public_html/system/Database/BaseConnection.php(593): CodeIgniter\Database\BaseConnection->simpleQuery()
#3 /home/877186.cloudwaysapps.com/yvuxeuwabq/public_html/system/Database/BaseBuilder.php(1916): CodeIgniter\Database\BaseConnection->query()
#4 /home/877186.cloudwaysapps.com/yvuxeuwabq/public_html/app/Models/UserModel.php(154): CodeIgniter\Database\BaseBuilder->insert()
#5 /home/877186.cloudwaysapps.com/yvuxeuwabq/public_html/app/Controllers/Home.php(230): App\Models\UserModel->track_orders()
#6 /home/877186.cloudwaysapps.com/yvuxeuwabq/public_html/system/CodeIgniter.php(927): App\Controllers\Home->show_all_orders()
#7 /home/877186.cloudwaysapps.com/yvuxeuwabq/public_html/system/CodeIgniter.php(482): CodeIgniter\CodeIgniter->runController()
#8 /home/877186.cloudwaysapps.com/yvuxeuwabq/public_html/system/CodeIgniter.php(351): CodeIgniter\CodeIgniter->handleRequest()
#9 /home/877186.cloudwaysapps.com/yvuxeuwabq/public_html/public/index.php(67): CodeIgniter\CodeIgniter->run()
#10 {main}
ERROR - 2023-01-04 11:35:55 --> mysqli_sql_exception: Column 'email' cannot be null in /home/877186.cloudwaysapps.com/yvuxeuwabq/public_html/system/Database/MySQLi/Connection.php:292
Stack trace:
#0 /home/877186.cloudwaysapps.com/yvuxeuwabq/public_html/system/Database/MySQLi/Connection.php(292): mysqli->query()
#1 /home/877186.cloudwaysapps.com/yvuxeuwabq/public_html/system/Database/BaseConnection.php(666): CodeIgniter\Database\MySQLi\Connection->execute()
#2 /home/877186.cloudwaysapps.com/yvuxeuwabq/public_html/system/Database/BaseConnection.php(593): CodeIgniter\Database\BaseConnection->simpleQuery()
#3 /home/877186.cloudwaysapps.com/yvuxeuwabq/public_html/system/Database/BaseBuilder.php(1916): CodeIgniter\Database\BaseConnection->query()
#4 /home/877186.cloudwaysapps.com/yvuxeuwabq/public_html/app/Models/UserModel.php(154): CodeIgniter\Database\BaseBuilder->insert()
#5 /home/877186.cloudwaysapps.com/yvuxeuwabq/public_html/app/Controllers/Home.php(230): App\Models\UserModel->track_orders()
#6 /home/877186.cloudwaysapps.com/yvuxeuwabq/public_html/system/CodeIgniter.php(927): App\Controllers\Home->show_all_orders()
#7 /home/877186.cloudwaysapps.com/yvuxeuwabq/public_html/system/CodeIgniter.php(482): CodeIgniter\CodeIgniter->runController()
#8 /home/877186.cloudwaysapps.com/yvuxeuwabq/public_html/system/CodeIgniter.php(351): CodeIgniter\CodeIgniter->handleRequest()
#9 /home/877186.cloudwaysapps.com/yvuxeuwabq/public_html/public/index.php(67): CodeIgniter\CodeIgniter->run()
#10 {main}
ERROR - 2023-01-04 11:37:29 --> mysqli_sql_exception: Column 'email' cannot be null in /home/877186.cloudwaysapps.com/yvuxeuwabq/public_html/system/Database/MySQLi/Connection.php:292
Stack trace:
#0 /home/877186.cloudwaysapps.com/yvuxeuwabq/public_html/system/Database/MySQLi/Connection.php(292): mysqli->query()
#1 /home/877186.cloudwaysapps.com/yvuxeuwabq/public_html/system/Database/BaseConnection.php(666): CodeIgniter\Database\MySQLi\Connection->execute()
#2 /home/877186.cloudwaysapps.com/yvuxeuwabq/public_html/system/Database/BaseConnection.php(593): CodeIgniter\Database\BaseConnection->simpleQuery()
#3 /home/877186.cloudwaysapps.com/yvuxeuwabq/public_html/system/Database/BaseBuilder.php(1916): CodeIgniter\Database\BaseConnection->query()
#4 /home/877186.cloudwaysapps.com/yvuxeuwabq/public_html/app/Models/UserModel.php(154): CodeIgniter\Database\BaseBuilder->insert()
#5 /home/877186.cloudwaysapps.com/yvuxeuwabq/public_html/app/Controllers/Home.php(230): App\Models\UserModel->track_orders()
#6 /home/877186.cloudwaysapps.com/yvuxeuwabq/public_html/system/CodeIgniter.php(927): App\Controllers\Home->show_all_orders()
#7 /home/877186.cloudwaysapps.com/yvuxeuwabq/public_html/system/CodeIgniter.php(482): CodeIgniter\CodeIgniter->runController()
#8 /home/877186.cloudwaysapps.com/yvuxeuwabq/public_html/system/CodeIgniter.php(351): CodeIgniter\CodeIgniter->handleRequest()
#9 /home/877186.cloudwaysapps.com/yvuxeuwabq/public_html/public/index.php(67): CodeIgniter\CodeIgniter->run()
#10 {main}
ERROR - 2023-01-04 11:38:24 --> mysqli_sql_exception: Column 'email' cannot be null in /home/877186.cloudwaysapps.com/yvuxeuwabq/public_html/system/Database/MySQLi/Connection.php:292
Stack trace:
#0 /home/877186.cloudwaysapps.com/yvuxeuwabq/public_html/system/Database/MySQLi/Connection.php(292): mysqli->query()
#1 /home/877186.cloudwaysapps.com/yvuxeuwabq/public_html/system/Database/BaseConnection.php(666): CodeIgniter\Database\MySQLi\Connection->execute()
#2 /home/877186.cloudwaysapps.com/yvuxeuwabq/public_html/system/Database/BaseConnection.php(593): CodeIgniter\Database\BaseConnection->simpleQuery()
#3 /home/877186.cloudwaysapps.com/yvuxeuwabq/public_html/system/Database/BaseBuilder.php(1916): CodeIgniter\Database\BaseConnection->query()
#4 /home/877186.cloudwaysapps.com/yvuxeuwabq/public_html/app/Models/UserModel.php(154): CodeIgniter\Database\BaseBuilder->insert()
#5 /home/877186.cloudwaysapps.com/yvuxeuwabq/public_html/app/Controllers/Home.php(230): App\Models\UserModel->track_orders()
#6 /home/877186.cloudwaysapps.com/yvuxeuwabq/public_html/system/CodeIgniter.php(927): App\Controllers\Home->show_all_orders()
#7 /home/877186.cloudwaysapps.com/yvuxeuwabq/public_html/system/CodeIgniter.php(482): CodeIgniter\CodeIgniter->runController()
#8 /home/877186.cloudwaysapps.com/yvuxeuwabq/public_html/system/CodeIgniter.php(351): CodeIgniter\CodeIgniter->handleRequest()
#9 /home/877186.cloudwaysapps.com/yvuxeuwabq/public_html/public/index.php(67): CodeIgniter\CodeIgniter->run()
#10 {main}
ERROR - 2023-01-04 11:39:05 --> mysqli_sql_exception: Column 'email' cannot be null in /home/877186.cloudwaysapps.com/yvuxeuwabq/public_html/system/Database/MySQLi/Connection.php:292
Stack trace:
#0 /home/877186.cloudwaysapps.com/yvuxeuwabq/public_html/system/Database/MySQLi/Connection.php(292): mysqli->query()
#1 /home/877186.cloudwaysapps.com/yvuxeuwabq/public_html/system/Database/BaseConnection.php(666): CodeIgniter\Database\MySQLi\Connection->execute()
#2 /home/877186.cloudwaysapps.com/yvuxeuwabq/public_html/system/Database/BaseConnection.php(593): CodeIgniter\Database\BaseConnection->simpleQuery()
#3 /home/877186.cloudwaysapps.com/yvuxeuwabq/public_html/system/Database/BaseBuilder.php(1916): CodeIgniter\Database\BaseConnection->query()
#4 /home/877186.cloudwaysapps.com/yvuxeuwabq/public_html/app/Models/UserModel.php(154): CodeIgniter\Database\BaseBuilder->insert()
#5 /home/877186.cloudwaysapps.com/yvuxeuwabq/public_html/app/Controllers/Home.php(230): App\Models\UserModel->track_orders()
#6 /home/877186.cloudwaysapps.com/yvuxeuwabq/public_html/system/CodeIgniter.php(927): App\Controllers\Home->show_all_orders()
#7 /home/877186.cloudwaysapps.com/yvuxeuwabq/public_html/system/CodeIgniter.php(482): CodeIgniter\CodeIgniter->runController()
#8 /home/877186.cloudwaysapps.com/yvuxeuwabq/public_html/system/CodeIgniter.php(351): CodeIgniter\CodeIgniter->handleRequest()
#9 /home/877186.cloudwaysapps.com/yvuxeuwabq/public_html/public/index.php(67): CodeIgniter\CodeIgniter->run()
#10 {main}
ERROR - 2023-01-04 11:39:05 --> mysqli_sql_exception: Column 'email' cannot be null in /home/877186.cloudwaysapps.com/yvuxeuwabq/public_html/system/Database/MySQLi/Connection.php:292
Stack trace:
#0 /home/877186.cloudwaysapps.com/yvuxeuwabq/public_html/system/Database/MySQLi/Connection.php(292): mysqli->query()
#1 /home/877186.cloudwaysapps.com/yvuxeuwabq/public_html/system/Database/BaseConnection.php(666): CodeIgniter\Database\MySQLi\Connection->execute()
#2 /home/877186.cloudwaysapps.com/yvuxeuwabq/public_html/system/Database/BaseConnection.php(593): CodeIgniter\Database\BaseConnection->simpleQuery()
#3 /home/877186.cloudwaysapps.com/yvuxeuwabq/public_html/system/Database/BaseBuilder.php(1916): CodeIgniter\Database\BaseConnection->query()
#4 /home/877186.cloudwaysapps.com/yvuxeuwabq/public_html/app/Models/UserModel.php(154): CodeIgniter\Database\BaseBuilder->insert()
#5 /home/877186.cloudwaysapps.com/yvuxeuwabq/public_html/app/Controllers/Home.php(230): App\Models\UserModel->track_orders()
#6 /home/877186.cloudwaysapps.com/yvuxeuwabq/public_html/system/CodeIgniter.php(927): App\Controllers\Home->show_all_orders()
#7 /home/877186.cloudwaysapps.com/yvuxeuwabq/public_html/system/CodeIgniter.php(482): CodeIgniter\CodeIgniter->runController()
#8 /home/877186.cloudwaysapps.com/yvuxeuwabq/public_html/system/CodeIgniter.php(351): CodeIgniter\CodeIgniter->handleRequest()
#9 /home/877186.cloudwaysapps.com/yvuxeuwabq/public_html/public/index.php(67): CodeIgniter\CodeIgniter->run()
#10 {main}
ERROR - 2023-01-04 11:40:23 --> mysqli_sql_exception: Column 'email' cannot be null in /home/877186.cloudwaysapps.com/yvuxeuwabq/public_html/system/Database/MySQLi/Connection.php:292
Stack trace:
#0 /home/877186.cloudwaysapps.com/yvuxeuwabq/public_html/system/Database/MySQLi/Connection.php(292): mysqli->query()
#1 /home/877186.cloudwaysapps.com/yvuxeuwabq/public_html/system/Database/BaseConnection.php(666): CodeIgniter\Database\MySQLi\Connection->execute()
#2 /home/877186.cloudwaysapps.com/yvuxeuwabq/public_html/system/Database/BaseConnection.php(593): CodeIgniter\Database\BaseConnection->simpleQuery()
#3 /home/877186.cloudwaysapps.com/yvuxeuwabq/public_html/system/Database/BaseBuilder.php(1916): CodeIgniter\Database\BaseConnection->query()
#4 /home/877186.cloudwaysapps.com/yvuxeuwabq/public_html/app/Models/UserModel.php(154): CodeIgniter\Database\BaseBuilder->insert()
#5 /home/877186.cloudwaysapps.com/yvuxeuwabq/public_html/app/Controllers/Home.php(230): App\Models\UserModel->track_orders()
#6 /home/877186.cloudwaysapps.com/yvuxeuwabq/public_html/system/CodeIgniter.php(927): App\Controllers\Home->show_all_orders()
#7 /home/877186.cloudwaysapps.com/yvuxeuwabq/public_html/system/CodeIgniter.php(482): CodeIgniter\CodeIgniter->runController()
#8 /home/877186.cloudwaysapps.com/yvuxeuwabq/public_html/system/CodeIgniter.php(351): CodeIgniter\CodeIgniter->handleRequest()
#9 /home/877186.cloudwaysapps.com/yvuxeuwabq/public_html/public/index.php(67): CodeIgniter\CodeIgniter->run()
#10 {main}
ERROR - 2023-01-04 11:40:24 --> mysqli_sql_exception: Column 'email' cannot be null in /home/877186.cloudwaysapps.com/yvuxeuwabq/public_html/system/Database/MySQLi/Connection.php:292
Stack trace:
#0 /home/877186.cloudwaysapps.com/yvuxeuwabq/public_html/system/Database/MySQLi/Connection.php(292): mysqli->query()
#1 /home/877186.cloudwaysapps.com/yvuxeuwabq/public_html/system/Database/BaseConnection.php(666): CodeIgniter\Database\MySQLi\Connection->execute()
#2 /home/877186.cloudwaysapps.com/yvuxeuwabq/public_html/system/Database/BaseConnection.php(593): CodeIgniter\Database\BaseConnection->simpleQuery()
#3 /home/877186.cloudwaysapps.com/yvuxeuwabq/public_html/system/Database/BaseBuilder.php(1916): CodeIgniter\Database\BaseConnection->query()
#4 /home/877186.cloudwaysapps.com/yvuxeuwabq/public_html/app/Models/UserModel.php(154): CodeIgniter\Database\BaseBuilder->insert()
#5 /home/877186.cloudwaysapps.com/yvuxeuwabq/public_html/app/Controllers/Home.php(230): App\Models\UserModel->track_orders()
#6 /home/877186.cloudwaysapps.com/yvuxeuwabq/public_html/system/CodeIgniter.php(927): App\Controllers\Home->show_all_orders()
#7 /home/877186.cloudwaysapps.com/yvuxeuwabq/public_html/system/CodeIgniter.php(482): CodeIgniter\CodeIgniter->runController()
#8 /home/877186.cloudwaysapps.com/yvuxeuwabq/public_html/system/CodeIgniter.php(351): CodeIgniter\CodeIgniter->handleRequest()
#9 /home/877186.cloudwaysapps.com/yvuxeuwabq/public_html/public/index.php(67): CodeIgniter\CodeIgniter->run()
#10 {main}
ERROR - 2023-01-04 11:42:52 --> mysqli_sql_exception: Column 'email' cannot be null in /home/877186.cloudwaysapps.com/yvuxeuwabq/public_html/system/Database/MySQLi/Connection.php:292
Stack trace:
#0 /home/877186.cloudwaysapps.com/yvuxeuwabq/public_html/system/Database/MySQLi/Connection.php(292): mysqli->query()
#1 /home/877186.cloudwaysapps.com/yvuxeuwabq/public_html/system/Database/BaseConnection.php(666): CodeIgniter\Database\MySQLi\Connection->execute()
#2 /home/877186.cloudwaysapps.com/yvuxeuwabq/public_html/system/Database/BaseConnection.php(593): CodeIgniter\Database\BaseConnection->simpleQuery()
#3 /home/877186.cloudwaysapps.com/yvuxeuwabq/public_html/system/Database/BaseBuilder.php(1916): CodeIgniter\Database\BaseConnection->query()
#4 /home/877186.cloudwaysapps.com/yvuxeuwabq/public_html/app/Models/UserModel.php(154): CodeIgniter\Database\BaseBuilder->insert()
#5 /home/877186.cloudwaysapps.com/yvuxeuwabq/public_html/app/Controllers/Home.php(230): App\Models\UserModel->track_orders()
#6 /home/877186.cloudwaysapps.com/yvuxeuwabq/public_html/system/CodeIgniter.php(927): App\Controllers\Home->show_all_orders()
#7 /home/877186.cloudwaysapps.com/yvuxeuwabq/public_html/system/CodeIgniter.php(482): CodeIgniter\CodeIgniter->runController()
#8 /home/877186.cloudwaysapps.com/yvuxeuwabq/public_html/system/CodeIgniter.php(351): CodeIgniter\CodeIgniter->handleRequest()
#9 /home/877186.cloudwaysapps.com/yvuxeuwabq/public_html/public/index.php(67): CodeIgniter\CodeIgniter->run()
#10 {main}
ERROR - 2023-01-04 11:44:16 --> mysqli_sql_exception: Column 'email' cannot be null in /home/877186.cloudwaysapps.com/yvuxeuwabq/public_html/system/Database/MySQLi/Connection.php:292
Stack trace:
#0 /home/877186.cloudwaysapps.com/yvuxeuwabq/public_html/system/Database/MySQLi/Connection.php(292): mysqli->query()
#1 /home/877186.cloudwaysapps.com/yvuxeuwabq/public_html/system/Database/BaseConnection.php(666): CodeIgniter\Database\MySQLi\Connection->execute()
#2 /home/877186.cloudwaysapps.com/yvuxeuwabq/public_html/system/Database/BaseConnection.php(593): CodeIgniter\Database\BaseConnection->simpleQuery()
#3 /home/877186.cloudwaysapps.com/yvuxeuwabq/public_html/system/Database/BaseBuilder.php(1916): CodeIgniter\Database\BaseConnection->query()
#4 /home/877186.cloudwaysapps.com/yvuxeuwabq/public_html/app/Models/UserModel.php(154): CodeIgniter\Database\BaseBuilder->insert()
#5 /home/877186.cloudwaysapps.com/yvuxeuwabq/public_html/app/Controllers/Home.php(230): App\Models\UserModel->track_orders()
#6 /home/877186.cloudwaysapps.com/yvuxeuwabq/public_html/system/CodeIgniter.php(927): App\Controllers\Home->show_all_orders()
#7 /home/877186.cloudwaysapps.com/yvuxeuwabq/public_html/system/CodeIgniter.php(482): CodeIgniter\CodeIgniter->runController()
#8 /home/877186.cloudwaysapps.com/yvuxeuwabq/public_html/system/CodeIgniter.php(351): CodeIgniter\CodeIgniter->handleRequest()
#9 /home/877186.cloudwaysapps.com/yvuxeuwabq/public_html/public/index.php(67): CodeIgniter\CodeIgniter->run()
#10 {main}
ERROR - 2023-01-04 11:44:53 --> mysqli_sql_exception: Column 'email' cannot be null in /home/877186.cloudwaysapps.com/yvuxeuwabq/public_html/system/Database/MySQLi/Connection.php:292
Stack trace:
#0 /home/877186.cloudwaysapps.com/yvuxeuwabq/public_html/system/Database/MySQLi/Connection.php(292): mysqli->query()
#1 /home/877186.cloudwaysapps.com/yvuxeuwabq/public_html/system/Database/BaseConnection.php(666): CodeIgniter\Database\MySQLi\Connection->execute()
#2 /home/877186.cloudwaysapps.com/yvuxeuwabq/public_html/system/Database/BaseConnection.php(593): CodeIgniter\Database\BaseConnection->simpleQuery()
#3 /home/877186.cloudwaysapps.com/yvuxeuwabq/public_html/system/Database/BaseBuilder.php(1916): CodeIgniter\Database\BaseConnection->query()
#4 /home/877186.cloudwaysapps.com/yvuxeuwabq/public_html/app/Models/UserModel.php(154): CodeIgniter\Database\BaseBuilder->insert()
#5 /home/877186.cloudwaysapps.com/yvuxeuwabq/public_html/app/Controllers/Home.php(230): App\Models\UserModel->track_orders()
#6 /home/877186.cloudwaysapps.com/yvuxeuwabq/public_html/system/CodeIgniter.php(927): App\Controllers\Home->show_all_orders()
#7 /home/877186.cloudwaysapps.com/yvuxeuwabq/public_html/system/CodeIgniter.php(482): CodeIgniter\CodeIgniter->runController()
#8 /home/877186.cloudwaysapps.com/yvuxeuwabq/public_html/system/CodeIgniter.php(351): CodeIgniter\CodeIgniter->handleRequest()
#9 /home/877186.cloudwaysapps.com/yvuxeuwabq/public_html/public/index.php(67): CodeIgniter\CodeIgniter->run()
#10 {main}
ERROR - 2023-01-04 11:48:44 --> mysqli_sql_exception: Column 'email' cannot be null in /home/877186.cloudwaysapps.com/yvuxeuwabq/public_html/system/Database/MySQLi/Connection.php:292
Stack trace:
#0 /home/877186.cloudwaysapps.com/yvuxeuwabq/public_html/system/Database/MySQLi/Connection.php(292): mysqli->query()
#1 /home/877186.cloudwaysapps.com/yvuxeuwabq/public_html/system/Database/BaseConnection.php(666): CodeIgniter\Database\MySQLi\Connection->execute()
#2 /home/877186.cloudwaysapps.com/yvuxeuwabq/public_html/system/Database/BaseConnection.php(593): CodeIgniter\Database\BaseConnection->simpleQuery()
#3 /home/877186.cloudwaysapps.com/yvuxeuwabq/public_html/system/Database/BaseBuilder.php(1916): CodeIgniter\Database\BaseConnection->query()
#4 /home/877186.cloudwaysapps.com/yvuxeuwabq/public_html/app/Models/UserModel.php(154): CodeIgniter\Database\BaseBuilder->insert()
#5 /home/877186.cloudwaysapps.com/yvuxeuwabq/public_html/app/Controllers/Home.php(230): App\Models\UserModel->track_orders()
#6 /home/877186.cloudwaysapps.com/yvuxeuwabq/public_html/system/CodeIgniter.php(927): App\Controllers\Home->show_all_orders()
#7 /home/877186.cloudwaysapps.com/yvuxeuwabq/public_html/system/CodeIgniter.php(482): CodeIgniter\CodeIgniter->runController()
#8 /home/877186.cloudwaysapps.com/yvuxeuwabq/public_html/system/CodeIgniter.php(351): CodeIgniter\CodeIgniter->handleRequest()
#9 /home/877186.cloudwaysapps.com/yvuxeuwabq/public_html/public/index.php(67): CodeIgniter\CodeIgniter->run()
#10 {main}
ERROR - 2023-01-04 11:49:58 --> mysqli_sql_exception: Column 'email' cannot be null in /home/877186.cloudwaysapps.com/yvuxeuwabq/public_html/system/Database/MySQLi/Connection.php:292
Stack trace:
#0 /home/877186.cloudwaysapps.com/yvuxeuwabq/public_html/system/Database/MySQLi/Connection.php(292): mysqli->query()
#1 /home/877186.cloudwaysapps.com/yvuxeuwabq/public_html/system/Database/BaseConnection.php(666): CodeIgniter\Database\MySQLi\Connection->execute()
#2 /home/877186.cloudwaysapps.com/yvuxeuwabq/public_html/system/Database/BaseConnection.php(593): CodeIgniter\Database\BaseConnection->simpleQuery()
#3 /home/877186.cloudwaysapps.com/yvuxeuwabq/public_html/system/Database/BaseBuilder.php(1916): CodeIgniter\Database\BaseConnection->query()
#4 /home/877186.cloudwaysapps.com/yvuxeuwabq/public_html/app/Models/UserModel.php(154): CodeIgniter\Database\BaseBuilder->insert()
#5 /home/877186.cloudwaysapps.com/yvuxeuwabq/public_html/app/Controllers/Home.php(230): App\Models\UserModel->track_orders()
#6 /home/877186.cloudwaysapps.com/yvuxeuwabq/public_html/system/CodeIgniter.php(927): App\Controllers\Home->show_all_orders()
#7 /home/877186.cloudwaysapps.com/yvuxeuwabq/public_html/system/CodeIgniter.php(482): CodeIgniter\CodeIgniter->runController()
#8 /home/877186.cloudwaysapps.com/yvuxeuwabq/public_html/system/CodeIgniter.php(351): CodeIgniter\CodeIgniter->handleRequest()
#9 /home/877186.cloudwaysapps.com/yvuxeuwabq/public_html/public/index.php(67): CodeIgniter\CodeIgniter->run()
#10 {main}
ERROR - 2023-01-04 11:57:34 --> mysqli_sql_exception: Column 'email' cannot be null in /home/877186.cloudwaysapps.com/yvuxeuwabq/public_html/system/Database/MySQLi/Connection.php:292
Stack trace:
#0 /home/877186.cloudwaysapps.com/yvuxeuwabq/public_html/system/Database/MySQLi/Connection.php(292): mysqli->query()
#1 /home/877186.cloudwaysapps.com/yvuxeuwabq/public_html/system/Database/BaseConnection.php(666): CodeIgniter\Database\MySQLi\Connection->execute()
#2 /home/877186.cloudwaysapps.com/yvuxeuwabq/public_html/system/Database/BaseConnection.php(593): CodeIgniter\Database\BaseConnection->simpleQuery()
#3 /home/877186.cloudwaysapps.com/yvuxeuwabq/public_html/system/Database/BaseBuilder.php(1916): CodeIgniter\Database\BaseConnection->query()
#4 /home/877186.cloudwaysapps.com/yvuxeuwabq/public_html/app/Models/UserModel.php(154): CodeIgniter\Database\BaseBuilder->insert()
#5 /home/877186.cloudwaysapps.com/yvuxeuwabq/public_html/app/Controllers/Home.php(230): App\Models\UserModel->track_orders()
#6 /home/877186.cloudwaysapps.com/yvuxeuwabq/public_html/system/CodeIgniter.php(927): App\Controllers\Home->show_all_orders()
#7 /home/877186.cloudwaysapps.com/yvuxeuwabq/public_html/system/CodeIgniter.php(482): CodeIgniter\CodeIgniter->runController()
#8 /home/877186.cloudwaysapps.com/yvuxeuwabq/public_html/system/CodeIgniter.php(351): CodeIgniter\CodeIgniter->handleRequest()
#9 /home/877186.cloudwaysapps.com/yvuxeuwabq/public_html/public/index.php(67): CodeIgniter\CodeIgniter->run()
#10 {main}
